Tech,Geo class,Depth,Year,Cap cost 1000$/MW,Fixed O&M 1000$/MW-yr,Var O&M $/MWh
egs,1,allkm,2010,7416.28505,167.782428,0
egs,2,allkm,2010,8367.965062,186.985674,0
egs,3,allkm,2010,8663.032186,198.161881,0
egs,4,allkm,2010,8985.842661,210.878651,0
egs,5,allkm,2010,10292.386843,239.245133,0
egs,6,allkm,2010,12157.732731,280.097519,0
egs,7,allkm,2010,12696.496162,270.972801,0
egs,8,allkm,2010,15960.794722,341.945324,0
egs,9,allkm,2010,20939.482255,453.511868,0
egs,10,allkm,2010,20939.482255,453.511868,0
egs,1,nearfield,2010,4452.910091,139.008616,0
egs,2,nearfield,2010,4465.16267,142.210175,0
egs,3,nearfield,2010,5274.162737,159.671346,0
egs,4,nearfield,2010,5301.968948,168.890675,0
egs,5,nearfield,2010,5316.032864,174.300289,0
egs,6,nearfield,2010,6309.112235,210.658935,0
egs,7,nearfield,2010,8042.896887,245.203957,0
egs,8,nearfield,2010,8928.91355,271.99641,0
egs,9,nearfield,2010,11375.299619,337.104431,0
egs,10,nearfield,2010,11375.299619,337.104431,0
geohydro,1,allkm,2010,2499.264602,99.835072,0
geohydro,2,allkm,2010,3118.238669,114.423792,0
geohydro,3,allkm,2010,3326.913675,120.746877,0
geohydro,4,allkm,2010,3867.4007,133.202615,0
geohydro,5,allkm,2010,3603.940159,132.539366,0
geohydro,6,allkm,2010,4343.121031,153.237204,0
geohydro,7,allkm,2010,5458.580885,187.438382,0
geohydro,8,allkm,2010,7059.369219,236.183673,0
geohydro,9,allkm,2010,9778.352936,298.389109,0
geohydro,10,allkm,2010,18924.140011,556.270654,0
egs,1,allkm,2011,7416.28505,167.782428,0
egs,2,allkm,2011,8367.965062,186.985674,0
egs,3,allkm,2011,8663.032186,198.161881,0
egs,4,allkm,2011,8985.842661,210.878651,0
egs,5,allkm,2011,10292.386843,239.245133,0
egs,6,allkm,2011,12157.732731,280.097519,0
egs,7,allkm,2011,12696.496162,270.972801,0
egs,8,allkm,2011,15960.794722,341.945324,0
egs,9,allkm,2011,20939.482255,453.511868,0
egs,10,allkm,2011,20939.482255,453.511868,0
egs,1,nearfield,2011,4452.910091,139.008616,0
egs,2,nearfield,2011,4465.16267,142.210175,0
egs,3,nearfield,2011,5274.162737,159.671346,0
egs,4,nearfield,2011,5301.968948,168.890675,0
egs,5,nearfield,2011,5316.032864,174.300289,0
egs,6,nearfield,2011,6309.112235,210.658935,0
egs,7,nearfield,2011,8042.896887,245.203957,0
egs,8,nearfield,2011,8928.91355,271.99641,0
egs,9,nearfield,2011,11375.299619,337.104431,0
egs,10,nearfield,2011,11375.299619,337.104431,0
geohydro,1,allkm,2011,2499.264602,99.835072,0
geohydro,2,allkm,2011,3118.238669,114.423792,0
geohydro,3,allkm,2011,3326.913675,120.746877,0
geohydro,4,allkm,2011,3867.4007,133.202615,0
geohydro,5,allkm,2011,3603.940159,132.539366,0
geohydro,6,allkm,2011,4343.121031,153.237204,0
geohydro,7,allkm,2011,5458.580885,187.438382,0
geohydro,8,allkm,2011,7059.369219,236.183673,0
geohydro,9,allkm,2011,9778.352936,298.389109,0
geohydro,10,allkm,2011,18924.140011,556.270654,0
egs,1,allkm,2012,7416.28505,167.782428,0
egs,2,allkm,2012,8367.965062,186.985674,0
egs,3,allkm,2012,8663.032186,198.161881,0
egs,4,allkm,2012,8985.842661,210.878651,0
egs,5,allkm,2012,10292.386843,239.245133,0
egs,6,allkm,2012,12157.732731,280.097519,0
egs,7,allkm,2012,12696.496162,270.972801,0
egs,8,allkm,2012,15960.794722,341.945324,0
egs,9,allkm,2012,20939.482255,453.511868,0
egs,10,allkm,2012,20939.482255,453.511868,0
egs,1,nearfield,2012,4452.910091,139.008616,0
egs,2,nearfield,2012,4465.16267,142.210175,0
egs,3,nearfield,2012,5274.162737,159.671346,0
egs,4,nearfield,2012,5301.968948,168.890675,0
egs,5,nearfield,2012,5316.032864,174.300289,0
egs,6,nearfield,2012,6309.112235,210.658935,0
egs,7,nearfield,2012,8042.896887,245.203957,0
egs,8,nearfield,2012,8928.91355,271.99641,0
egs,9,nearfield,2012,11375.299619,337.104431,0
egs,10,nearfield,2012,11375.299619,337.104431,0
geohydro,1,allkm,2012,2499.264602,99.835072,0
geohydro,2,allkm,2012,3118.238669,114.423792,0
geohydro,3,allkm,2012,3326.913675,120.746877,0
geohydro,4,allkm,2012,3867.4007,133.202615,0
geohydro,5,allkm,2012,3603.940159,132.539366,0
geohydro,6,allkm,2012,4343.121031,153.237204,0
geohydro,7,allkm,2012,5458.580885,187.438382,0
geohydro,8,allkm,2012,7059.369219,236.183673,0
geohydro,9,allkm,2012,9778.352936,298.389109,0
geohydro,10,allkm,2012,18924.140011,556.270654,0
egs,1,allkm,2013,7416.28505,167.782428,0
egs,2,allkm,2013,8367.965062,186.985674,0
egs,3,allkm,2013,8663.032186,198.161881,0
egs,4,allkm,2013,8985.842661,210.878651,0
egs,5,allkm,2013,10292.386843,239.245133,0
egs,6,allkm,2013,12157.732731,280.097519,0
egs,7,allkm,2013,12696.496162,270.972801,0
egs,8,allkm,2013,15960.794722,341.945324,0
egs,9,allkm,2013,20939.482255,453.511868,0
egs,10,allkm,2013,20939.482255,453.511868,0
egs,1,nearfield,2013,4452.910091,139.008616,0
egs,2,nearfield,2013,4465.16267,142.210175,0
egs,3,nearfield,2013,5274.162737,159.671346,0
egs,4,nearfield,2013,5301.968948,168.890675,0
egs,5,nearfield,2013,5316.032864,174.300289,0
egs,6,nearfield,2013,6309.112235,210.658935,0
egs,7,nearfield,2013,8042.896887,245.203957,0
egs,8,nearfield,2013,8928.91355,271.99641,0
egs,9,nearfield,2013,11375.299619,337.104431,0
egs,10,nearfield,2013,11375.299619,337.104431,0
geohydro,1,allkm,2013,2499.264602,99.835072,0
geohydro,2,allkm,2013,3118.238669,114.423792,0
geohydro,3,allkm,2013,3326.913675,120.746877,0
geohydro,4,allkm,2013,3867.4007,133.202615,0
geohydro,5,allkm,2013,3603.940159,132.539366,0
geohydro,6,allkm,2013,4343.121031,153.237204,0
geohydro,7,allkm,2013,5458.580885,187.438382,0
geohydro,8,allkm,2013,7059.369219,236.183673,0
geohydro,9,allkm,2013,9778.352936,298.389109,0
geohydro,10,allkm,2013,18924.140011,556.270654,0
egs,1,allkm,2014,7416.28505,167.782428,0
egs,2,allkm,2014,8367.965062,186.985674,0
egs,3,allkm,2014,8663.032186,198.161881,0
egs,4,allkm,2014,8985.842661,210.878651,0
egs,5,allkm,2014,10292.386843,239.245133,0
egs,6,allkm,2014,12157.732731,280.097519,0
egs,7,allkm,2014,12696.496162,270.972801,0
egs,8,allkm,2014,15960.794722,341.945324,0
egs,9,allkm,2014,20939.482255,453.511868,0
egs,10,allkm,2014,20939.482255,453.511868,0
egs,1,nearfield,2014,4452.910091,139.008616,0
egs,2,nearfield,2014,4465.16267,142.210175,0
egs,3,nearfield,2014,5274.162737,159.671346,0
egs,4,nearfield,2014,5301.968948,168.890675,0
egs,5,nearfield,2014,5316.032864,174.300289,0
egs,6,nearfield,2014,6309.112235,210.658935,0
egs,7,nearfield,2014,8042.896887,245.203957,0
egs,8,nearfield,2014,8928.91355,271.99641,0
egs,9,nearfield,2014,11375.299619,337.104431,0
egs,10,nearfield,2014,11375.299619,337.104431,0
geohydro,1,allkm,2014,2499.264602,99.835072,0
geohydro,2,allkm,2014,3118.238669,114.423792,0
geohydro,3,allkm,2014,3326.913675,120.746877,0
geohydro,4,allkm,2014,3867.4007,133.202615,0
geohydro,5,allkm,2014,3603.940159,132.539366,0
geohydro,6,allkm,2014,4343.121031,153.237204,0
geohydro,7,allkm,2014,5458.580885,187.438382,0
geohydro,8,allkm,2014,7059.369219,236.183673,0
geohydro,9,allkm,2014,9778.352936,298.389109,0
geohydro,10,allkm,2014,18924.140011,556.270654,0
egs,1,allkm,2015,7416.28505,167.782428,0
egs,2,allkm,2015,8367.965062,186.985674,0
egs,3,allkm,2015,8663.032186,198.161881,0
egs,4,allkm,2015,8985.842661,210.878651,0
egs,5,allkm,2015,10292.386843,239.245133,0
egs,6,allkm,2015,12157.732731,280.097519,0
egs,7,allkm,2015,12696.496162,270.972801,0
egs,8,allkm,2015,15960.794722,341.945324,0
egs,9,allkm,2015,20939.482255,453.511868,0
egs,10,allkm,2015,20939.482255,453.511868,0
egs,1,nearfield,2015,4452.910091,139.008616,0
egs,2,nearfield,2015,4465.16267,142.210175,0
egs,3,nearfield,2015,5274.162737,159.671346,0
egs,4,nearfield,2015,5301.968948,168.890675,0
egs,5,nearfield,2015,5316.032864,174.300289,0
egs,6,nearfield,2015,6309.112235,210.658935,0
egs,7,nearfield,2015,8042.896887,245.203957,0
egs,8,nearfield,2015,8928.91355,271.99641,0
egs,9,nearfield,2015,11375.299619,337.104431,0
egs,10,nearfield,2015,11375.299619,337.104431,0
geohydro,1,allkm,2015,2499.264602,99.835072,0
geohydro,2,allkm,2015,3118.238669,114.423792,0
geohydro,3,allkm,2015,3326.913675,120.746877,0
geohydro,4,allkm,2015,3867.4007,133.202615,0
geohydro,5,allkm,2015,3603.940159,132.539366,0
geohydro,6,allkm,2015,4343.121031,153.237204,0
geohydro,7,allkm,2015,5458.580885,187.438382,0
geohydro,8,allkm,2015,7059.369219,236.183673,0
geohydro,9,allkm,2015,9778.352936,298.389109,0
geohydro,10,allkm,2015,18924.140011,556.270654,0
egs,1,allkm,2016,7416.28505,167.782428,0
egs,2,allkm,2016,8367.965062,186.985674,0
egs,3,allkm,2016,8663.032186,198.161881,0
egs,4,allkm,2016,8985.842661,210.878651,0
egs,5,allkm,2016,10292.386843,239.245133,0
egs,6,allkm,2016,12157.732731,280.097519,0
egs,7,allkm,2016,12696.496162,270.972801,0
egs,8,allkm,2016,15960.794722,341.945324,0
egs,9,allkm,2016,20939.482255,453.511868,0
egs,10,allkm,2016,20939.482255,453.511868,0
egs,1,nearfield,2016,4452.910091,139.008616,0
egs,2,nearfield,2016,4465.16267,142.210175,0
egs,3,nearfield,2016,5274.162737,159.671346,0
egs,4,nearfield,2016,5301.968948,168.890675,0
egs,5,nearfield,2016,5316.032864,174.300289,0
egs,6,nearfield,2016,6309.112235,210.658935,0
egs,7,nearfield,2016,8042.896887,245.203957,0
egs,8,nearfield,2016,8928.91355,271.99641,0
egs,9,nearfield,2016,11375.299619,337.104431,0
egs,10,nearfield,2016,11375.299619,337.104431,0
geohydro,1,allkm,2016,2499.264602,99.835072,0
geohydro,2,allkm,2016,3118.238669,114.423792,0
geohydro,3,allkm,2016,3326.913675,120.746877,0
geohydro,4,allkm,2016,3867.4007,133.202615,0
geohydro,5,allkm,2016,3603.940159,132.539366,0
geohydro,6,allkm,2016,4343.121031,153.237204,0
geohydro,7,allkm,2016,5458.580885,187.438382,0
geohydro,8,allkm,2016,7059.369219,236.183673,0
geohydro,9,allkm,2016,9778.352936,298.389109,0
geohydro,10,allkm,2016,18924.140011,556.270654,0
egs,1,allkm,2017,7416.28505,167.782428,0
egs,2,allkm,2017,8367.965062,186.985674,0
egs,3,allkm,2017,8663.032186,198.161881,0
egs,4,allkm,2017,8985.842661,210.878651,0
egs,5,allkm,2017,10292.386843,239.245133,0
egs,6,allkm,2017,12157.732731,280.097519,0
egs,7,allkm,2017,12696.496162,270.972801,0
egs,8,allkm,2017,15960.794722,341.945324,0
egs,9,allkm,2017,20939.482255,453.511868,0
egs,10,allkm,2017,20939.482255,453.511868,0
egs,1,nearfield,2017,4452.910091,139.008616,0
egs,2,nearfield,2017,4465.16267,142.210175,0
egs,3,nearfield,2017,5274.162737,159.671346,0
egs,4,nearfield,2017,5301.968948,168.890675,0
egs,5,nearfield,2017,5316.032864,174.300289,0
egs,6,nearfield,2017,6309.112235,210.658935,0
egs,7,nearfield,2017,8042.896887,245.203957,0
egs,8,nearfield,2017,8928.91355,271.99641,0
egs,9,nearfield,2017,11375.299619,337.104431,0
egs,10,nearfield,2017,11375.299619,337.104431,0
geohydro,1,allkm,2017,2499.264602,99.835072,0
geohydro,2,allkm,2017,3118.238669,114.423792,0
geohydro,3,allkm,2017,3326.913675,120.746877,0
geohydro,4,allkm,2017,3867.4007,133.202615,0
geohydro,5,allkm,2017,3603.940159,132.539366,0
geohydro,6,allkm,2017,4343.121031,153.237204,0
geohydro,7,allkm,2017,5458.580885,187.438382,0
geohydro,8,allkm,2017,7059.369219,236.183673,0
geohydro,9,allkm,2017,9778.352936,298.389109,0
geohydro,10,allkm,2017,18924.140011,556.270654,0
egs,1,allkm,2018,7416.28505,167.782428,0
egs,2,allkm,2018,8367.965062,186.985674,0
egs,3,allkm,2018,8663.032186,198.161881,0
egs,4,allkm,2018,8985.842661,210.878651,0
egs,5,allkm,2018,10292.386843,239.245133,0
egs,6,allkm,2018,12157.732731,280.097519,0
egs,7,allkm,2018,12696.496162,270.972801,0
egs,8,allkm,2018,15960.794722,341.945324,0
egs,9,allkm,2018,20939.482255,453.511868,0
egs,10,allkm,2018,20939.482255,453.511868,0
egs,1,nearfield,2018,4452.910091,139.008616,0
egs,2,nearfield,2018,4465.16267,142.210175,0
egs,3,nearfield,2018,5274.162737,159.671346,0
egs,4,nearfield,2018,5301.968948,168.890675,0
egs,5,nearfield,2018,5316.032864,174.300289,0
egs,6,nearfield,2018,6309.112235,210.658935,0
egs,7,nearfield,2018,8042.896887,245.203957,0
egs,8,nearfield,2018,8928.91355,271.99641,0
egs,9,nearfield,2018,11375.299619,337.104431,0
egs,10,nearfield,2018,11375.299619,337.104431,0
geohydro,1,allkm,2018,2499.264602,99.835072,0
geohydro,2,allkm,2018,3118.238669,114.423792,0
geohydro,3,allkm,2018,3326.913675,120.746877,0
geohydro,4,allkm,2018,3867.4007,133.202615,0
geohydro,5,allkm,2018,3603.940159,132.539366,0
geohydro,6,allkm,2018,4343.121031,153.237204,0
geohydro,7,allkm,2018,5458.580885,187.438382,0
geohydro,8,allkm,2018,7059.369219,236.183673,0
geohydro,9,allkm,2018,9778.352936,298.389109,0
geohydro,10,allkm,2018,18924.140011,556.270654,0
egs,1,allkm,2019,7416.28505,167.782428,0
egs,2,allkm,2019,8367.965062,186.985674,0
egs,3,allkm,2019,8663.032186,198.161881,0
egs,4,allkm,2019,8985.842661,210.878651,0
egs,5,allkm,2019,10292.386843,239.245133,0
egs,6,allkm,2019,12157.732731,280.097519,0
egs,7,allkm,2019,12696.496162,270.972801,0
egs,8,allkm,2019,15960.794722,341.945324,0
egs,9,allkm,2019,20939.482255,453.511868,0
egs,10,allkm,2019,20939.482255,453.511868,0
egs,1,nearfield,2019,4452.910091,139.008616,0
egs,2,nearfield,2019,4465.16267,142.210175,0
egs,3,nearfield,2019,5274.162737,159.671346,0
egs,4,nearfield,2019,5301.968948,168.890675,0
egs,5,nearfield,2019,5316.032864,174.300289,0
egs,6,nearfield,2019,6309.112235,210.658935,0
egs,7,nearfield,2019,8042.896887,245.203957,0
egs,8,nearfield,2019,8928.91355,271.99641,0
egs,9,nearfield,2019,11375.299619,337.104431,0
egs,10,nearfield,2019,11375.299619,337.104431,0
geohydro,1,allkm,2019,2499.264602,99.835072,0
geohydro,2,allkm,2019,3118.238669,114.423792,0
geohydro,3,allkm,2019,3326.913675,120.746877,0
geohydro,4,allkm,2019,3867.4007,133.202615,0
geohydro,5,allkm,2019,3603.940159,132.539366,0
geohydro,6,allkm,2019,4343.121031,153.237204,0
geohydro,7,allkm,2019,5458.580885,187.438382,0
geohydro,8,allkm,2019,7059.369219,236.183673,0
geohydro,9,allkm,2019,9778.352936,298.389109,0
geohydro,10,allkm,2019,18924.140011,556.270654,0
egs,1,allkm,2020,7416.28505,167.782428,0
egs,2,allkm,2020,8367.965062,186.985674,0
egs,3,allkm,2020,8663.032186,198.161881,0
egs,4,allkm,2020,8985.842661,210.878651,0
egs,5,allkm,2020,10292.386843,239.245133,0
egs,6,allkm,2020,12157.732731,280.097519,0
egs,7,allkm,2020,12696.496162,270.972801,0
egs,8,allkm,2020,15960.794722,341.945324,0
egs,9,allkm,2020,20939.482255,453.511868,0
egs,10,allkm,2020,20939.482255,453.511868,0
egs,1,nearfield,2020,4452.910091,139.008616,0
egs,2,nearfield,2020,4465.16267,142.210175,0
egs,3,nearfield,2020,5274.162737,159.671346,0
egs,4,nearfield,2020,5301.968948,168.890675,0
egs,5,nearfield,2020,5316.032864,174.300289,0
egs,6,nearfield,2020,6309.112235,210.658935,0
egs,7,nearfield,2020,8042.896887,245.203957,0
egs,8,nearfield,2020,8928.91355,271.99641,0
egs,9,nearfield,2020,11375.299619,337.104431,0
egs,10,nearfield,2020,11375.299619,337.104431,0
geohydro,1,allkm,2020,2499.264602,99.835072,0
geohydro,2,allkm,2020,3118.238669,114.423792,0
geohydro,3,allkm,2020,3326.913675,120.746877,0
geohydro,4,allkm,2020,3867.4007,133.202615,0
geohydro,5,allkm,2020,3603.940159,132.539366,0
geohydro,6,allkm,2020,4343.121031,153.237204,0
geohydro,7,allkm,2020,5458.580885,187.438382,0
geohydro,8,allkm,2020,7059.369219,236.183673,0
geohydro,9,allkm,2020,9778.352936,298.389109,0
geohydro,10,allkm,2020,18924.140011,556.270654,0
egs,1,allkm,2021,7416.28505,167.782428,0
egs,2,allkm,2021,8367.965062,186.985674,0
egs,3,allkm,2021,8663.032186,198.161881,0
egs,4,allkm,2021,8985.842661,210.878651,0
egs,5,allkm,2021,10292.386843,239.245133,0
egs,6,allkm,2021,12157.732731,280.097519,0
egs,7,allkm,2021,12696.496162,270.972801,0
egs,8,allkm,2021,15960.794722,341.945324,0
egs,9,allkm,2021,20939.482255,453.511868,0
egs,10,allkm,2021,20939.482255,453.511868,0
egs,1,nearfield,2021,4452.910091,139.008616,0
egs,2,nearfield,2021,4465.16267,142.210175,0
egs,3,nearfield,2021,5274.162737,159.671346,0
egs,4,nearfield,2021,5301.968948,168.890675,0
egs,5,nearfield,2021,5316.032864,174.300289,0
egs,6,nearfield,2021,6309.112235,210.658935,0
egs,7,nearfield,2021,8042.896887,245.203957,0
egs,8,nearfield,2021,8928.91355,271.99641,0
egs,9,nearfield,2021,11375.299619,337.104431,0
egs,10,nearfield,2021,11375.299619,337.104431,0
geohydro,1,allkm,2021,2499.264602,99.835072,0
geohydro,2,allkm,2021,3118.238669,114.423792,0
geohydro,3,allkm,2021,3326.913675,120.746877,0
geohydro,4,allkm,2021,3867.4007,133.202615,0
geohydro,5,allkm,2021,3603.940159,132.539366,0
geohydro,6,allkm,2021,4343.121031,153.237204,0
geohydro,7,allkm,2021,5458.580885,187.438382,0
geohydro,8,allkm,2021,7059.369219,236.183673,0
geohydro,9,allkm,2021,9778.352936,298.389109,0
geohydro,10,allkm,2021,18924.140011,556.270654,0
egs,1,allkm,2022,7416.28505,167.782428,0
egs,2,allkm,2022,8367.965062,186.985674,0
egs,3,allkm,2022,8663.032186,198.161881,0
egs,4,allkm,2022,8985.842661,210.878651,0
egs,5,allkm,2022,10292.386843,239.245133,0
egs,6,allkm,2022,12157.732731,280.097519,0
egs,7,allkm,2022,12696.496162,270.972801,0
egs,8,allkm,2022,15960.794722,341.945324,0
egs,9,allkm,2022,20939.482255,453.511868,0
egs,10,allkm,2022,20939.482255,453.511868,0
egs,1,nearfield,2022,4452.910091,139.008616,0
egs,2,nearfield,2022,4465.16267,142.210175,0
egs,3,nearfield,2022,5274.162737,159.671346,0
egs,4,nearfield,2022,5301.968948,168.890675,0
egs,5,nearfield,2022,5316.032864,174.300289,0
egs,6,nearfield,2022,6309.112235,210.658935,0
egs,7,nearfield,2022,8042.896887,245.203957,0
egs,8,nearfield,2022,8928.91355,271.99641,0
egs,9,nearfield,2022,11375.299619,337.104431,0
egs,10,nearfield,2022,11375.299619,337.104431,0
geohydro,1,allkm,2022,2499.264602,99.835072,0
geohydro,2,allkm,2022,3118.238669,114.423792,0
geohydro,3,allkm,2022,3326.913675,120.746877,0
geohydro,4,allkm,2022,3867.4007,133.202615,0
geohydro,5,allkm,2022,3603.940159,132.539366,0
geohydro,6,allkm,2022,4343.121031,153.237204,0
geohydro,7,allkm,2022,5458.580885,187.438382,0
geohydro,8,allkm,2022,7059.369219,236.183673,0
geohydro,9,allkm,2022,9778.352936,298.389109,0
geohydro,10,allkm,2022,18924.140011,556.270654,0
egs,1,allkm,2023,7416.28505,167.782428,0
egs,2,allkm,2023,8367.965062,186.985674,0
egs,3,allkm,2023,8663.032186,198.161881,0
egs,4,allkm,2023,8985.842661,210.878651,0
egs,5,allkm,2023,10292.386843,239.245133,0
egs,6,allkm,2023,12157.732731,280.097519,0
egs,7,allkm,2023,12696.496162,270.972801,0
egs,8,allkm,2023,15960.794722,341.945324,0
egs,9,allkm,2023,20939.482255,453.511868,0
egs,10,allkm,2023,20939.482255,453.511868,0
egs,1,nearfield,2023,4452.910091,139.008616,0
egs,2,nearfield,2023,4465.16267,142.210175,0
egs,3,nearfield,2023,5274.162737,159.671346,0
egs,4,nearfield,2023,5301.968948,168.890675,0
egs,5,nearfield,2023,5316.032864,174.300289,0
egs,6,nearfield,2023,6309.112235,210.658935,0
egs,7,nearfield,2023,8042.896887,245.203957,0
egs,8,nearfield,2023,8928.91355,271.99641,0
egs,9,nearfield,2023,11375.299619,337.104431,0
egs,10,nearfield,2023,11375.299619,337.104431,0
geohydro,1,allkm,2023,2499.264602,99.835072,0
geohydro,2,allkm,2023,3118.238669,114.423792,0
geohydro,3,allkm,2023,3326.913675,120.746877,0
geohydro,4,allkm,2023,3867.4007,133.202615,0
geohydro,5,allkm,2023,3603.940159,132.539366,0
geohydro,6,allkm,2023,4343.121031,153.237204,0
geohydro,7,allkm,2023,5458.580885,187.438382,0
geohydro,8,allkm,2023,7059.369219,236.183673,0
geohydro,9,allkm,2023,9778.352936,298.389109,0
geohydro,10,allkm,2023,18924.140011,556.270654,0
egs,1,allkm,2024,6981.319893,161.808383,0
egs,2,allkm,2024,7875.449273,180.110346,0
egs,3,allkm,2024,8166.662392,191.059549,0
egs,4,allkm,2024,8487.431245,203.580633,0
egs,5,allkm,2024,9722.435187,230.823627,0
egs,6,allkm,2024,11486.813293,270.086727,0
egs,7,allkm,2024,11998.899889,259.438546,0
egs,8,allkm,2024,15075.49974,326.53422,0
egs,9,allkm,2024,19783.57039,432.760097,0
egs,10,allkm,2024,19783.57039,432.760097,0
egs,1,nearfield,2024,4256.477686,135.320272,0
egs,2,nearfield,2024,4276.968521,138.606757,0
egs,3,nearfield,2024,5042.072853,155.386248,0
egs,4,nearfield,2024,5095.69786,164.914744,0
egs,5,nearfield,2024,5125.245667,170.530571,0
egs,6,nearfield,2024,6108.443912,206.578383,0
egs,7,nearfield,2024,7741.230305,237.427128,0
egs,8,nearfield,2024,8595.67673,263.281473,0
egs,9,nearfield,2024,10938.223153,325.817404,0
egs,10,nearfield,2024,10938.223153,325.817404,0
geohydro,1,allkm,2024,2478.474628,99.359254,0
geohydro,2,allkm,2024,3074.932235,113.623681,0
geohydro,3,allkm,2024,3280.814038,119.89477,0
geohydro,4,allkm,2024,3799.960488,132.025008,0
geohydro,5,allkm,2024,3565.983825,131.792573,0
geohydro,6,allkm,2024,4290.63577,152.268425,0
geohydro,7,allkm,2024,5352.072399,183.986064,0
geohydro,8,allkm,2024,6890.48344,230.713669,0
geohydro,9,allkm,2024,9481.574652,289.962613,0
geohydro,10,allkm,2024,18165.382468,535.123214,0
egs,1,allkm,2025,6546.354736,155.834338,0
egs,2,allkm,2025,7382.933484,173.235018,0
egs,3,allkm,2025,7670.292598,183.957217,0
egs,4,allkm,2025,7989.019829,196.282616,0
egs,5,allkm,2025,9152.483531,222.402121,0
egs,6,allkm,2025,10815.893856,260.075934,0
egs,7,allkm,2025,11301.303617,247.904291,0
egs,8,allkm,2025,14190.204759,311.123116,0
egs,9,allkm,2025,18627.658525,412.008326,0
egs,10,allkm,2025,18627.658525,412.008326,0
egs,1,nearfield,2025,4060.04528,131.631927,0
egs,2,nearfield,2025,4088.774372,135.003339,0
egs,3,nearfield,2025,4809.982968,151.10115,0
egs,4,nearfield,2025,4889.426771,160.938813,0
egs,5,nearfield,2025,4934.458469,166.760852,0
egs,6,nearfield,2025,5907.77559,202.497831,0
egs,7,nearfield,2025,7439.563723,229.6503,0
egs,8,nearfield,2025,8262.43991,254.566537,0
egs,9,nearfield,2025,10501.146686,314.530377,0
egs,10,nearfield,2025,10501.146686,314.530377,0
geohydro,1,allkm,2025,2457.684655,98.883436,0
geohydro,2,allkm,2025,3031.625802,112.82357,0
geohydro,3,allkm,2025,3234.714401,119.042663,0
geohydro,4,allkm,2025,3732.520275,130.847401,0
geohydro,5,allkm,2025,3528.027492,131.045781,0
geohydro,6,allkm,2025,4238.150509,151.299646,0
geohydro,7,allkm,2025,5245.563913,180.533746,0
geohydro,8,allkm,2025,6721.59766,225.243665,0
geohydro,9,allkm,2025,9184.796367,281.536118,0
geohydro,10,allkm,2025,17406.624925,513.975775,0
egs,1,allkm,2026,6111.389579,149.860293,0
egs,2,allkm,2026,6890.417695,166.35969,0
egs,3,allkm,2026,7173.922803,176.854886,0
egs,4,allkm,2026,7490.608414,188.984599,0
egs,5,allkm,2026,8582.531875,213.980615,0
egs,6,allkm,2026,10144.974419,250.065142,0
egs,7,allkm,2026,10603.707345,236.370035,0
egs,8,allkm,2026,13304.909778,295.712012,0
egs,9,allkm,2026,17471.746661,391.256555,0
egs,10,allkm,2026,17471.746661,391.256555,0
egs,1,nearfield,2026,3863.612874,127.943582,0
egs,2,nearfield,2026,3900.580224,131.399922,0
egs,3,nearfield,2026,4577.893084,146.816052,0
egs,4,nearfield,2026,4683.155683,156.962883,0
egs,5,nearfield,2026,4743.671271,162.991134,0
egs,6,nearfield,2026,5707.107267,198.417279,0
egs,7,nearfield,2026,7137.897141,221.873471,0
egs,8,nearfield,2026,7929.20309,245.8516,0
egs,9,nearfield,2026,10064.07022,303.24335,0
egs,10,nearfield,2026,10064.07022,303.24335,0
geohydro,1,allkm,2026,2436.894682,98.407618,0
geohydro,2,allkm,2026,2988.319368,112.02346,0
geohydro,3,allkm,2026,3188.614764,118.190556,0
geohydro,4,allkm,2026,3665.080063,129.669794,0
geohydro,5,allkm,2026,3490.071158,130.298989,0
geohydro,6,allkm,2026,4185.665247,150.330868,0
geohydro,7,allkm,2026,5139.055426,177.081429,0
geohydro,8,allkm,2026,6552.711881,219.773661,0
geohydro,9,allkm,2026,8888.018083,273.109623,0
geohydro,10,allkm,2026,16647.867382,492.828335,0
egs,1,allkm,2027,5676.424422,143.886248,0
egs,2,allkm,2027,6397.901906,159.484362,0
egs,3,allkm,2027,6677.553009,169.752554,0
egs,4,allkm,2027,6992.196998,181.686582,0
egs,5,allkm,2027,8012.580218,205.559109,0
egs,6,allkm,2027,9474.054981,240.054349,0
egs,7,allkm,2027,9906.111072,224.83578,0
egs,8,allkm,2027,12419.614797,280.300908,0
egs,9,allkm,2027,16315.834796,370.504784,0
egs,10,allkm,2027,16315.834796,370.504784,0
egs,1,nearfield,2027,3667.180469,124.255238,0
egs,2,nearfield,2027,3712.386075,127.796504,0
egs,3,nearfield,2027,4345.8032,142.530955,0
egs,4,nearfield,2027,4476.884594,152.986952,0
egs,5,nearfield,2027,4552.884073,159.221416,0
egs,6,nearfield,2027,5506.438945,194.336727,0
egs,7,nearfield,2027,6836.230559,214.096643,0
egs,8,nearfield,2027,7595.966271,237.136663,0
egs,9,nearfield,2027,9626.993754,291.956323,0
egs,10,nearfield,2027,9626.993754,291.956323,0
geohydro,1,allkm,2027,2416.104708,97.9318,0
geohydro,2,allkm,2027,2945.012934,111.223349,0
geohydro,3,allkm,2027,3142.515127,117.33845,0
geohydro,4,allkm,2027,3597.639851,128.492187,0
geohydro,5,allkm,2027,3452.114824,129.552196,0
geohydro,6,allkm,2027,4133.179986,149.362089,0
geohydro,7,allkm,2027,5032.54694,173.629111,0
geohydro,8,allkm,2027,6383.826102,214.303657,0
geohydro,9,allkm,2027,8591.239798,264.683128,0
geohydro,10,allkm,2027,15889.109839,471.680895,0
egs,1,allkm,2028,5241.459265,137.912203,0
egs,2,allkm,2028,5905.386117,152.609034,0
egs,3,allkm,2028,6181.183215,162.650222,0
egs,4,allkm,2028,6493.785582,174.388565,0
egs,5,allkm,2028,7442.628562,197.137603,0
egs,6,allkm,2028,8803.135544,230.043557,0
egs,7,allkm,2028,9208.5148,213.301525,0
egs,8,allkm,2028,11534.319816,264.889804,0
egs,9,allkm,2028,15159.922931,349.753013,0
egs,10,allkm,2028,15159.922931,349.753013,0
egs,1,nearfield,2028,3470.748063,120.566893,0
egs,2,nearfield,2028,3524.191927,124.193086,0
egs,3,nearfield,2028,4113.713315,138.245857,0
egs,4,nearfield,2028,4270.613506,149.011022,0
egs,5,nearfield,2028,4362.096875,155.451697,0
egs,6,nearfield,2028,5305.770622,190.256175,0
egs,7,nearfield,2028,6534.563977,206.319815,0
egs,8,nearfield,2028,7262.729451,228.421727,0
egs,9,nearfield,2028,9189.917288,280.669295,0
egs,10,nearfield,2028,9189.917288,280.669295,0
geohydro,1,allkm,2028,2395.314735,97.455982,0
geohydro,2,allkm,2028,2901.7065,110.423238,0
geohydro,3,allkm,2028,3096.415491,116.486343,0
geohydro,4,allkm,2028,3530.199638,127.314581,0
geohydro,5,allkm,2028,3414.15849,128.805404,0
geohydro,6,allkm,2028,4080.694725,148.39331,0
geohydro,7,allkm,2028,4926.038453,170.176793,0
geohydro,8,allkm,2028,6214.940323,208.833654,0
geohydro,9,allkm,2028,8294.461514,256.256633,0
geohydro,10,allkm,2028,15130.352296,450.533455,0
egs,1,allkm,2029,4806.494108,131.938158,0
egs,2,allkm,2029,5412.870329,145.733707,0
egs,3,allkm,2029,5684.81342,155.54789,0
egs,4,allkm,2029,5995.374167,167.090548,0
egs,5,allkm,2029,6872.676906,188.716097,0
egs,6,allkm,2029,8132.216106,220.032765,0
egs,7,allkm,2029,8510.918527,201.76727,0
egs,8,allkm,2029,10649.024835,249.4787,0
egs,9,allkm,2029,14004.011066,329.001242,0
egs,10,allkm,2029,14004.011066,329.001242,0
egs,1,nearfield,2029,3274.315657,116.878549,0
egs,2,nearfield,2029,3335.997778,120.589668,0
egs,3,nearfield,2029,3881.623431,133.960759,0
egs,4,nearfield,2029,4064.342417,145.035091,0
egs,5,nearfield,2029,4171.309677,151.681979,0
egs,6,nearfield,2029,5105.1023,186.175623,0
egs,7,nearfield,2029,6232.897395,198.542986,0
egs,8,nearfield,2029,6929.492631,219.70679,0
egs,9,nearfield,2029,8752.840821,269.382268,0
egs,10,nearfield,2029,8752.840821,269.382268,0
geohydro,1,allkm,2029,2374.524762,96.980164,0
geohydro,2,allkm,2029,2858.400067,109.623128,0
geohydro,3,allkm,2029,3050.315854,115.634236,0
geohydro,4,allkm,2029,3462.759426,126.136974,0
geohydro,5,allkm,2029,3376.202156,128.058612,0
geohydro,6,allkm,2029,4028.209464,147.424531,0
geohydro,7,allkm,2029,4819.529967,166.724476,0
geohydro,8,allkm,2029,6046.054544,203.36365,0
geohydro,9,allkm,2029,7997.68323,247.830137,0
geohydro,10,allkm,2029,14371.594753,429.386015,0
egs,1,allkm,2030,4371.528951,125.964113,0
egs,2,allkm,2030,4920.35454,138.858379,0
egs,3,allkm,2030,5188.443626,148.445558,0
egs,4,allkm,2030,5496.962751,159.79253,0
egs,5,allkm,2030,6302.72525,180.294591,0
egs,6,allkm,2030,7461.296669,210.021972,0
egs,7,allkm,2030,7813.322255,190.233015,0
egs,8,allkm,2030,9763.729853,234.067596,0
egs,9,allkm,2030,12848.099201,308.249471,0
egs,10,allkm,2030,12848.099201,308.249471,0
egs,1,nearfield,2030,3077.883252,113.190204,0
egs,2,nearfield,2030,3147.803629,116.98625,0
egs,3,nearfield,2030,3649.533547,129.675661,0
egs,4,nearfield,2030,3858.071329,141.05916,0
egs,5,nearfield,2030,3980.522479,147.91226,0
egs,6,nearfield,2030,4904.433977,182.095071,0
egs,7,nearfield,2030,5931.230813,190.766158,0
egs,8,nearfield,2030,6596.255811,210.991854,0
egs,9,nearfield,2030,8315.764355,258.095241,0
egs,10,nearfield,2030,8315.764355,258.095241,0
geohydro,1,allkm,2030,2353.734788,96.504346,0
geohydro,2,allkm,2030,2815.093633,108.823017,0
geohydro,3,allkm,2030,3004.216217,114.782129,0
geohydro,4,allkm,2030,3395.319213,124.959367,0
geohydro,5,allkm,2030,3338.245822,127.311819,0
geohydro,6,allkm,2030,3975.724203,146.455752,0
geohydro,7,allkm,2030,4713.021481,163.272158,0
geohydro,8,allkm,2030,5877.168765,197.893646,0
geohydro,9,allkm,2030,7700.904945,239.403642,0
geohydro,10,allkm,2030,13612.83721,408.238575,0
egs,1,allkm,2031,3936.563794,119.990068,0
egs,2,allkm,2031,4427.838751,131.983051,0
egs,3,allkm,2031,4692.073832,141.343226,0
egs,4,allkm,2031,4998.551335,152.494513,0
egs,5,allkm,2031,5732.773594,171.873085,0
egs,6,allkm,2031,6790.377232,200.01118,0
egs,7,allkm,2031,7115.725983,178.698759,0
egs,8,allkm,2031,8878.434872,218.656492,0
egs,9,allkm,2031,11692.187337,287.4977,0
egs,10,allkm,2031,11692.187337,287.4977,0
egs,1,nearfield,2031,2881.450846,109.501859,0
egs,2,nearfield,2031,2959.609481,113.382832,0
egs,3,nearfield,2031,3417.443662,125.390563,0
egs,4,nearfield,2031,3651.80024,137.08323,0
egs,5,nearfield,2031,3789.735281,144.142542,0
egs,6,nearfield,2031,4703.765654,178.014519,0
egs,7,nearfield,2031,5629.564231,182.989329,0
egs,8,nearfield,2031,6263.018992,202.276917,0
egs,9,nearfield,2031,7878.687889,246.808214,0
egs,10,nearfield,2031,7878.687889,246.808214,0
geohydro,1,allkm,2031,2332.944815,96.028528,0
geohydro,2,allkm,2031,2771.787199,108.022906,0
geohydro,3,allkm,2031,2958.11658,113.930022,0
geohydro,4,allkm,2031,3327.879001,123.78176,0
geohydro,5,allkm,2031,3300.289488,126.565027,0
geohydro,6,allkm,2031,3923.238941,145.486974,0
geohydro,7,allkm,2031,4606.512994,159.81984,0
geohydro,8,allkm,2031,5708.282985,192.423642,0
geohydro,9,allkm,2031,7404.126661,230.977147,0
geohydro,10,allkm,2031,12854.079667,387.091135,0
egs,1,allkm,2032,3501.598636,114.016023,0
egs,2,allkm,2032,3935.322962,125.107723,0
egs,3,allkm,2032,4195.704037,134.240895,0
egs,4,allkm,2032,4500.13992,145.196496,0
egs,5,allkm,2032,5162.821938,163.451579,0
egs,6,allkm,2032,6119.457794,190.000387,0
egs,7,allkm,2032,6418.12971,167.164504,0
egs,8,allkm,2032,7993.139891,203.245388,0
egs,9,allkm,2032,10536.275472,266.745929,0
egs,10,allkm,2032,10536.275472,266.745929,0
egs,1,nearfield,2032,2685.01844,105.813515,0
egs,2,nearfield,2032,2771.415332,109.779415,0
egs,3,nearfield,2032,3185.353778,121.105466,0
egs,4,nearfield,2032,3445.529151,133.107299,0
egs,5,nearfield,2032,3598.948084,140.372824,0
egs,6,nearfield,2032,4503.097332,173.933967,0
egs,7,nearfield,2032,5327.89765,175.212501,0
egs,8,nearfield,2032,5929.782172,193.561981,0
egs,9,nearfield,2032,7441.611422,235.521187,0
egs,10,nearfield,2032,7441.611422,235.521187,0
geohydro,1,allkm,2032,2312.154842,95.552709,0
geohydro,2,allkm,2032,2728.480766,107.222796,0
geohydro,3,allkm,2032,2912.016943,113.077915,0
geohydro,4,allkm,2032,3260.438788,122.604153,0
geohydro,5,allkm,2032,3262.333155,125.818235,0
geohydro,6,allkm,2032,3870.75368,144.518195,0
geohydro,7,allkm,2032,4500.004508,156.367522,0
geohydro,8,allkm,2032,5539.397206,186.953639,0
geohydro,9,allkm,2032,7107.348376,222.550652,0
geohydro,10,allkm,2032,12095.322124,365.943695,0
egs,1,allkm,2033,3066.633479,108.041978,0
egs,2,allkm,2033,3442.807173,118.232395,0
egs,3,allkm,2033,3699.334243,127.138563,0
egs,4,allkm,2033,4001.728504,137.898479,0
egs,5,allkm,2033,4592.870282,155.030073,0
egs,6,allkm,2033,5448.538357,179.989595,0
egs,7,allkm,2033,5720.533438,155.630249,0
egs,8,allkm,2033,7107.84491,187.834284,0
egs,9,allkm,2033,9380.363607,245.994158,0
egs,10,allkm,2033,9380.363607,245.994158,0
egs,1,nearfield,2033,2488.586034,102.12517,0
egs,2,nearfield,2033,2583.221184,106.175997,0
egs,3,nearfield,2033,2953.263894,116.820368,0
egs,4,nearfield,2033,3239.258063,129.131368,0
egs,5,nearfield,2033,3408.160886,136.603105,0
egs,6,nearfield,2033,4302.429009,169.853415,0
egs,7,nearfield,2033,5026.231068,167.435672,0
egs,8,nearfield,2033,5596.545352,184.847044,0
egs,9,nearfield,2033,7004.534956,224.23416,0
egs,10,nearfield,2033,7004.534956,224.23416,0
geohydro,1,allkm,2033,2291.364868,95.076891,0
geohydro,2,allkm,2033,2685.174332,106.422685,0
geohydro,3,allkm,2033,2865.917306,112.225808,0
geohydro,4,allkm,2033,3192.998576,121.426547,0
geohydro,5,allkm,2033,3224.376821,125.071442,0
geohydro,6,allkm,2033,3818.268419,143.549416,0
geohydro,7,allkm,2033,4393.496021,152.915205,0
geohydro,8,allkm,2033,5370.511427,181.483635,0
geohydro,9,allkm,2033,6810.570092,214.124157,0
geohydro,10,allkm,2033,11336.564581,344.796255,0
egs,1,allkm,2034,2631.668322,102.067934,0
egs,2,allkm,2034,2950.291384,111.357067,0
egs,3,allkm,2034,3202.964449,120.036231,0
egs,4,allkm,2034,3503.317088,130.600462,0
egs,5,allkm,2034,4022.918625,146.608567,0
egs,6,allkm,2034,4777.61892,169.978803,0
egs,7,allkm,2034,5022.937165,144.095994,0
egs,8,allkm,2034,6222.549929,172.42318,0
egs,9,allkm,2034,8224.451742,225.242387,0
egs,10,allkm,2034,8224.451742,225.242387,0
egs,1,nearfield,2034,2292.153629,98.436826,0
egs,2,nearfield,2034,2395.027035,102.572579,0
egs,3,nearfield,2034,2721.174009,112.53527,0
egs,4,nearfield,2034,3032.986974,125.155438,0
egs,5,nearfield,2034,3217.373688,132.833387,0
egs,6,nearfield,2034,4101.760687,165.772863,0
egs,7,nearfield,2034,4724.564486,159.658844,0
egs,8,nearfield,2034,5263.308533,176.132107,0
egs,9,nearfield,2034,6567.45849,212.947133,0
egs,10,nearfield,2034,6567.45849,212.947133,0
geohydro,1,allkm,2034,2270.574895,94.601073,0
geohydro,2,allkm,2034,2641.867898,105.622574,0
geohydro,3,allkm,2034,2819.817669,111.373701,0
geohydro,4,allkm,2034,3125.558364,120.24894,0
geohydro,5,allkm,2034,3186.420487,124.32465,0
geohydro,6,allkm,2034,3765.783158,142.580637,0
geohydro,7,allkm,2034,4286.987535,149.462887,0
geohydro,8,allkm,2034,5201.625648,176.013631,0
geohydro,9,allkm,2034,6513.791808,205.697661,0
geohydro,10,allkm,2034,10577.807038,323.648816,0
egs,1,allkm,2035,2196.703165,96.093889,0
egs,2,allkm,2035,2457.775595,104.481739,0
egs,3,allkm,2035,2706.594655,112.933899,0
egs,4,allkm,2035,3004.905672,123.302444,0
egs,5,allkm,2035,3452.966969,138.187061,0
egs,6,allkm,2035,4106.699482,159.96801,0
egs,7,allkm,2035,4325.340893,132.561739,0
egs,8,allkm,2035,5337.254948,157.012076,0
egs,9,allkm,2035,7068.539878,204.490616,0
egs,10,allkm,2035,7068.539878,204.490616,0
egs,1,nearfield,2035,2095.721223,94.748481,0
egs,2,nearfield,2035,2206.832887,98.969161,0
egs,3,nearfield,2035,2489.084125,108.250172,0
egs,4,nearfield,2035,2826.715886,121.179507,0
egs,5,nearfield,2035,3026.58649,129.063668,0
egs,6,nearfield,2035,3901.092364,161.692311,0
egs,7,nearfield,2035,4422.897904,151.882015,0
egs,8,nearfield,2035,4930.071713,167.417171,0
egs,9,nearfield,2035,6130.382023,201.660105,0
egs,10,nearfield,2035,6130.382023,201.660105,0
geohydro,1,allkm,2035,2249.784922,94.125255,0
geohydro,2,allkm,2035,2598.561464,104.822464,0
geohydro,3,allkm,2035,2773.718032,110.521595,0
geohydro,4,allkm,2035,3058.118151,119.071333,0
geohydro,5,allkm,2035,3148.464153,123.577857,0
geohydro,6,allkm,2035,3713.297897,141.611858,0
geohydro,7,allkm,2035,4180.479048,146.010569,0
geohydro,8,allkm,2035,5032.739869,170.543627,0
geohydro,9,allkm,2035,6217.013523,197.271166,0
geohydro,10,allkm,2035,9819.049495,302.501376,0
egs,1,allkm,2036,2185.719649,95.613419,0
egs,2,allkm,2036,2445.486717,103.95933,0
egs,3,allkm,2036,2693.061681,112.36923,0
egs,4,allkm,2036,2989.881144,122.685932,0
egs,5,allkm,2036,3435.702134,137.496125,0
egs,6,allkm,2036,4086.165985,159.16817,0
egs,7,allkm,2036,4303.714189,131.89893,0
egs,8,allkm,2036,5310.568673,156.227015,0
egs,9,allkm,2036,7033.197178,203.468163,0
egs,10,allkm,2036,7033.197178,203.468163,0
egs,1,nearfield,2036,2085.242617,94.274739,0
egs,2,nearfield,2036,2195.798722,98.474315,0
egs,3,nearfield,2036,2476.638705,107.708921,0
egs,4,nearfield,2036,2812.582306,120.573609,0
egs,5,nearfield,2036,3011.453557,128.41835,0
egs,6,nearfield,2036,3881.586902,160.88385,0
egs,7,nearfield,2036,4400.783414,151.122605,0
egs,8,nearfield,2036,4905.421354,166.580085,0
egs,9,nearfield,2036,6099.730113,200.651805,0
egs,10,nearfield,2036,6099.730113,200.651805,0
geohydro,1,allkm,2036,2238.535997,93.654629,0
geohydro,2,allkm,2036,2585.568657,104.298351,0
geohydro,3,allkm,2036,2759.849442,109.968987,0
geohydro,4,allkm,2036,3042.82756,118.475976,0
geohydro,5,allkm,2036,3132.721832,122.959968,0
geohydro,6,allkm,2036,3694.731407,140.903799,0
geohydro,7,allkm,2036,4159.576653,145.280517,0
geohydro,8,allkm,2036,5007.576169,169.690909,0
geohydro,9,allkm,2036,6185.928456,196.28481,0
geohydro,10,allkm,2036,9769.954248,300.988869,0
egs,1,allkm,2037,2174.791051,95.135352,0
egs,2,allkm,2037,2433.259283,103.439534,0
egs,3,allkm,2037,2679.596373,111.807384,0
egs,4,allkm,2037,2974.931738,122.072502,0
egs,5,allkm,2037,3418.523624,136.808645,0
egs,6,allkm,2037,4065.735155,158.372329,0
egs,7,allkm,2037,4282.195618,131.239435,0
egs,8,allkm,2037,5284.01583,155.44588,0
egs,9,allkm,2037,6998.031192,202.450822,0
egs,10,allkm,2037,6998.031192,202.450822,0
egs,1,nearfield,2037,2074.816404,93.803365,0
egs,2,nearfield,2037,2184.819729,97.981944,0
egs,3,nearfield,2037,2464.255511,107.170377,0
egs,4,nearfield,2037,2798.519395,119.970741,0
egs,5,nearfield,2037,2996.39629,127.776258,0
egs,6,nearfield,2037,3862.178968,160.07943,0
egs,7,nearfield,2037,4378.779497,150.366992,0
egs,8,nearfield,2037,4880.894247,165.747185,0
egs,9,nearfield,2037,6069.231463,199.648546,0
egs,10,nearfield,2037,6069.231463,199.648546,0
geohydro,1,allkm,2037,2227.343317,93.186356,0
geohydro,2,allkm,2037,2572.640814,103.776859,0
geohydro,3,allkm,2037,2746.050195,109.419142,0
geohydro,4,allkm,2037,3027.613423,117.883596,0
geohydro,5,allkm,2037,3117.058223,122.345168,0
geohydro,6,allkm,2037,3676.25775,140.19928,0
geohydro,7,allkm,2037,4138.77877,144.554114,0
geohydro,8,allkm,2037,4982.538289,168.842455,0
geohydro,9,allkm,2037,6154.998813,195.303386,0
geohydro,10,allkm,2037,9721.104476,299.483924,0
egs,1,allkm,2038,2163.917096,94.659675,0
egs,2,allkm,2038,2421.092987,102.922336,0
egs,3,allkm,2038,2666.198391,111.248347,0
egs,4,allkm,2038,2960.05708,121.46214,0
egs,5,allkm,2038,3401.431006,136.124602,0
egs,6,allkm,2038,4045.406479,157.580468,0
egs,7,allkm,2038,4260.78464,130.583238,0
egs,8,allkm,2038,5257.59575,154.668651,0
egs,9,allkm,2038,6963.041036,201.438568,0
egs,10,allkm,2038,6963.041036,201.438568,0
egs,1,nearfield,2038,2064.442322,93.334348,0
egs,2,nearfield,2038,2173.89563,97.492034,0
egs,3,nearfield,2038,2451.934233,106.634525,0
egs,4,nearfield,2038,2784.526798,119.370888,0
egs,5,nearfield,2038,2981.414308,127.137377,0
egs,6,nearfield,2038,3842.868073,159.279033,0
egs,7,nearfield,2038,4356.8856,149.615157,0
egs,8,nearfield,2038,4856.489776,164.918449,0
egs,9,nearfield,2038,6038.885305,198.650303,0
egs,10,nearfield,2038,6038.885305,198.650303,0
geohydro,1,allkm,2038,2216.206601,92.720424,0
geohydro,2,allkm,2038,2559.77761,103.257975,0
geohydro,3,allkm,2038,2732.319944,108.872046,0
geohydro,4,allkm,2038,3012.475356,117.294178,0
geohydro,5,allkm,2038,3101.472932,121.733443,0
geohydro,6,allkm,2038,3657.876461,139.498284,0
geohydro,7,allkm,2038,4118.084876,143.831343,0
geohydro,8,allkm,2038,4957.625597,167.998242,0
geohydro,9,allkm,2038,6124.223819,194.326869,0
geohydro,10,allkm,2038,9672.498954,297.986505,0
egs,1,allkm,2039,2153.09751,94.186377,0
egs,2,allkm,2039,2408.987522,102.407724,0
egs,3,allkm,2039,2652.867399,110.692105,0
egs,4,allkm,2039,2945.256794,120.854829,0
egs,5,allkm,2039,3384.423851,135.443979,0
egs,6,allkm,2039,4025.179447,156.792565,0
egs,7,allkm,2039,4239.480716,129.930322,0
egs,8,allkm,2039,5231.307772,153.895307,0
egs,9,allkm,2039,6928.225831,200.431375,0
egs,10,allkm,2039,6928.225831,200.431375,0
egs,1,nearfield,2039,2054.12011,92.867676,0
egs,2,nearfield,2039,2163.026152,97.004574,0
egs,3,nearfield,2039,2439.674562,106.101352,0
egs,4,nearfield,2039,2770.604164,118.774033,0
egs,5,nearfield,2039,2966.507237,126.50169,0
egs,6,nearfield,2039,3823.653733,158.482638,0
egs,7,nearfield,2039,4335.101172,148.867082,0
egs,8,nearfield,2039,4832.207327,164.093856,0
egs,9,nearfield,2039,6008.690879,197.657052,0
egs,10,nearfield,2039,6008.690879,197.657052,0
geohydro,1,allkm,2039,2205.125568,92.256822,0
geohydro,2,allkm,2039,2546.978722,102.741685,0
geohydro,3,allkm,2039,2718.658344,108.327686,0
geohydro,4,allkm,2039,2997.412979,116.707708,0
geohydro,5,allkm,2039,3085.965567,121.124775,0
geohydro,6,allkm,2039,3639.587079,138.800792,0
geohydro,7,allkm,2039,4097.494452,143.112187,0
geohydro,8,allkm,2039,4932.837469,167.158251,0
geohydro,9,allkm,2039,6093.6027,193.355235,0
geohydro,10,allkm,2039,9624.136459,296.496572,0
egs,1,allkm,2040,2142.332023,93.715445,0
egs,2,allkm,2040,2396.942584,101.895686,0
egs,3,allkm,2040,2639.603062,110.138644,0
egs,4,allkm,2040,2930.53051,120.250555,0
egs,5,allkm,2040,3367.501731,134.766759,0
egs,6,allkm,2040,4005.053549,156.008602,0
egs,7,allkm,2040,4218.283313,129.28067,0
egs,8,allkm,2040,5205.151233,153.125831,0
egs,9,allkm,2040,6893.584702,199.429218,0
egs,10,allkm,2040,6893.584702,199.429218,0
egs,1,nearfield,2040,2043.84951,92.403338,0
egs,2,nearfield,2040,2152.211021,96.519551,0
egs,3,nearfield,2040,2427.476189,105.570846,0
egs,4,nearfield,2040,2756.751143,118.180163,0
egs,5,nearfield,2040,2951.674701,125.869182,0
egs,6,nearfield,2040,3804.535464,157.690225,0
egs,7,nearfield,2040,4313.425666,148.122746,0
egs,8,nearfield,2040,4808.046291,163.273387,0
egs,9,nearfield,2040,5978.647424,196.668766,0
egs,10,nearfield,2040,5978.647424,196.668766,0
geohydro,1,allkm,2040,2194.09994,91.795538,0
geohydro,2,allkm,2040,2534.243828,102.227977,0
geohydro,3,allkm,2040,2705.065052,107.786047,0
geohydro,4,allkm,2040,2982.425914,116.124169,0
geohydro,5,allkm,2040,3070.535739,120.519151,0
geohydro,6,allkm,2040,3621.389144,138.106788,0
geohydro,7,allkm,2040,4077.006979,142.396626,0
geohydro,8,allkm,2040,4908.173282,166.32246,0
geohydro,9,allkm,2040,6063.134687,192.388459,0
geohydro,10,allkm,2040,9576.015777,295.014089,0
egs,1,allkm,2041,2131.620363,93.246868,0
egs,2,allkm,2041,2384.957871,101.386207,0
egs,3,allkm,2041,2626.405047,109.587951,0
egs,4,allkm,2041,2915.877858,119.649302,0
egs,5,allkm,2041,3350.664223,134.092925,0
egs,6,allkm,2041,3985.028282,155.228559,0
egs,7,allkm,2041,4197.191896,128.634267,0
egs,8,allkm,2041,5179.125477,152.360202,0
egs,9,allkm,2041,6859.116779,198.432072,0
egs,10,allkm,2041,6859.116779,198.432072,0
egs,1,nearfield,2041,2033.630262,91.941321,0
egs,2,nearfield,2041,2141.449966,96.036953,0
egs,3,nearfield,2041,2415.338809,105.042991,0
egs,4,nearfield,2041,2742.967387,117.589262,0
egs,5,nearfield,2041,2936.916327,125.239836,0
egs,6,nearfield,2041,3785.512787,156.901774,0
egs,7,nearfield,2041,4291.858538,147.382132,0
egs,8,nearfield,2041,4784.006059,162.45702,0
egs,9,nearfield,2041,5948.754187,195.685423,0
egs,10,nearfield,2041,5948.754187,195.685423,0
geohydro,1,allkm,2041,2183.12944,91.33656,0
geohydro,2,allkm,2041,2521.572609,101.716837,0
geohydro,3,allkm,2041,2691.539727,107.247117,0
geohydro,4,allkm,2041,2967.513784,115.543548,0
geohydro,5,allkm,2041,3055.183061,119.916556,0
geohydro,6,allkm,2041,3603.282198,137.416254,0
geohydro,7,allkm,2041,4056.621945,141.684643,0
geohydro,8,allkm,2041,4883.632415,165.490848,0
geohydro,9,allkm,2041,6032.819013,191.426517,0
geohydro,10,allkm,2041,9528.135698,293.539019,0
egs,1,allkm,2042,2120.962261,92.780633,0
egs,2,allkm,2042,2373.033082,100.879276,0
egs,3,allkm,2042,2613.273022,109.040011,0
egs,4,allkm,2042,2901.298468,119.051056,0
egs,5,allkm,2042,3333.910902,133.42246,0
egs,6,allkm,2042,3965.10314,154.452417,0
egs,7,allkm,2042,4176.205937,127.991096,0
egs,8,allkm,2042,5153.229849,151.598401,0
egs,9,allkm,2042,6824.821195,197.439912,0
egs,10,allkm,2042,6824.821195,197.439912,0
egs,1,nearfield,2042,2023.462111,91.481615,0
egs,2,nearfield,2042,2130.742716,95.556769,0
egs,3,nearfield,2042,2403.262114,104.517776,0
egs,4,nearfield,2042,2729.25255,117.001316,0
egs,5,nearfield,2042,2922.231745,124.613637,0
egs,6,nearfield,2042,3766.585223,156.117265,0
egs,7,nearfield,2042,4270.399245,146.645222,0
egs,8,nearfield,2042,4760.086029,161.644735,0
egs,9,nearfield,2042,5919.010416,194.706995,0
egs,10,nearfield,2042,5919.010416,194.706995,0
geohydro,1,allkm,2042,2172.213793,90.879877,0
geohydro,2,allkm,2042,2508.964746,101.208253,0
geohydro,3,allkm,2042,2678.082028,106.710881,0
geohydro,4,allkm,2042,2952.676215,114.96583,0
geohydro,5,allkm,2042,3039.907145,119.316973,0
geohydro,6,allkm,2042,3585.265787,136.729173,0
geohydro,7,allkm,2042,4036.338835,140.976219,0
geohydro,8,allkm,2042,4859.214253,164.663393,0
geohydro,9,allkm,2042,6002.654918,190.469384,0
geohydro,10,allkm,2042,9480.495019,292.071324,0
egs,1,allkm,2043,2110.35745,92.31673,0
egs,2,allkm,2043,2361.167917,100.37488,0
egs,3,allkm,2043,2600.206656,108.494811,0
egs,4,allkm,2043,2886.791976,118.455801,0
egs,5,allkm,2043,3317.241347,132.755348,0
egs,6,allkm,2043,3945.277625,153.680155,0
egs,7,allkm,2043,4155.324907,127.35114,0
egs,8,allkm,2043,5127.4637,150.840409,0
egs,9,allkm,2043,6790.697089,196.452712,0
egs,10,allkm,2043,6790.697089,196.452712,0
egs,1,nearfield,2043,2013.3448,91.024207,0
egs,2,nearfield,2043,2120.089002,95.078985,0
egs,3,nearfield,2043,2391.245804,103.995188,0
egs,4,nearfield,2043,2715.606288,116.416309,0
egs,5,nearfield,2043,2907.620587,123.990568,0
egs,6,nearfield,2043,3747.752297,155.336679,0
egs,7,nearfield,2043,4249.047249,145.911996,0
egs,8,nearfield,2043,4736.285599,160.836511,0
egs,9,nearfield,2043,5889.415364,193.733461,0
egs,10,nearfield,2043,5889.415364,193.733461,0
geohydro,1,allkm,2043,2161.352724,90.425478,0
geohydro,2,allkm,2043,2496.419922,100.702212,0
geohydro,3,allkm,2043,2664.691618,106.177327,0
geohydro,4,allkm,2043,2937.912834,114.391001,0
geohydro,5,allkm,2043,3024.70761,118.720388,0
geohydro,6,allkm,2043,3567.339458,136.045527,0
geohydro,7,allkm,2043,4016.157141,140.271338,0
geohydro,8,allkm,2043,4834.918182,163.840076,0
geohydro,9,allkm,2043,5972.641643,189.517037,0
geohydro,10,allkm,2043,9433.092544,290.610967,0
egs,1,allkm,2044,2099.805662,91.855147,0
egs,2,allkm,2044,2349.362077,99.873006,0
egs,3,allkm,2044,2587.205623,107.952337,0
egs,4,allkm,2044,2872.358016,117.863522,0
egs,5,allkm,2044,3300.65514,132.091571,0
egs,6,allkm,2044,3925.551237,152.911754,0
egs,7,allkm,2044,4134.548283,126.714384,0
egs,8,allkm,2044,5101.826382,150.086207,0
egs,9,allkm,2044,6756.743603,195.470449,0
egs,10,allkm,2044,6756.743603,195.470449,0
egs,1,nearfield,2044,2003.278076,90.569086,0
egs,2,nearfield,2044,2109.488557,94.60359,0
egs,3,nearfield,2044,2379.289575,103.475212,0
egs,4,nearfield,2044,2702.028256,115.834228,0
egs,5,nearfield,2044,2893.082484,123.370616,0
egs,6,nearfield,2044,3729.013535,154.559995,0
egs,7,nearfield,2044,4227.802012,145.182436,0
egs,8,nearfield,2044,4712.604171,160.032329,0
egs,9,nearfield,2044,5859.968287,192.764793,0
egs,10,nearfield,2044,5859.968287,192.764793,0
geohydro,1,allkm,2044,2150.54596,89.973351,0
geohydro,2,allkm,2044,2483.937822,100.1987,0
geohydro,3,allkm,2044,2651.36816,105.64644,0
geohydro,4,allkm,2044,2923.22327,113.819046,0
geohydro,5,allkm,2044,3009.584072,118.126786,0
geohydro,6,allkm,2044,3549.502761,135.3653,0
geohydro,7,allkm,2044,3996.076355,139.569982,0
geohydro,8,allkm,2044,4810.743591,163.020876,0
geohydro,9,allkm,2044,5942.778435,188.569452,0
geohydro,10,allkm,2044,9385.927082,289.157912,0
egs,1,allkm,2045,2089.306634,91.395871,0
egs,2,allkm,2045,2337.615267,99.37364,0
egs,3,allkm,2045,2574.269595,107.412576,0
egs,4,allkm,2045,2857.996226,117.274204,0
egs,5,allkm,2045,3284.151865,131.431113,0
egs,6,allkm,2045,3905.92348,152.147195,0
egs,7,allkm,2045,4113.875541,126.080813,0
egs,8,allkm,2045,5076.31725,149.335776,0
egs,9,allkm,2045,6722.959885,194.493097,0
egs,10,allkm,2045,6722.959885,194.493097,0
egs,1,nearfield,2045,1993.261686,90.11624,0
egs,2,nearfield,2045,2098.941115,94.130572,0
egs,3,nearfield,2045,2367.393127,102.957836,0
egs,4,nearfield,2045,2688.518115,115.255057,0
egs,5,nearfield,2045,2878.617071,122.753763,0
egs,6,nearfield,2045,3710.368467,153.787195,0
egs,7,nearfield,2045,4206.663002,144.456523,0
egs,8,nearfield,2045,4689.04115,159.232167,0
egs,9,nearfield,2045,5830.668446,191.800969,0
egs,10,nearfield,2045,5830.668446,191.800969,0
geohydro,1,allkm,2045,2139.793231,89.523484,0
geohydro,2,allkm,2045,2471.518133,99.697707,0
geohydro,3,allkm,2045,2638.111319,105.118208,0
geohydro,4,allkm,2045,2908.607154,113.249951,0
geohydro,5,allkm,2045,2994.536151,117.536152,0
geohydro,6,allkm,2045,3531.755247,134.688473,0
geohydro,7,allkm,2045,3976.095973,138.872132,0
geohydro,8,allkm,2045,4786.689873,162.205772,0
geohydro,9,allkm,2045,5913.064543,187.626605,0
geohydro,10,allkm,2045,9338.997446,287.712123,0
egs,1,allkm,2046,2078.860101,90.938892,0
egs,2,allkm,2046,2325.92719,98.876772,0
egs,3,allkm,2046,2561.398247,106.875513,0
egs,4,allkm,2046,2843.706245,116.687833,0
egs,5,allkm,2046,3267.731105,130.773958,0
egs,6,allkm,2046,3886.393863,151.386459,0
egs,7,allkm,2046,4093.306163,125.450408,0
egs,8,allkm,2046,5050.935663,148.589097,0
egs,9,allkm,2046,6689.345086,193.520631,0
egs,10,allkm,2046,6689.345086,193.520631,0
egs,1,nearfield,2046,1983.295378,89.665659,0
egs,2,nearfield,2046,2088.446409,93.659919,0
egs,3,nearfield,2046,2355.556161,102.443046,0
egs,4,nearfield,2046,2675.075524,114.678781,0
egs,5,nearfield,2046,2864.223986,122.139994,0
egs,6,nearfield,2046,3691.816625,153.018259,0
egs,7,nearfield,2046,4185.629687,143.734241,0
egs,8,nearfield,2046,4665.595944,158.436006,0
egs,9,nearfield,2046,5801.515104,190.841964,0
egs,10,nearfield,2046,5801.515104,190.841964,0
geohydro,1,allkm,2046,2129.094264,89.075866,0
geohydro,2,allkm,2046,2459.160543,99.199218,0
geohydro,3,allkm,2046,2624.920763,104.592617,0
geohydro,4,allkm,2046,2894.064118,112.683701,0
geohydro,5,allkm,2046,2979.563471,116.948471,0
geohydro,6,allkm,2046,3514.096471,134.015031,0
geohydro,7,allkm,2046,3956.215493,138.177771,0
geohydro,8,allkm,2046,4762.756424,161.394743,0
geohydro,9,allkm,2046,5883.49922,186.688472,0
geohydro,10,allkm,2046,9292.302459,286.273562,0
egs,1,allkm,2047,2068.4658,90.484197,0
egs,2,allkm,2047,2314.297554,98.382388,0
egs,3,allkm,2047,2548.591256,106.341135,0
egs,4,allkm,2047,2829.487714,116.104394,0
egs,5,allkm,2047,3251.39245,130.120088,0
egs,6,allkm,2047,3866.961894,150.629527,0
egs,7,allkm,2047,4072.839633,124.823156,0
egs,8,allkm,2047,5025.680985,147.846151,0
egs,9,allkm,2047,6655.89836,192.553028,0
egs,10,allkm,2047,6655.89836,192.553028,0
egs,1,nearfield,2047,1973.378901,89.217331,0
egs,2,nearfield,2047,2078.004177,93.191619,0
egs,3,nearfield,2047,2343.778381,101.930831,0
egs,4,nearfield,2047,2661.700147,114.105388,0
egs,5,nearfield,2047,2849.902866,121.529294,0
egs,6,nearfield,2047,3673.357542,152.253168,0
egs,7,nearfield,2047,4164.701539,143.01557,0
egs,8,nearfield,2047,4642.267964,157.643826,0
egs,9,nearfield,2047,5772.507528,189.887755,0
egs,10,nearfield,2047,5772.507528,189.887755,0
geohydro,1,allkm,2047,2118.448793,88.630487,0
geohydro,2,allkm,2047,2446.86474,98.703222,0
geohydro,3,allkm,2047,2611.796159,104.069654,0
geohydro,4,allkm,2047,2879.593797,112.120283,0
geohydro,5,allkm,2047,2964.665653,116.363729,0
geohydro,6,allkm,2047,3496.525988,133.344956,0
geohydro,7,allkm,2047,3936.434416,137.486882,0
geohydro,8,allkm,2047,4738.942642,160.587769,0
geohydro,9,allkm,2047,5854.081724,185.755029,0
geohydro,10,allkm,2047,9245.840947,284.842194,0
egs,1,allkm,2048,2058.123471,90.031776,0
egs,2,allkm,2048,2302.726066,97.890476,0
egs,3,allkm,2048,2535.8483,105.809429,0
egs,4,allkm,2048,2815.340275,115.523872,0
egs,5,allkm,2048,3235.135488,129.469488,0
egs,6,allkm,2048,3847.627084,149.876379,0
egs,7,allkm,2048,4052.475434,124.199041,0
egs,8,allkm,2048,5000.55258,147.106921,0
egs,9,allkm,2048,6622.618869,191.590263,0
egs,10,allkm,2048,6622.618869,191.590263,0
egs,1,nearfield,2048,1963.512006,88.771244,0
egs,2,nearfield,2048,2067.614156,92.725661,0
egs,3,nearfield,2048,2332.059489,101.421177,0
egs,4,nearfield,2048,2648.391646,113.534861,0
egs,5,nearfield,2048,2835.653352,120.921647,0
egs,6,nearfield,2048,3654.990754,151.491902,0
egs,7,nearfield,2048,4143.878031,142.300492,0
egs,8,nearfield,2048,4619.056625,156.855607,0
egs,9,nearfield,2048,5743.644991,188.938316,0
egs,10,nearfield,2048,5743.644991,188.938316,0
geohydro,1,allkm,2048,2107.856549,88.187335,0
geohydro,2,allkm,2048,2434.630416,98.209706,0
geohydro,3,allkm,2048,2598.737178,103.549306,0
geohydro,4,allkm,2048,2865.195828,111.559681,0
geohydro,5,allkm,2048,2949.842325,115.78191,0
geohydro,6,allkm,2048,3479.043358,132.678231,0
geohydro,7,allkm,2048,3916.752244,136.799448,0
geohydro,8,allkm,2048,4715.247928,159.78483,0
geohydro,9,allkm,2048,5824.811316,184.826254,0
geohydro,10,allkm,2048,9199.611742,283.417983,0
egs,1,allkm,2049,2047.832854,89.581617,0
egs,2,allkm,2049,2291.212436,97.401024,0
egs,3,allkm,2049,2523.169058,105.280382,0
egs,4,allkm,2049,2801.263574,114.946252,0
egs,5,allkm,2049,3218.95981,128.82214,0
egs,6,allkm,2049,3828.388949,149.126997,0
egs,7,allkm,2049,4032.213057,123.578045,0
egs,8,allkm,2049,4975.549817,146.371386,0
egs,9,allkm,2049,6589.505774,190.632312,0
egs,10,allkm,2049,6589.505774,190.632312,0
egs,1,nearfield,2049,1953.694446,88.327388,0
egs,2,nearfield,2049,2057.276085,92.262033,0
egs,3,nearfield,2049,2320.399191,100.914071,0
egs,4,nearfield,2049,2635.149688,112.967186,0
egs,5,nearfield,2049,2821.475085,120.317039,0
egs,6,nearfield,2049,3636.7158,150.734443,0
egs,7,nearfield,2049,4123.158641,141.588989,0
egs,8,nearfield,2049,4595.961342,156.071329,0
egs,9,nearfield,2049,5714.926766,187.993624,0
egs,10,nearfield,2049,5714.926766,187.993624,0
geohydro,1,allkm,2049,2097.317266,87.746398,0
geohydro,2,allkm,2049,2422.457264,97.718658,0
geohydro,3,allkm,2049,2585.743492,103.031559,0
geohydro,4,allkm,2049,2850.869849,111.001883,0
geohydro,5,allkm,2049,2935.093113,115.203001,0
geohydro,6,allkm,2049,3461.648142,132.01484,0
geohydro,7,allkm,2049,3897.168483,136.115451,0
geohydro,8,allkm,2049,4691.671689,158.985906,0
geohydro,9,allkm,2049,5795.687259,183.902123,0
geohydro,10,allkm,2049,9153.613683,282.000894,0
egs,1,allkm,2050,2037.59369,89.133709,0
egs,2,allkm,2050,2279.756374,96.914019,0
egs,3,allkm,2050,2510.553213,104.75398,0
egs,4,allkm,2050,2787.257256,114.371521,0
egs,5,allkm,2050,3202.865011,128.178029,0
egs,6,allkm,2050,3809.247004,148.381362,0
egs,7,allkm,2050,4012.051992,122.960155,0
egs,8,allkm,2050,4950.672068,145.639529,0
egs,9,allkm,2050,6556.558245,189.67915,0
egs,10,allkm,2050,6556.558245,189.67915,0
egs,1,nearfield,2050,1943.925974,87.885751,0
egs,2,nearfield,2050,2046.989705,91.800723,0
egs,3,nearfield,2050,2308.797195,100.409501,0
egs,4,nearfield,2050,2621.973939,112.40235,0
egs,5,nearfield,2050,2807.367709,119.715454,0
egs,6,nearfield,2050,3618.532221,149.98077,0
egs,7,nearfield,2050,4102.542848,140.881044,0
egs,8,nearfield,2050,4572.981535,155.290972,0
egs,9,nearfield,2050,5686.352132,187.053656,0
egs,10,nearfield,2050,5686.352132,187.053656,0
geohydro,1,allkm,2050,2086.83068,87.307666,0
geohydro,2,allkm,2050,2410.344978,97.230064,0
geohydro,3,allkm,2050,2572.814775,102.516401,0
geohydro,4,allkm,2050,2836.6155,110.446874,0
geohydro,5,allkm,2050,2920.417648,114.626986,0
geohydro,6,allkm,2050,3444.339901,131.354765,0
geohydro,7,allkm,2050,3877.68264,135.434873,0
geohydro,8,allkm,2050,4668.21333,158.190977,0
geohydro,9,allkm,2050,5766.708823,182.982612,0
geohydro,10,allkm,2050,9107.845615,280.590889,0
egs,1,allkm,2051,2027.405721,88.688041,0
egs,2,allkm,2051,2268.357592,96.429449,0
egs,3,allkm,2051,2498.000447,104.230211,0
egs,4,allkm,2051,2773.32097,113.799664,0
egs,5,allkm,2051,3186.850686,127.537139,0
egs,6,allkm,2051,3790.200769,147.639455,0
egs,7,allkm,2051,3991.991732,122.345354,0
egs,8,allkm,2051,4925.918708,144.911331,0
egs,9,allkm,2051,6523.775454,188.730754,0
egs,10,allkm,2051,6523.775454,188.730754,0
egs,1,nearfield,2051,1934.206344,87.446322,0
egs,2,nearfield,2051,2036.754756,91.341719,0
egs,3,nearfield,2051,2297.253209,99.907453,0
egs,4,nearfield,2051,2608.86407,111.840339,0
egs,5,nearfield,2051,2793.330871,119.116877,0
egs,6,nearfield,2051,3600.43956,149.230867,0
egs,7,nearfield,2051,4082.030134,140.176639,0
egs,8,nearfield,2051,4550.116627,154.514518,0
egs,9,nearfield,2051,5657.920371,186.118388,0
egs,10,nearfield,2051,5657.920371,186.118388,0
geohydro,1,allkm,2051,2076.396527,86.871128,0
geohydro,2,allkm,2051,2398.293253,96.743914,0
geohydro,3,allkm,2051,2559.950701,102.003819,0
geohydro,4,allkm,2051,2822.432423,109.894639,0
geohydro,5,allkm,2051,2905.815559,114.053851,0
geohydro,6,allkm,2051,3427.118201,130.697992,0
geohydro,7,allkm,2051,3858.294227,134.757699,0
geohydro,8,allkm,2051,4644.872264,157.400022,0
geohydro,9,allkm,2051,5737.875279,182.067699,0
geohydro,10,allkm,2051,9062.306387,279.187935,0
egs,1,allkm,2052,2017.268693,88.2446,0
egs,2,allkm,2052,2257.015804,95.947302,0
egs,3,allkm,2052,2485.510444,103.709059,0
egs,4,allkm,2052,2759.454365,113.230665,0
egs,5,allkm,2052,3170.916433,126.899454,0
egs,6,allkm,2052,3771.249765,146.901258,0
egs,7,allkm,2052,3972.031773,121.733628,0
egs,8,allkm,2052,4901.289114,144.186775,0
egs,9,allkm,2052,6491.156577,187.7871,0
egs,10,allkm,2052,6491.156577,187.7871,0
egs,1,nearfield,2052,1924.535312,87.00909,0
egs,2,nearfield,2052,2026.570983,90.885011,0
egs,3,nearfield,2052,2285.766943,99.407916,0
egs,4,nearfield,2052,2595.819749,111.281137,0
egs,5,nearfield,2052,2779.364217,118.521292,0
egs,6,nearfield,2052,3582.437363,148.484712,0
egs,7,nearfield,2052,4061.619983,139.475756,0
egs,8,nearfield,2052,4527.366044,153.741945,0
egs,9,nearfield,2052,5629.630769,185.187796,0
egs,10,nearfield,2052,5629.630769,185.187796,0
geohydro,1,allkm,2052,2066.014544,86.436772,0
geohydro,2,allkm,2052,2386.301787,96.260195,0
geohydro,3,allkm,2052,2547.150947,101.4938,0
geohydro,4,allkm,2052,2808.32026,109.345166,0
geohydro,5,allkm,2052,2891.286482,113.483582,0
geohydro,6,allkm,2052,3409.98261,130.044502,0
geohydro,7,allkm,2052,3839.002756,134.08391,0
geohydro,8,allkm,2052,4621.647902,156.613022,0
geohydro,9,allkm,2052,5709.185902,181.157361,0
geohydro,10,allkm,2052,9016.994855,277.791995,0
egs,1,allkm,2053,2007.182349,87.803377,0
egs,2,allkm,2053,2245.730725,95.467565,0
egs,3,allkm,2053,2473.082892,103.190514,0
egs,4,allkm,2053,2745.657093,112.664512,0
egs,5,allkm,2053,3155.06185,126.264956,0
egs,6,allkm,2053,3752.393516,146.166752,0
egs,7,allkm,2053,3952.171614,121.12496,0
egs,8,allkm,2053,4876.782669,143.465841,0
egs,9,allkm,2053,6458.700794,186.848165,0
egs,10,allkm,2053,6458.700794,186.848165,0
egs,1,nearfield,2053,1914.912636,86.574045,0
egs,2,nearfield,2053,2016.438128,90.430586,0
egs,3,nearfield,2053,2274.338109,98.910876,0
egs,4,nearfield,2053,2582.840651,110.724731,0
egs,5,nearfield,2053,2765.467396,117.928686,0
egs,6,nearfield,2053,3564.525176,147.742289,0
egs,7,nearfield,2053,4041.311883,138.778377,0
egs,8,nearfield,2053,4504.729214,152.973235,0
egs,9,nearfield,2053,5601.482615,184.261857,0
egs,10,nearfield,2053,5601.482615,184.261857,0
geohydro,1,allkm,2053,2055.684471,86.004588,0
geohydro,2,allkm,2053,2374.370278,95.778894,0
geohydro,3,allkm,2053,2534.415193,100.986331,0
geohydro,4,allkm,2053,2794.278659,108.79844,0
geohydro,5,allkm,2053,2876.830049,112.916164,0
geohydro,6,allkm,2053,3392.932697,129.394279,0
geohydro,7,allkm,2053,3819.807742,133.413491,0
geohydro,8,allkm,2053,4598.539663,155.829956,0
geohydro,9,allkm,2053,5680.639973,180.251574,0
geohydro,10,allkm,2053,8971.909881,276.403035,0
egs,1,allkm,2054,1997.146437,87.364361,0
egs,2,allkm,2054,2234.502072,94.990227,0
egs,3,allkm,2054,2460.717478,102.674562,0
egs,4,allkm,2054,2731.928808,112.101189,0
egs,5,allkm,2054,3139.286541,125.633631,0
egs,6,allkm,2054,3733.631549,145.435918,0
egs,7,allkm,2054,3932.410756,120.519335,0
egs,8,allkm,2054,4852.398755,142.748512,0
egs,9,allkm,2054,6426.40729,185.913924,0
egs,10,allkm,2054,6426.40729,185.913924,0
egs,1,nearfield,2054,1905.338073,86.141175,0
egs,2,nearfield,2054,2006.355937,89.978433,0
egs,3,nearfield,2054,2262.966418,98.416322,0
egs,4,nearfield,2054,2569.926447,110.171108,0
egs,5,nearfield,2054,2751.640059,117.339042,0
egs,6,nearfield,2054,3546.70255,147.003577,0
egs,7,nearfield,2054,4021.105324,138.084485,0
egs,8,nearfield,2054,4482.205568,152.208369,0
egs,9,nearfield,2054,5573.475202,183.340548,0
egs,10,nearfield,2054,5573.475202,183.340548,0
geohydro,1,allkm,2054,2045.406049,85.574565,0
geohydro,2,allkm,2054,2362.498426,95.299999,0
geohydro,3,allkm,2054,2521.743117,100.4814,0
geohydro,4,allkm,2054,2780.307266,108.254448,0
geohydro,5,allkm,2054,2862.445899,112.351583,0
geohydro,6,allkm,2054,3375.968034,128.747308,0
geohydro,7,allkm,2054,3800.708703,132.746423,0
geohydro,8,allkm,2054,4575.546965,155.050807,0
geohydro,9,allkm,2054,5652.236773,179.350316,0
geohydro,10,allkm,2054,8927.050331,275.02102,0
egs,1,allkm,2055,1987.160705,86.927539,0
egs,2,allkm,2055,2223.329561,94.515276,0
egs,3,allkm,2055,2448.41389,102.161189,0
egs,4,allkm,2055,2718.269163,111.540683,0
egs,5,allkm,2055,3123.590108,125.005463,0
egs,6,allkm,2055,3714.963391,144.708739,0
egs,7,allkm,2055,3912.748703,119.916738,0
egs,8,allkm,2055,4828.136762,142.034769,0
egs,9,allkm,2055,6394.275254,184.984355,0
egs,10,allkm,2055,6394.275254,184.984355,0
egs,1,nearfield,2055,1895.811382,85.710469,0
egs,2,nearfield,2055,1996.324157,89.528541,0
egs,3,nearfield,2055,2251.651586,97.92424,0
egs,4,nearfield,2055,2557.076815,109.620252,0
egs,5,nearfield,2055,2737.881858,116.752347,0
egs,6,nearfield,2055,3528.969037,146.268559,0
egs,7,nearfield,2055,4000.999797,137.394063,0
egs,8,nearfield,2055,4459.79454,151.447327,0
egs,9,nearfield,2055,5545.607826,182.423845,0
egs,10,nearfield,2055,5545.607826,182.423845,0
geohydro,1,allkm,2055,2035.179019,85.146692,0
geohydro,2,allkm,2055,2350.685934,94.823499,0
geohydro,3,allkm,2055,2509.134401,99.978993,0
geohydro,4,allkm,2055,2766.40573,107.713176,0
geohydro,5,allkm,2055,2848.13367,111.789825,0
geohydro,6,allkm,2055,3359.088194,128.103571,0
geohydro,7,allkm,2055,3781.70516,132.082691,0
geohydro,8,allkm,2055,4552.66923,154.275553,0
geohydro,9,allkm,2055,5623.975589,178.453564,0
geohydro,10,allkm,2055,8882.41508,273.645915,0
egs,1,allkm,2056,1977.224902,86.492901,0
egs,2,allkm,2056,2212.212913,94.0427,0
egs,3,allkm,2056,2436.171821,101.650383,0
egs,4,allkm,2056,2704.677818,110.98298,0
egs,5,allkm,2056,3107.972158,124.380436,0
egs,6,allkm,2056,3696.388574,143.985195,0
egs,7,allkm,2056,3893.184959,119.317154,0
egs,8,allkm,2056,4803.996078,141.324595,0
egs,9,allkm,2056,6362.303877,184.059433,0
egs,10,allkm,2056,6362.303877,184.059433,0
egs,1,nearfield,2056,1886.332325,85.281917,0
egs,2,nearfield,2056,1986.342537,89.080898,0
egs,3,nearfield,2056,2240.393328,97.434619,0
egs,4,nearfield,2056,2544.291431,109.072151,0
egs,5,nearfield,2056,2724.192449,116.168585,0
egs,6,nearfield,2056,3511.324192,145.537217,0
egs,7,nearfield,2056,3980.994798,136.707093,0
egs,8,nearfield,2056,4437.495567,150.690091,0
egs,9,nearfield,2056,5517.879787,181.511726,0
egs,10,nearfield,2056,5517.879787,181.511726,0
geohydro,1,allkm,2056,2025.003124,84.720959,0
geohydro,2,allkm,2056,2338.932505,94.349382,0
geohydro,3,allkm,2056,2496.588729,99.479098,0
geohydro,4,allkm,2056,2752.573701,107.17461,0
geohydro,5,allkm,2056,2833.893001,111.230876,0
geohydro,6,allkm,2056,3342.292753,127.463053,0
geohydro,7,allkm,2056,3762.796634,131.422278,0
geohydro,8,allkm,2056,4529.905884,153.504175,0
geohydro,9,allkm,2056,5595.855711,177.561297,0
geohydro,10,allkm,2056,8838.003004,272.277685,0
egs,1,allkm,2057,1967.338777,86.060437,0
egs,2,allkm,2057,2201.151849,93.572486,0
egs,3,allkm,2057,2423.990962,101.142131,0
egs,4,allkm,2057,2691.154429,110.428065,0
egs,5,allkm,2057,3092.432297,123.758534,0
egs,6,allkm,2057,3677.906631,143.265269,0
egs,7,allkm,2057,3873.719034,118.720569,0
egs,8,allkm,2057,4779.976097,140.617972,0
egs,9,allkm,2057,6330.492358,183.139136,0
egs,10,allkm,2057,6330.492358,183.139136,0
egs,1,nearfield,2057,1876.900664,84.855507,0
egs,2,nearfield,2057,1976.410824,88.635493,0
egs,3,nearfield,2057,2229.191361,96.947446,0
egs,4,nearfield,2057,2531.569974,108.52679,0
egs,5,nearfield,2057,2710.571487,115.587742,0
egs,6,nearfield,2057,3493.767571,144.80953,0
egs,7,nearfield,2057,3961.089824,136.023557,0
egs,8,nearfield,2057,4415.308089,149.93664,0
egs,9,nearfield,2057,5490.290388,180.604167,0
egs,10,nearfield,2057,5490.290388,180.604167,0
geohydro,1,allkm,2057,2014.878108,84.297354,0
geohydro,2,allkm,2057,2327.237842,93.877635,0
geohydro,3,allkm,2057,2484.105785,98.981702,0
geohydro,4,allkm,2057,2738.810832,106.638737,0
geohydro,5,allkm,2057,2819.723536,110.674722,0
geohydro,6,allkm,2057,3325.581289,126.825738,0
geohydro,7,allkm,2057,3743.982651,130.765167,0
geohydro,8,allkm,2057,4507.256354,152.736654,0
geohydro,9,allkm,2057,5567.876433,176.67349,0
geohydro,10,allkm,2057,8793.812989,270.916297,0
egs,1,allkm,2058,1957.502083,85.630134,0
egs,2,allkm,2058,2190.14609,93.104624,0
egs,3,allkm,2058,2411.871007,100.63642,0
egs,4,allkm,2058,2677.698656,109.875925,0
egs,5,allkm,2058,3076.970136,123.139741,0
egs,6,allkm,2058,3659.517098,142.548942,0
egs,7,allkm,2058,3854.350439,118.126966,0
egs,8,allkm,2058,4756.076217,139.914882,0
egs,9,allkm,2058,6298.839896,182.22344,0
egs,10,allkm,2058,6298.839896,182.22344,0
egs,1,nearfield,2058,1867.51616,84.431229,0
egs,2,nearfield,2058,1966.52877,88.192316,0
egs,3,nearfield,2058,2218.045405,96.462709,0
egs,4,nearfield,2058,2518.912124,107.984156,0
egs,5,nearfield,2058,2697.018629,115.009804,0
egs,6,nearfield,2058,3476.298733,144.085483,0
egs,7,nearfield,2058,3941.284375,135.343439,0
egs,8,nearfield,2058,4393.231549,149.186957,0
egs,9,nearfield,2058,5462.838936,179.701146,0
egs,10,nearfield,2058,5462.838936,179.701146,0
geohydro,1,allkm,2058,2004.803717,83.875867,0
geohydro,2,allkm,2058,2315.601653,93.408247,0
geohydro,3,allkm,2058,2471.685257,98.486794,0
geohydro,4,allkm,2058,2725.116778,106.105543,0
geohydro,5,allkm,2058,2805.624919,110.121348,0
geohydro,6,allkm,2058,3308.953383,126.191609,0
geohydro,7,allkm,2058,3725.262738,130.111341,0
geohydro,8,allkm,2058,4484.720072,151.972971,0
geohydro,9,allkm,2058,5540.03705,175.790123,0
geohydro,10,allkm,2058,8749.843924,269.561715,0
egs,1,allkm,2059,1947.714573,85.201984,0
egs,2,allkm,2059,2179.195359,92.639101,0
egs,3,allkm,2059,2399.811652,100.133238,0
egs,4,allkm,2059,2664.310163,109.326545,0
egs,5,allkm,2059,3061.585285,122.524042,0
egs,6,allkm,2059,3641.219513,141.836198,0
egs,7,allkm,2059,3835.078687,117.536331,0
egs,8,allkm,2059,4732.295836,139.215308,0
egs,9,allkm,2059,6267.345697,181.312323,0
egs,10,allkm,2059,6267.345697,181.312323,0
egs,1,nearfield,2059,1858.17858,84.009073,0
egs,2,nearfield,2059,1956.696126,87.751354,0
egs,3,nearfield,2059,2206.955177,95.980395,0
egs,4,nearfield,2059,2506.317563,107.444235,0
egs,5,nearfield,2059,2683.533536,114.434755,0
egs,6,nearfield,2059,3458.917239,143.365055,0
egs,7,nearfield,2059,3921.577953,134.666722,0
egs,8,nearfield,2059,4371.265391,148.441022,0
egs,9,nearfield,2059,5435.524742,178.80264,0
egs,10,nearfield,2059,5435.524742,178.80264,0
geohydro,1,allkm,2059,1994.779699,83.456488,0
geohydro,2,allkm,2059,2304.023645,92.941205,0
geohydro,3,allkm,2059,2459.32683,97.99436,0
geohydro,4,allkm,2059,2711.491194,105.575015,0
geohydro,5,allkm,2059,2791.596794,109.570741,0
geohydro,6,allkm,2059,3292.408616,125.560651,0
geohydro,7,allkm,2059,3706.636424,129.460784,0
geohydro,8,allkm,2059,4462.296472,151.213106,0
geohydro,9,allkm,2059,5512.336865,174.911172,0
geohydro,10,allkm,2059,8706.094705,268.213907,0
egs,1,allkm,2060,1937.976,84.775974,0
egs,2,allkm,2060,2168.299382,92.175905,0
egs,3,allkm,2060,2387.812594,99.632572,0
egs,4,allkm,2060,2650.988612,108.779912,0
egs,5,allkm,2060,3046.277359,121.911422,0
egs,6,allkm,2060,3623.013415,141.127017,0
egs,7,allkm,2060,3815.903294,116.948649,0
egs,8,allkm,2060,4708.634357,138.519231,0
egs,9,allkm,2060,6236.008968,180.405761,0
egs,10,allkm,2060,6236.008968,180.405761,0
egs,1,nearfield,2060,1848.887687,83.589028,0
egs,2,nearfield,2060,1946.912645,87.312597,0
egs,3,nearfield,2060,2195.920402,95.500493,0
egs,4,nearfield,2060,2493.785976,106.907014,0
egs,5,nearfield,2060,2670.115868,113.862581,0
egs,6,nearfield,2060,3441.622653,142.64823,0
egs,7,nearfield,2060,3901.970063,133.993389,0
egs,8,nearfield,2060,4349.409064,147.698817,0
egs,9,nearfield,2060,5408.347118,177.908627,0
egs,10,nearfield,2060,5408.347118,177.908627,0
geohydro,1,allkm,2060,1984.8058,83.039206,0
geohydro,2,allkm,2060,2292.503526,92.476499,0
geohydro,3,allkm,2060,2447.030196,97.504388,0
geohydro,4,allkm,2060,2697.933738,105.04714,0
geohydro,5,allkm,2060,2777.63881,109.022887,0
geohydro,6,allkm,2060,3275.946573,124.932848,0
geohydro,7,allkm,2060,3688.103242,128.81348,0
geohydro,8,allkm,2060,4439.98499,150.45704,0
geohydro,9,allkm,2060,5484.775181,174.036616,0
geohydro,10,allkm,2060,8662.564231,266.872837,0
