,Default Value,IL_flat_zero_active_active,IL_flat_zero_active_none,IL_flat_zero_active_early,IL_flat_zero_none_active,IL_flat_zero_none_none,IL_flat_zero_none_early,IL_flat_active_active_active,IL_flat_active_active_none,IL_flat_active_active_early,IL_flat_active_none_active,IL_flat_active_none_none,IL_flat_active_none_early,IL_flat_state_active_active,IL_flat_state_active_none,IL_flat_state_active_early,IL_flat_state_none_active,IL_flat_state_none_none,IL_flat_state_none_early,IL_flat_market_active_active,IL_flat_market_active_none,IL_flat_market_active_early,IL_flat_market_none_active,IL_flat_market_none_none,IL_flat_market_none_early,IL_flat_both_active_active,IL_flat_both_active_none,IL_flat_both_active_early,IL_flat_both_none_active,IL_flat_both_none_none,IL_flat_both_none_early,IL_low_zero_active_active,IL_low_zero_active_none,IL_low_zero_active_early,IL_low_zero_none_active,IL_low_zero_none_none,IL_low_zero_none_early,IL_low_active_active_active,IL_low_active_active_none,IL_low_active_active_early,IL_low_active_none_active,IL_low_active_none_none,IL_low_active_none_early,IL_low_state_active_active,IL_low_state_active_none,IL_low_state_active_early,IL_low_state_none_active,IL_low_state_none_none,IL_low_state_none_early,IL_low_market_active_active,IL_low_market_active_none,IL_low_market_active_early,IL_low_market_none_active,IL_low_market_none_none,IL_low_market_none_early,IL_low_both_active_active,IL_low_both_active_none,IL_low_both_active_early,IL_low_both_none_active,IL_low_both_none_none,IL_low_both_none_early,IL_hist_zero_active_active,IL_hist_zero_active_none,IL_hist_zero_active_early,IL_hist_zero_none_active,IL_hist_zero_none_none,IL_hist_zero_none_early,IL_hist_active_active_active,IL_hist_active_active_none,IL_hist_active_active_early,IL_hist_active_none_active,IL_hist_active_none_none,IL_hist_active_none_early,IL_hist_state_active_active,IL_hist_state_active_none,IL_hist_state_active_early,IL_hist_state_none_active,IL_hist_state_none_none,IL_hist_state_none_early,IL_hist_market_active_active,IL_hist_market_active_none,IL_hist_market_active_early,IL_hist_market_none_active,IL_hist_market_none_none,IL_hist_market_none_early,IL_hist_both_active_active,IL_hist_both_active_none,IL_hist_both_active_early,IL_hist_both_none_active,IL_hist_both_none_none,IL_hist_both_none_early,IL_unlim_zero_active_active,IL_unlim_zero_active_none,IL_unlim_zero_active_early,IL_unlim_zero_none_active,IL_unlim_zero_none_none,IL_unlim_zero_none_early,IL_unlim_active_active_active,IL_unlim_active_active_none,IL_unlim_active_active_early,IL_unlim_active_none_active,IL_unlim_active_none_none,IL_unlim_active_none_early,IL_unlim_state_active_active,IL_unlim_state_active_none,IL_unlim_state_active_early,IL_unlim_state_none_active,IL_unlim_state_none_none,IL_unlim_state_none_early,IL_unlim_market_active_active,IL_unlim_market_active_none,IL_unlim_market_active_early,IL_unlim_market_none_active,IL_unlim_market_none_none,IL_unlim_market_none_early,IL_unlim_both_active_active,IL_unlim_both_active_none,IL_unlim_both_active_early,IL_unlim_both_none_active,IL_unlim_both_none_none,IL_unlim_both_none_early,PJM-MISO_flat_zero_active_active,PJM-MISO_flat_zero_active_none,PJM-MISO_flat_zero_active_early,PJM-MISO_flat_zero_none_active,PJM-MISO_flat_zero_none_none,PJM-MISO_flat_zero_none_early,PJM-MISO_flat_active_active_active,PJM-MISO_flat_active_active_none,PJM-MISO_flat_active_active_early,PJM-MISO_flat_active_none_active,PJM-MISO_flat_active_none_none,PJM-MISO_flat_active_none_early,PJM-MISO_flat_state_active_active,PJM-MISO_flat_state_active_none,PJM-MISO_flat_state_active_early,PJM-MISO_flat_state_none_active,PJM-MISO_flat_state_none_none,PJM-MISO_flat_state_none_early,PJM-MISO_flat_market_active_active,PJM-MISO_flat_market_active_none,PJM-MISO_flat_market_active_early,PJM-MISO_flat_market_none_active,PJM-MISO_flat_market_none_none,PJM-MISO_flat_market_none_early,PJM-MISO_flat_both_active_active,PJM-MISO_flat_both_active_none,PJM-MISO_flat_both_active_early,PJM-MISO_flat_both_none_active,PJM-MISO_flat_both_none_none,PJM-MISO_flat_both_none_early,PJM-MISO_low_zero_active_active,PJM-MISO_low_zero_active_none,PJM-MISO_low_zero_active_early,PJM-MISO_low_zero_none_active,PJM-MISO_low_zero_none_none,PJM-MISO_low_zero_none_early,PJM-MISO_low_active_active_active,PJM-MISO_low_active_active_none,PJM-MISO_low_active_active_early,PJM-MISO_low_active_none_active,PJM-MISO_low_active_none_none,PJM-MISO_low_active_none_early,PJM-MISO_low_state_active_active,PJM-MISO_low_state_active_none,PJM-MISO_low_state_active_early,PJM-MISO_low_state_none_active,PJM-MISO_low_state_none_none,PJM-MISO_low_state_none_early,PJM-MISO_low_market_active_active,PJM-MISO_low_market_active_none,PJM-MISO_low_market_active_early,PJM-MISO_low_market_none_active,PJM-MISO_low_market_none_none,PJM-MISO_low_market_none_early,PJM-MISO_low_both_active_active,PJM-MISO_low_both_active_none,PJM-MISO_low_both_active_early,PJM-MISO_low_both_none_active,PJM-MISO_low_both_none_none,PJM-MISO_low_both_none_early,PJM-MISO_hist_zero_active_active,PJM-MISO_hist_zero_active_none,PJM-MISO_hist_zero_active_early,PJM-MISO_hist_zero_none_active,PJM-MISO_hist_zero_none_none,PJM-MISO_hist_zero_none_early,PJM-MISO_hist_active_active_active,PJM-MISO_hist_active_active_none,PJM-MISO_hist_active_active_early,PJM-MISO_hist_active_none_active,PJM-MISO_hist_active_none_none,PJM-MISO_hist_active_none_early,PJM-MISO_hist_state_active_active,PJM-MISO_hist_state_active_none,PJM-MISO_hist_state_active_early,PJM-MISO_hist_state_none_active,PJM-MISO_hist_state_none_none,PJM-MISO_hist_state_none_early,PJM-MISO_hist_market_active_active,PJM-MISO_hist_market_active_none,PJM-MISO_hist_market_active_early,PJM-MISO_hist_market_none_active,PJM-MISO_hist_market_none_none,PJM-MISO_hist_market_none_early,PJM-MISO_hist_both_active_active,PJM-MISO_hist_both_active_none,PJM-MISO_hist_both_active_early,PJM-MISO_hist_both_none_active,PJM-MISO_hist_both_none_none,PJM-MISO_hist_both_none_early,PJM-MISO_unlim_zero_active_active,PJM-MISO_unlim_zero_active_none,PJM-MISO_unlim_zero_active_early,PJM-MISO_unlim_zero_none_active,PJM-MISO_unlim_zero_none_none,PJM-MISO_unlim_zero_none_early,PJM-MISO_unlim_active_active_active,PJM-MISO_unlim_active_active_none,PJM-MISO_unlim_active_active_early,PJM-MISO_unlim_active_none_active,PJM-MISO_unlim_active_none_none,PJM-MISO_unlim_active_none_early,PJM-MISO_unlim_state_active_active,PJM-MISO_unlim_state_active_none,PJM-MISO_unlim_state_active_early,PJM-MISO_unlim_state_none_active,PJM-MISO_unlim_state_none_none,PJM-MISO_unlim_state_none_early,PJM-MISO_unlim_market_active_active,PJM-MISO_unlim_market_active_none,PJM-MISO_unlim_market_active_early,PJM-MISO_unlim_market_none_active,PJM-MISO_unlim_market_none_none,PJM-MISO_unlim_market_none_early,PJM-MISO_unlim_both_active_active,PJM-MISO_unlim_both_active_none,PJM-MISO_unlim_both_active_early,PJM-MISO_unlim_both_none_active,PJM-MISO_unlim_both_none_none,PJM-MISO_unlim_both_none_early,EI_flat_zero_active_active,EI_flat_zero_active_none,EI_flat_zero_active_early,EI_flat_zero_none_active,EI_flat_zero_none_none,EI_flat_zero_none_early,EI_flat_active_active_active,EI_flat_active_active_none,EI_flat_active_active_early,EI_flat_active_none_active,EI_flat_active_none_none,EI_flat_active_none_early,EI_flat_state_active_active,EI_flat_state_active_none,EI_flat_state_active_early,EI_flat_state_none_active,EI_flat_state_none_none,EI_flat_state_none_early,EI_flat_market_active_active,EI_flat_market_active_none,EI_flat_market_active_early,EI_flat_market_none_active,EI_flat_market_none_none,EI_flat_market_none_early,EI_flat_both_active_active,EI_flat_both_active_none,EI_flat_both_active_early,EI_flat_both_none_active,EI_flat_both_none_none,EI_flat_both_none_early,EI_low_zero_active_active,EI_low_zero_active_none,EI_low_zero_active_early,EI_low_zero_none_active,EI_low_zero_none_none,EI_low_zero_none_early,EI_low_active_active_active,EI_low_active_active_none,EI_low_active_active_early,EI_low_active_none_active,EI_low_active_none_none,EI_low_active_none_early,EI_low_state_active_active,EI_low_state_active_none,EI_low_state_active_early,EI_low_state_none_active,EI_low_state_none_none,EI_low_state_none_early,EI_low_market_active_active,EI_low_market_active_none,EI_low_market_active_early,EI_low_market_none_active,EI_low_market_none_none,EI_low_market_none_early,EI_low_both_active_active,EI_low_both_active_none,EI_low_both_active_early,EI_low_both_none_active,EI_low_both_none_none,EI_low_both_none_early,EI_hist_zero_active_active,EI_hist_zero_active_none,EI_hist_zero_active_early,EI_hist_zero_none_active,EI_hist_zero_none_none,EI_hist_zero_none_early,EI_hist_active_active_active,EI_hist_active_active_none,EI_hist_active_active_early,EI_hist_active_none_active,EI_hist_active_none_none,EI_hist_active_none_early,EI_hist_state_active_active,EI_hist_state_active_none,EI_hist_state_active_early,EI_hist_state_none_active,EI_hist_state_none_none,EI_hist_state_none_early,EI_hist_market_active_active,EI_hist_market_active_none,EI_hist_market_active_early,EI_hist_market_none_active,EI_hist_market_none_none,EI_hist_market_none_early,EI_hist_both_active_active,EI_hist_both_active_none,EI_hist_both_active_early,EI_hist_both_none_active,EI_hist_both_none_none,EI_hist_both_none_early,EI_unlim_zero_active_active,EI_unlim_zero_active_none,EI_unlim_zero_active_early,EI_unlim_zero_none_active,EI_unlim_zero_none_none,EI_unlim_zero_none_early,EI_unlim_active_active_active,EI_unlim_active_active_none,EI_unlim_active_active_early,EI_unlim_active_none_active,EI_unlim_active_none_none,EI_unlim_active_none_early,EI_unlim_state_active_active,EI_unlim_state_active_none,EI_unlim_state_active_early,EI_unlim_state_none_active,EI_unlim_state_none_none,EI_unlim_state_none_early,EI_unlim_market_active_active,EI_unlim_market_active_none,EI_unlim_market_active_early,EI_unlim_market_none_active,EI_unlim_market_none_none,EI_unlim_market_none_early,EI_unlim_both_active_active,EI_unlim_both_active_none,EI_unlim_both_active_early,EI_unlim_both_none_active,EI_unlim_both_none_none,EI_unlim_both_none_early,USA_flat_zero_active_active,USA_flat_zero_active_none,USA_flat_zero_active_early,USA_flat_zero_none_active,USA_flat_zero_none_none,USA_flat_zero_none_early,USA_flat_active_active_active,USA_flat_active_active_none,USA_flat_active_active_early,USA_flat_active_none_active,USA_flat_active_none_none,USA_flat_active_none_early,USA_flat_state_active_active,USA_flat_state_active_none,USA_flat_state_active_early,USA_flat_state_none_active,USA_flat_state_none_none,USA_flat_state_none_early,USA_flat_market_active_active,USA_flat_market_active_none,USA_flat_market_active_early,USA_flat_market_none_active,USA_flat_market_none_none,USA_flat_market_none_early,USA_flat_both_active_active,USA_flat_both_active_none,USA_flat_both_active_early,USA_flat_both_none_active,USA_flat_both_none_none,USA_flat_both_none_early,USA_low_zero_active_active,USA_low_zero_active_none,USA_low_zero_active_early,USA_low_zero_none_active,USA_low_zero_none_none,USA_low_zero_none_early,USA_low_active_active_active,USA_low_active_active_none,USA_low_active_active_early,USA_low_active_none_active,USA_low_active_none_none,USA_low_active_none_early,USA_low_state_active_active,USA_low_state_active_none,USA_low_state_active_early,USA_low_state_none_active,USA_low_state_none_none,USA_low_state_none_early,USA_low_market_active_active,USA_low_market_active_none,USA_low_market_active_early,USA_low_market_none_active,USA_low_market_none_none,USA_low_market_none_early,USA_low_both_active_active,USA_low_both_active_none,USA_low_both_active_early,USA_low_both_none_active,USA_low_both_none_none,USA_low_both_none_early,USA_hist_zero_active_active,USA_hist_zero_active_none,USA_hist_zero_active_early,USA_hist_zero_none_active,USA_hist_zero_none_none,USA_hist_zero_none_early,USA_hist_active_active_active,USA_hist_active_active_none,USA_hist_active_active_early,USA_hist_active_none_active,USA_hist_active_none_none,USA_hist_active_none_early,USA_hist_state_active_active,USA_hist_state_active_none,USA_hist_state_active_early,USA_hist_state_none_active,USA_hist_state_none_none,USA_hist_state_none_early,USA_hist_market_active_active,USA_hist_market_active_none,USA_hist_market_active_early,USA_hist_market_none_active,USA_hist_market_none_none,USA_hist_market_none_early,USA_hist_both_active_active,USA_hist_both_active_none,USA_hist_both_active_early,USA_hist_both_none_active,USA_hist_both_none_none,USA_hist_both_none_early,USA_unlim_zero_active_active,USA_unlim_zero_active_none,USA_unlim_zero_active_early,USA_unlim_zero_none_active,USA_unlim_zero_none_none,USA_unlim_zero_none_early,USA_unlim_active_active_active,USA_unlim_active_active_none,USA_unlim_active_active_early,USA_unlim_active_none_active,USA_unlim_active_none_none,USA_unlim_active_none_early,USA_unlim_state_active_active,USA_unlim_state_active_none,USA_unlim_state_active_early,USA_unlim_state_none_active,USA_unlim_state_none_none,USA_unlim_state_none_early,USA_unlim_market_active_active,USA_unlim_market_active_none,USA_unlim_market_active_early,USA_unlim_market_none_active,USA_unlim_market_none_none,USA_unlim_market_none_early,USA_unlim_both_active_active,USA_unlim_both_active_none,USA_unlim_both_active_early,USA_unlim_both_none_active,USA_unlim_both_none_none,USA_unlim_both_none_early
ignore,0,,,,,,,,,,,,,,,,,,,,,,,,,,,,,,,,,,,,,,,,,,,,,,,,,,,,,,,,,,,,,,,,,,,,,,,,,,,,,,,,,,,,,,,,,,,,,,,,,,,,,,,,,,,,,,,,,,,,,,,,,,,,,,,,,,,,,,,,,,,,,,,,,,,,,,,,,,,,,,,,,,,,,,,,,,,,,,,,,,,,,,,,,,,,,,,,,,,,,,,,,,,,,,,,,,,,,,,,,,,,,,,,,,,,,,,,,,,,,,,,,,,,,,,,,,,,,,,,,,,,,,,,,,,,,,,,,,,,,,,,,,,,,,,,,,,,,,,,,,,,,,,,,,,,,,,,,,,,,,,,,,,,,,,,,,,,,,,,,,,,,,,,,,,,,,,,,,,,,,,,,,,,,,,,,,,,,,,,,,,,,,,,,,,,,,,,,,,,,,,,,,,,,,,,,,,,,,,,,,,,,,,,,,,,,,,,,,,,,,,,,,,,,,,,,,,,,,,,,,,,,,,,,,,,,,,,,,,,,,,,
yearset,2010..2050..5,,,,,,,,,,,,,,,,,,,,,,,,,,,,,,,,,,,,,,,,,,,,,,,,,,,,,,,,,,,,,,,,,,,,,,,,,,,,,,,,,,,,,,,,,,,,,,,,,,,,,,,,,,,,,,,,,,,,,,,,,,,,,,,,,,,,,,,,,,,,,,,,,,,,,,,,,,,,,,,,,,,,,,,,,,,,,,,,,,,,,,,,,,,,,,,,,,,,,,,,,,,,,,,,,,,,,,,,,,,,,,,,,,,,,,,,,,,,,,,,,,,,,,,,,,,,,,,,,,,,,,,,,,,,,,,,,,,,,,,,,,,,,,,,,,,,,,,,,,,,,,,,,,,,,,,,,,,,,,,,,,,,,,,,,,,,,,,,,,,,,,,,,,,,,,,,,,,,,,,,,,,,,,,,,,,,,,,,,,,,,,,,,,,,,,,,,,,,,,,,,,,,,,,,,,,,,,,,,,,,,,,,,,,,,,,,,,,,,,,,,,,,,,,,,,,,,,,,,,,,,,,,,,,,,,,,,,,,,,,,
GSw_Region,country/USA,st/IL,st/IL,st/IL,st/IL,st/IL,st/IL,st/IL,st/IL,st/IL,st/IL,st/IL,st/IL,st/IL,st/IL,st/IL,st/IL,st/IL,st/IL,st/IL,st/IL,st/IL,st/IL,st/IL,st/IL,st/IL,st/IL,st/IL,st/IL,st/IL,st/IL,st/IL,st/IL,st/IL,st/IL,st/IL,st/IL,st/IL,st/IL,st/IL,st/IL,st/IL,st/IL,st/IL,st/IL,st/IL,st/IL,st/IL,st/IL,st/IL,st/IL,st/IL,st/IL,st/IL,st/IL,st/IL,st/IL,st/IL,st/IL,st/IL,st/IL,st/IL,st/IL,st/IL,st/IL,st/IL,st/IL,st/IL,st/IL,st/IL,st/IL,st/IL,st/IL,st/IL,st/IL,st/IL,st/IL,st/IL,st/IL,st/IL,st/IL,st/IL,st/IL,st/IL,st/IL,st/IL,st/IL,st/IL,st/IL,st/IL,st/IL,st/IL,st/IL,st/IL,st/IL,st/IL,st/IL,st/IL,st/IL,st/IL,st/IL,st/IL,st/IL,st/IL,st/IL,st/IL,st/IL,st/IL,st/IL,st/IL,st/IL,st/IL,st/IL,st/IL,st/IL,st/IL,st/IL,st/IL,st/IL,st/IL,st/IL,transreg/PJM.MISO,transreg/PJM.MISO,transreg/PJM.MISO,transreg/PJM.MISO,transreg/PJM.MISO,transreg/PJM.MISO,transreg/PJM.MISO,transreg/PJM.MISO,transreg/PJM.MISO,transreg/PJM.MISO,transreg/PJM.MISO,transreg/PJM.MISO,transreg/PJM.MISO,transreg/PJM.MISO,transreg/PJM.MISO,transreg/PJM.MISO,transreg/PJM.MISO,transreg/PJM.MISO,transreg/PJM.MISO,transreg/PJM.MISO,transreg/PJM.MISO,transreg/PJM.MISO,transreg/PJM.MISO,transreg/PJM.MISO,transreg/PJM.MISO,transreg/PJM.MISO,transreg/PJM.MISO,transreg/PJM.MISO,transreg/PJM.MISO,transreg/PJM.MISO,transreg/PJM.MISO,transreg/PJM.MISO,transreg/PJM.MISO,transreg/PJM.MISO,transreg/PJM.MISO,transreg/PJM.MISO,transreg/PJM.MISO,transreg/PJM.MISO,transreg/PJM.MISO,transreg/PJM.MISO,transreg/PJM.MISO,transreg/PJM.MISO,transreg/PJM.MISO,transreg/PJM.MISO,transreg/PJM.MISO,transreg/PJM.MISO,transreg/PJM.MISO,transreg/PJM.MISO,transreg/PJM.MISO,transreg/PJM.MISO,transreg/PJM.MISO,transreg/PJM.MISO,transreg/PJM.MISO,transreg/PJM.MISO,transreg/PJM.MISO,transreg/PJM.MISO,transreg/PJM.MISO,transreg/PJM.MISO,transreg/PJM.MISO,transreg/PJM.MISO,transreg/PJM.MISO,transreg/PJM.MISO,transreg/PJM.MISO,transreg/PJM.MISO,transreg/PJM.MISO,transreg/PJM.MISO,transreg/PJM.MISO,transreg/PJM.MISO,transreg/PJM.MISO,transreg/PJM.MISO,transreg/PJM.MISO,transreg/PJM.MISO,transreg/PJM.MISO,transreg/PJM.MISO,transreg/PJM.MISO,transreg/PJM.MISO,transreg/PJM.MISO,transreg/PJM.MISO,transreg/PJM.MISO,transreg/PJM.MISO,transreg/PJM.MISO,transreg/PJM.MISO,transreg/PJM.MISO,transreg/PJM.MISO,transreg/PJM.MISO,transreg/PJM.MISO,transreg/PJM.MISO,transreg/PJM.MISO,transreg/PJM.MISO,transreg/PJM.MISO,transreg/PJM.MISO,transreg/PJM.MISO,transreg/PJM.MISO,transreg/PJM.MISO,transreg/PJM.MISO,transreg/PJM.MISO,transreg/PJM.MISO,transreg/PJM.MISO,transreg/PJM.MISO,transreg/PJM.MISO,transreg/PJM.MISO,transreg/PJM.MISO,transreg/PJM.MISO,transreg/PJM.MISO,transreg/PJM.MISO,transreg/PJM.MISO,transreg/PJM.MISO,transreg/PJM.MISO,transreg/PJM.MISO,transreg/PJM.MISO,transreg/PJM.MISO,transreg/PJM.MISO,transreg/PJM.MISO,transreg/PJM.MISO,transreg/PJM.MISO,transreg/PJM.MISO,transreg/PJM.MISO,transreg/PJM.MISO,transreg/PJM.MISO,transreg/PJM.MISO,interconnect/eastern,interconnect/eastern,interconnect/eastern,interconnect/eastern,interconnect/eastern,interconnect/eastern,interconnect/eastern,interconnect/eastern,interconnect/eastern,interconnect/eastern,interconnect/eastern,interconnect/eastern,interconnect/eastern,interconnect/eastern,interconnect/eastern,interconnect/eastern,interconnect/eastern,interconnect/eastern,interconnect/eastern,interconnect/eastern,interconnect/eastern,interconnect/eastern,interconnect/eastern,interconnect/eastern,interconnect/eastern,interconnect/eastern,interconnect/eastern,interconnect/eastern,interconnect/eastern,interconnect/eastern,interconnect/eastern,interconnect/eastern,interconnect/eastern,interconnect/eastern,interconnect/eastern,interconnect/eastern,interconnect/eastern,interconnect/eastern,interconnect/eastern,interconnect/eastern,interconnect/eastern,interconnect/eastern,interconnect/eastern,interconnect/eastern,interconnect/eastern,interconnect/eastern,interconnect/eastern,interconnect/eastern,interconnect/eastern,interconnect/eastern,interconnect/eastern,interconnect/eastern,interconnect/eastern,interconnect/eastern,interconnect/eastern,interconnect/eastern,interconnect/eastern,interconnect/eastern,interconnect/eastern,interconnect/eastern,interconnect/eastern,interconnect/eastern,interconnect/eastern,interconnect/eastern,interconnect/eastern,interconnect/eastern,interconnect/eastern,interconnect/eastern,interconnect/eastern,interconnect/eastern,interconnect/eastern,interconnect/eastern,interconnect/eastern,interconnect/eastern,interconnect/eastern,interconnect/eastern,interconnect/eastern,interconnect/eastern,interconnect/eastern,interconnect/eastern,interconnect/eastern,interconnect/eastern,interconnect/eastern,interconnect/eastern,interconnect/eastern,interconnect/eastern,interconnect/eastern,interconnect/eastern,interconnect/eastern,interconnect/eastern,interconnect/eastern,interconnect/eastern,interconnect/eastern,interconnect/eastern,interconnect/eastern,interconnect/eastern,interconnect/eastern,interconnect/eastern,interconnect/eastern,interconnect/eastern,interconnect/eastern,interconnect/eastern,interconnect/eastern,interconnect/eastern,interconnect/eastern,interconnect/eastern,interconnect/eastern,interconnect/eastern,interconnect/eastern,interconnect/eastern,interconnect/eastern,interconnect/eastern,interconnect/eastern,interconnect/eastern,interconnect/eastern,interconnect/eastern,interconnect/eastern,interconnect/eastern,interconnect/eastern,interconnect/eastern,country/USA,country/USA,country/USA,country/USA,country/USA,country/USA,country/USA,country/USA,country/USA,country/USA,country/USA,country/USA,country/USA,country/USA,country/USA,country/USA,country/USA,country/USA,country/USA,country/USA,country/USA,country/USA,country/USA,country/USA,country/USA,country/USA,country/USA,country/USA,country/USA,country/USA,country/USA,country/USA,country/USA,country/USA,country/USA,country/USA,country/USA,country/USA,country/USA,country/USA,country/USA,country/USA,country/USA,country/USA,country/USA,country/USA,country/USA,country/USA,country/USA,country/USA,country/USA,country/USA,country/USA,country/USA,country/USA,country/USA,country/USA,country/USA,country/USA,country/USA,country/USA,country/USA,country/USA,country/USA,country/USA,country/USA,country/USA,country/USA,country/USA,country/USA,country/USA,country/USA,country/USA,country/USA,country/USA,country/USA,country/USA,country/USA,country/USA,country/USA,country/USA,country/USA,country/USA,country/USA,country/USA,country/USA,country/USA,country/USA,country/USA,country/USA,country/USA,country/USA,country/USA,country/USA,country/USA,country/USA,country/USA,country/USA,country/USA,country/USA,country/USA,country/USA,country/USA,country/USA,country/USA,country/USA,country/USA,country/USA,country/USA,country/USA,country/USA,country/USA,country/USA,country/USA,country/USA,country/USA,country/USA,country/USA,country/USA,country/USA
GSw_GasCurve,1,2,2,2,2,2,2,2,2,2,2,2,2,2,2,2,2,2,2,2,2,2,2,2,2,2,2,2,2,2,2,2,2,2,2,2,2,2,2,2,2,2,2,2,2,2,2,2,2,2,2,2,2,2,2,2,2,2,2,2,2,2,2,2,2,2,2,2,2,2,2,2,2,2,2,2,2,2,2,2,2,2,2,2,2,2,2,2,2,2,2,2,2,2,2,2,2,2,2,2,2,2,2,2,2,2,2,2,2,2,2,2,2,2,2,2,2,2,2,2,2,2,2,2,2,2,2,2,2,2,2,2,2,2,2,2,2,2,2,2,2,2,2,2,2,2,2,2,2,2,2,2,2,2,2,2,2,2,2,2,2,2,2,2,2,2,2,2,2,2,2,2,2,2,2,2,2,2,2,2,2,2,2,2,2,2,2,2,2,2,2,2,2,2,2,2,2,2,2,2,2,2,2,2,2,2,2,2,2,2,2,2,2,2,2,2,2,2,2,2,2,2,2,2,2,2,2,2,2,2,2,2,2,2,2,2,2,2,2,2,2,2,2,2,2,2,2,2,2,2,2,2,2,2,2,2,2,2,2,2,2,2,2,2,2,2,2,2,2,2,2,2,2,2,2,2,2,2,2,2,2,2,2,2,2,2,2,2,2,2,2,2,2,2,2,2,2,2,2,2,2,2,2,2,2,2,2,2,2,2,2,2,2,2,2,2,2,2,2,2,2,2,2,2,2,2,2,2,2,2,2,2,2,2,2,2,2,2,2,2,2,2,2,2,2,2,2,2,2,2,2,2,2,2,2,2,2,2,2,2,2,,,,,,,,,,,,,,,,,,,,,,,,,,,,,,,,,,,,,,,,,,,,,,,,,,,,,,,,,,,,,,,,,,,,,,,,,,,,,,,,,,,,,,,,,,,,,,,,,,,,,,,,,,,,,,,,,,,,,,,,
GSw_RetireYears_Coal,0,0,100,-10,0,100,-10,0,100,-10,0,100,-10,0,100,-10,0,100,-10,0,100,-10,0,100,-10,0,100,-10,0,100,-10,0,100,-10,0,100,-10,0,100,-10,0,100,-10,0,100,-10,0,100,-10,0,100,-10,0,100,-10,0,100,-10,0,100,-10,0,100,-10,0,100,-10,0,100,-10,0,100,-10,0,100,-10,0,100,-10,0,100,-10,0,100,-10,0,100,-10,0,100,-10,0,100,-10,0,100,-10,0,100,-10,0,100,-10,0,100,-10,0,100,-10,0,100,-10,0,100,-10,0,100,-10,0,100,-10,0,100,-10,0,100,-10,0,100,-10,0,100,-10,0,100,-10,0,100,-10,0,100,-10,0,100,-10,0,100,-10,0,100,-10,0,100,-10,0,100,-10,0,100,-10,0,100,-10,0,100,-10,0,100,-10,0,100,-10,0,100,-10,0,100,-10,0,100,-10,0,100,-10,0,100,-10,0,100,-10,0,100,-10,0,100,-10,0,100,-10,0,100,-10,0,100,-10,0,100,-10,0,100,-10,0,100,-10,0,100,-10,0,100,-10,0,100,-10,0,100,-10,0,100,-10,0,100,-10,0,100,-10,0,100,-10,0,100,-10,0,100,-10,0,100,-10,0,100,-10,0,100,-10,0,100,-10,0,100,-10,0,100,-10,0,100,-10,0,100,-10,0,100,-10,0,100,-10,0,100,-10,0,100,-10,0,100,-10,0,100,-10,0,100,-10,0,100,-10,0,100,-10,0,100,-10,0,100,-10,0,100,-10,0,100,-10,0,100,-10,0,100,-10,0,100,-10,0,100,-10,0,100,-10,0,100,-10,0,100,-10,0,100,-10,0,100,-10,0,100,-10,0,100,-10,0,100,-10,0,100,-10,0,100,-10,0,100,-10,0,100,-10,0,100,-10,0,100,-10,0,100,-10,0,100,-10,0,100,-10,0,100,-10,0,100,-10,0,100,-10,0,100,-10,0,100,-10,0,100,-10,0,100,-10,0,100,-10,0,100,-10,0,100,-10,0,100,-10,0,100,-10,0,100,-10,0,100,-10,0,100,-10,0,100,-10,0,100,-10,0,100,-10,0,100,-10,0,100,-10,0,100,-10,0,100,-10,0,100,-10,0,100,-10,0,100,-10,0,100,-10,0,100,-10,0,100,-10,0,100,-10,0,100,-10,0,100,-10,0,100,-10,0,100,-10,0,100,-10,0,100,-10,0,100,-10,0,100,-10
GSw_StateRPS,1,1,1,1,0,0,0,1,1,1,0,0,0,1,1,1,0,0,0,1,1,1,0,0,0,1,1,1,0,0,0,1,1,1,0,0,0,1,1,1,0,0,0,1,1,1,0,0,0,1,1,1,0,0,0,1,1,1,0,0,0,1,1,1,0,0,0,1,1,1,0,0,0,1,1,1,0,0,0,1,1,1,0,0,0,1,1,1,0,0,0,1,1,1,0,0,0,1,1,1,0,0,0,1,1,1,0,0,0,1,1,1,0,0,0,1,1,1,0,0,0,1,1,1,0,0,0,1,1,1,0,0,0,1,1,1,0,0,0,1,1,1,0,0,0,1,1,1,0,0,0,1,1,1,0,0,0,1,1,1,0,0,0,1,1,1,0,0,0,1,1,1,0,0,0,1,1,1,0,0,0,1,1,1,0,0,0,1,1,1,0,0,0,1,1,1,0,0,0,1,1,1,0,0,0,1,1,1,0,0,0,1,1,1,0,0,0,1,1,1,0,0,0,1,1,1,0,0,0,1,1,1,0,0,0,1,1,1,0,0,0,1,1,1,0,0,0,1,1,1,0,0,0,1,1,1,0,0,0,1,1,1,0,0,0,1,1,1,0,0,0,1,1,1,0,0,0,1,1,1,0,0,0,1,1,1,0,0,0,1,1,1,0,0,0,1,1,1,0,0,0,1,1,1,0,0,0,1,1,1,0,0,0,1,1,1,0,0,0,1,1,1,0,0,0,1,1,1,0,0,0,1,1,1,0,0,0,1,1,1,0,0,0,1,1,1,0,0,0,1,1,1,0,0,0,1,1,1,0,0,0,1,1,1,0,0,0,1,1,1,0,0,0,1,1,1,0,0,0,1,1,1,0,0,0,1,1,1,0,0,0,1,1,1,0,0,0,1,1,1,0,0,0,1,1,1,0,0,0,1,1,1,0,0,0,1,1,1,0,0,0,1,1,1,0,0,0,1,1,1,0,0,0,1,1,1,0,0,0,1,1,1,0,0,0,1,1,1,0,0,0,1,1,1,0,0,0,1,1,1,0,0,0,1,1,1,0,0,0,1,1,1,0,0,0,1,1,1,0,0,0
GSw_TransInvScalar,1,0.02,0.02,0.02,0.02,0.02,0.02,0.02,0.02,0.02,0.02,0.02,0.02,0.02,0.02,0.02,0.02,0.02,0.02,0.02,0.02,0.02,0.02,0.02,0.02,0.02,0.02,0.02,0.02,0.02,0.02,0.02,0.02,0.02,0.02,0.02,0.02,0.02,0.02,0.02,0.02,0.02,0.02,0.02,0.02,0.02,0.02,0.02,0.02,0.02,0.02,0.02,0.02,0.02,0.02,0.02,0.02,0.02,0.02,0.02,0.02,0.02,0.02,0.02,0.02,0.02,0.02,0.02,0.02,0.02,0.02,0.02,0.02,0.02,0.02,0.02,0.02,0.02,0.02,0.02,0.02,0.02,0.02,0.02,0.02,0.02,0.02,0.02,0.02,0.02,0.02,0.02,0.02,0.02,0.02,0.02,0.02,0.02,0.02,0.02,0.02,0.02,0.02,0.02,0.02,0.02,0.02,0.02,0.02,0.02,0.02,0.02,0.02,0.02,0.02,0.02,0.02,0.02,0.02,0.02,0.02,0.3,0.3,0.3,0.3,0.3,0.3,0.3,0.3,0.3,0.3,0.3,0.3,0.3,0.3,0.3,0.3,0.3,0.3,0.3,0.3,0.3,0.3,0.3,0.3,0.3,0.3,0.3,0.3,0.3,0.3,0.3,0.3,0.3,0.3,0.3,0.3,0.3,0.3,0.3,0.3,0.3,0.3,0.3,0.3,0.3,0.3,0.3,0.3,0.3,0.3,0.3,0.3,0.3,0.3,0.3,0.3,0.3,0.3,0.3,0.3,0.3,0.3,0.3,0.3,0.3,0.3,0.3,0.3,0.3,0.3,0.3,0.3,0.3,0.3,0.3,0.3,0.3,0.3,0.3,0.3,0.3,0.3,0.3,0.3,0.3,0.3,0.3,0.3,0.3,0.3,0.3,0.3,0.3,0.3,0.3,0.3,0.3,0.3,0.3,0.3,0.3,0.3,0.3,0.3,0.3,0.3,0.3,0.3,0.3,0.3,0.3,0.3,0.3,0.3,0.3,0.3,0.3,0.3,0.3,0.3,0.5,0.5,0.5,0.5,0.5,0.5,0.5,0.5,0.5,0.5,0.5,0.5,0.5,0.5,0.5,0.5,0.5,0.5,0.5,0.5,0.5,0.5,0.5,0.5,0.5,0.5,0.5,0.5,0.5,0.5,0.5,0.5,0.5,0.5,0.5,0.5,0.5,0.5,0.5,0.5,0.5,0.5,0.5,0.5,0.5,0.5,0.5,0.5,0.5,0.5,0.5,0.5,0.5,0.5,0.5,0.5,0.5,0.5,0.5,0.5,0.5,0.5,0.5,0.5,0.5,0.5,0.5,0.5,0.5,0.5,0.5,0.5,0.5,0.5,0.5,0.5,0.5,0.5,0.5,0.5,0.5,0.5,0.5,0.5,0.5,0.5,0.5,0.5,0.5,0.5,0.5,0.5,0.5,0.5,0.5,0.5,0.5,0.5,0.5,0.5,0.5,0.5,0.5,0.5,0.5,0.5,0.5,0.5,0.5,0.5,0.5,0.5,0.5,0.5,0.5,0.5,0.5,0.5,0.5,0.5,1,1,1,1,1,1,1,1,1,1,1,1,1,1,1,1,1,1,1,1,1,1,1,1,1,1,1,1,1,1,1,1,1,1,1,1,1,1,1,1,1,1,1,1,1,1,1,1,1,1,1,1,1,1,1,1,1,1,1,1,1,1,1,1,1,1,1,1,1,1,1,1,1,1,1,1,1,1,1,1,1,1,1,1,1,1,1,1,1,1,1,1,1,1,1,1,1,1,1,1,1,1,1,1,1,1,1,1,1,1,1,1,1,1,1,1,1,1,1,1
GSw_TransInvMaxLongTerm,0,0.0001,0.0001,0.0001,0.0001,0.0001,0.0001,0.0001,0.0001,0.0001,0.0001,0.0001,0.0001,0.0001,0.0001,0.0001,0.0001,0.0001,0.0001,0.0001,0.0001,0.0001,0.0001,0.0001,0.0001,0.0001,0.0001,0.0001,0.0001,0.0001,0.0001,1.82,1.82,1.82,1.82,1.82,1.82,1.82,1.82,1.82,1.82,1.82,1.82,1.82,1.82,1.82,1.82,1.82,1.82,1.82,1.82,1.82,1.82,1.82,1.82,1.82,1.82,1.82,1.82,1.82,1.82,3.64,3.64,3.64,3.64,3.64,3.64,3.64,3.64,3.64,3.64,3.64,3.64,3.64,3.64,3.64,3.64,3.64,3.64,3.64,3.64,3.64,3.64,3.64,3.64,3.64,3.64,3.64,3.64,3.64,3.64,0,0,0,0,0,0,0,0,0,0,0,0,0,0,0,0,0,0,0,0,0,0,0,0,0,0,0,0,0,0,0.0001,0.0001,0.0001,0.0001,0.0001,0.0001,0.0001,0.0001,0.0001,0.0001,0.0001,0.0001,0.0001,0.0001,0.0001,0.0001,0.0001,0.0001,0.0001,0.0001,0.0001,0.0001,0.0001,0.0001,0.0001,0.0001,0.0001,0.0001,0.0001,0.0001,1.82,1.82,1.82,1.82,1.82,1.82,1.82,1.82,1.82,1.82,1.82,1.82,1.82,1.82,1.82,1.82,1.82,1.82,1.82,1.82,1.82,1.82,1.82,1.82,1.82,1.82,1.82,1.82,1.82,1.82,3.64,3.64,3.64,3.64,3.64,3.64,3.64,3.64,3.64,3.64,3.64,3.64,3.64,3.64,3.64,3.64,3.64,3.64,3.64,3.64,3.64,3.64,3.64,3.64,3.64,3.64,3.64,3.64,3.64,3.64,0,0,0,0,0,0,0,0,0,0,0,0,0,0,0,0,0,0,0,0,0,0,0,0,0,0,0,0,0,0,0.0001,0.0001,0.0001,0.0001,0.0001,0.0001,0.0001,0.0001,0.0001,0.0001,0.0001,0.0001,0.0001,0.0001,0.0001,0.0001,0.0001,0.0001,0.0001,0.0001,0.0001,0.0001,0.0001,0.0001,0.0001,0.0001,0.0001,0.0001,0.0001,0.0001,1.82,1.82,1.82,1.82,1.82,1.82,1.82,1.82,1.82,1.82,1.82,1.82,1.82,1.82,1.82,1.82,1.82,1.82,1.82,1.82,1.82,1.82,1.82,1.82,1.82,1.82,1.82,1.82,1.82,1.82,3.64,3.64,3.64,3.64,3.64,3.64,3.64,3.64,3.64,3.64,3.64,3.64,3.64,3.64,3.64,3.64,3.64,3.64,3.64,3.64,3.64,3.64,3.64,3.64,3.64,3.64,3.64,3.64,3.64,3.64,0,0,0,0,0,0,0,0,0,0,0,0,0,0,0,0,0,0,0,0,0,0,0,0,0,0,0,0,0,0,0.0001,0.0001,0.0001,0.0001,0.0001,0.0001,0.0001,0.0001,0.0001,0.0001,0.0001,0.0001,0.0001,0.0001,0.0001,0.0001,0.0001,0.0001,0.0001,0.0001,0.0001,0.0001,0.0001,0.0001,0.0001,0.0001,0.0001,0.0001,0.0001,0.0001,1.82,1.82,1.82,1.82,1.82,1.82,1.82,1.82,1.82,1.82,1.82,1.82,1.82,1.82,1.82,1.82,1.82,1.82,1.82,1.82,1.82,1.82,1.82,1.82,1.82,1.82,1.82,1.82,1.82,1.82,3.64,3.64,3.64,3.64,3.64,3.64,3.64,3.64,3.64,3.64,3.64,3.64,3.64,3.64,3.64,3.64,3.64,3.64,3.64,3.64,3.64,3.64,3.64,3.64,3.64,3.64,3.64,3.64,3.64,3.64,0,0,0,0,0,0,0,0,0,0,0,0,0,0,0,0,0,0,0,0,0,0,0,0,0,0,0,0,0,0
GSw_TransHurdleLevel1,transgrp,,,,,,,,,,,,,st,st,st,st,st,st,transreg,transreg,transreg,transreg,transreg,transreg,transreg,transreg,transreg,transreg,transreg,transreg,,,,,,,,,,,,,st,st,st,st,st,st,transreg,transreg,transreg,transreg,transreg,transreg,transreg,transreg,transreg,transreg,transreg,transreg,,,,,,,,,,,,,st,st,st,st,st,st,transreg,transreg,transreg,transreg,transreg,transreg,transreg,transreg,transreg,transreg,transreg,transreg,,,,,,,,,,,,,st,st,st,st,st,st,transreg,transreg,transreg,transreg,transreg,transreg,transreg,transreg,transreg,transreg,transreg,transreg,,,,,,,,,,,,,st,st,st,st,st,st,transreg,transreg,transreg,transreg,transreg,transreg,transreg,transreg,transreg,transreg,transreg,transreg,,,,,,,,,,,,,st,st,st,st,st,st,transreg,transreg,transreg,transreg,transreg,transreg,transreg,transreg,transreg,transreg,transreg,transreg,,,,,,,,,,,,,st,st,st,st,st,st,transreg,transreg,transreg,transreg,transreg,transreg,transreg,transreg,transreg,transreg,transreg,transreg,,,,,,,,,,,,,st,st,st,st,st,st,transreg,transreg,transreg,transreg,transreg,transreg,transreg,transreg,transreg,transreg,transreg,transreg,,,,,,,,,,,,,st,st,st,st,st,st,transreg,transreg,transreg,transreg,transreg,transreg,transreg,transreg,transreg,transreg,transreg,transreg,,,,,,,,,,,,,st,st,st,st,st,st,transreg,transreg,transreg,transreg,transreg,transreg,transreg,transreg,transreg,transreg,transreg,transreg,,,,,,,,,,,,,st,st,st,st,st,st,transreg,transreg,transreg,transreg,transreg,transreg,transreg,transreg,transreg,transreg,transreg,transreg,,,,,,,,,,,,,st,st,st,st,st,st,transreg,transreg,transreg,transreg,transreg,transreg,transreg,transreg,transreg,transreg,transreg,transreg,,,,,,,,,,,,,st,st,st,st,st,st,transreg,transreg,transreg,transreg,transreg,transreg,transreg,transreg,transreg,transreg,transreg,transreg,,,,,,,,,,,,,st,st,st,st,st,st,transreg,transreg,transreg,transreg,transreg,transreg,transreg,transreg,transreg,transreg,transreg,transreg,,,,,,,,,,,,,st,st,st,st,st,st,transreg,transreg,transreg,transreg,transreg,transreg,transreg,transreg,transreg,transreg,transreg,transreg,,,,,,,,,,,,,st,st,st,st,st,st,transreg,transreg,transreg,transreg,transreg,transreg,transreg,transreg,transreg,transreg,transreg,transreg
GSw_TransHurdleLevel2,hurdlereg,,,,,,,,,,,,,,,,,,,,,,,,,st,st,st,st,st,st,,,,,,,,,,,,,,,,,,,,,,,,,st,st,st,st,st,st,,,,,,,,,,,,,,,,,,,,,,,,,st,st,st,st,st,st,,,,,,,,,,,,,,,,,,,,,,,,,st,st,st,st,st,st,,,,,,,,,,,,,,,,,,,,,,,,,st,st,st,st,st,st,,,,,,,,,,,,,,,,,,,,,,,,,st,st,st,st,st,st,,,,,,,,,,,,,,,,,,,,,,,,,st,st,st,st,st,st,,,,,,,,,,,,,,,,,,,,,,,,,st,st,st,st,st,st,,,,,,,,,,,,,,,,,,,,,,,,,st,st,st,st,st,st,,,,,,,,,,,,,,,,,,,,,,,,,st,st,st,st,st,st,,,,,,,,,,,,,,,,,,,,,,,,,st,st,st,st,st,st,,,,,,,,,,,,,,,,,,,,,,,,,st,st,st,st,st,st,,,,,,,,,,,,,,,,,,,,,,,,,st,st,st,st,st,st,,,,,,,,,,,,,,,,,,,,,,,,,st,st,st,st,st,st,,,,,,,,,,,,,,,,,,,,,,,,,st,st,st,st,st,st,,,,,,,,,,,,,,,,,,,,,,,,,st,st,st,st,st,st
GSw_TransHurdleRate,0,0,0,0,0,0,0,1,1,1,1,1,1,1,1,1,1,1,1,1,1,1,1,1,1,1,1,1,1,1,1,0,0,0,0,0,0,1,1,1,1,1,1,1,1,1,1,1,1,1,1,1,1,1,1,1,1,1,1,1,1,0,0,0,0,0,0,1,1,1,1,1,1,1,1,1,1,1,1,1,1,1,1,1,1,1,1,1,1,1,1,0,0,0,0,0,0,1,1,1,1,1,1,1,1,1,1,1,1,1,1,1,1,1,1,1,1,1,1,1,1,0,0,0,0,0,0,1,1,1,1,1,1,1,1,1,1,1,1,1,1,1,1,1,1,1,1,1,1,1,1,0,0,0,0,0,0,1,1,1,1,1,1,1,1,1,1,1,1,1,1,1,1,1,1,1,1,1,1,1,1,0,0,0,0,0,0,1,1,1,1,1,1,1,1,1,1,1,1,1,1,1,1,1,1,1,1,1,1,1,1,0,0,0,0,0,0,1,1,1,1,1,1,1,1,1,1,1,1,1,1,1,1,1,1,1,1,1,1,1,1,0,0,0,0,0,0,1,1,1,1,1,1,1,1,1,1,1,1,1,1,1,1,1,1,1,1,1,1,1,1,0,0,0,0,0,0,1,1,1,1,1,1,1,1,1,1,1,1,1,1,1,1,1,1,1,1,1,1,1,1,0,0,0,0,0,0,1,1,1,1,1,1,1,1,1,1,1,1,1,1,1,1,1,1,1,1,1,1,1,1,0,0,0,0,0,0,1,1,1,1,1,1,1,1,1,1,1,1,1,1,1,1,1,1,1,1,1,1,1,1,0,0,0,0,0,0,1,1,1,1,1,1,1,1,1,1,1,1,1,1,1,1,1,1,1,1,1,1,1,1,0,0,0,0,0,0,1,1,1,1,1,1,1,1,1,1,1,1,1,1,1,1,1,1,1,1,1,1,1,1,0,0,0,0,0,0,1,1,1,1,1,1,1,1,1,1,1,1,1,1,1,1,1,1,1,1,1,1,1,1,0,0,0,0,0,0,1,1,1,1,1,1,1,1,1,1,1,1,1,1,1,1,1,1,1,1,1,1,1,1
