scenario,new_prefix
06_22_2026_lhs_Optimal,Optimal
06_22_2026_lhs_upv_R0001,upv_1
06_22_2026_lhs_upv_R0002,upv_2
06_22_2026_lhs_upv_R0003,upv_3
06_22_2026_lhs_upv_R0004,upv_4
06_22_2026_lhs_upv_R0005,upv_5
06_22_2026_lhs_upv_R0006,upv_6
06_22_2026_lhs_upv_R0007,upv_7
06_22_2026_lhs_upv_R0008,upv_8
06_22_2026_lhs_upv_R0009,upv_9
06_22_2026_lhs_upv_R0010,upv_10
06_22_2026_lhs_upv_R0011,upv_11
06_22_2026_lhs_upv_R0012,upv_12
06_22_2026_lhs_upv_R0013,upv_13
06_22_2026_lhs_upv_R0014,upv_14
06_22_2026_lhs_upv_R0015,upv_15
06_22_2026_lhs_upv_R0016,upv_16
06_22_2026_lhs_upv_R0017,upv_17
06_22_2026_lhs_upv_R0018,upv_18
06_22_2026_lhs_upv_R0019,upv_19
06_22_2026_lhs_upv_R0020,upv_20
06_22_2026_lhs_upv_R0021,upv_21
06_22_2026_lhs_upv_R0022,upv_22
06_22_2026_lhs_upv_R0023,upv_23
06_22_2026_lhs_upv_R0024,upv_24
06_22_2026_lhs_upv_R0025,upv_25
06_22_2026_lhs_upv_R0026,upv_26
06_22_2026_lhs_upv_R0027,upv_27
06_22_2026_lhs_upv_R0029,upv_29
06_22_2026_lhs_upv_R0030,upv_30
06_22_2026_lhs_upv_R0031,upv_31
06_22_2026_lhs_upv_R0032,upv_32
06_22_2026_lhs_upv_R0033,upv_33
06_22_2026_lhs_upv_R0034,upv_34
06_22_2026_lhs_upv_R0035,upv_35
06_22_2026_lhs_upv_R0036,upv_36
06_22_2026_lhs_upv_R0037,upv_37
06_22_2026_lhs_upv_R0039,upv_39
06_22_2026_lhs_upv_R0040,upv_40
06_22_2026_lhs_upv_R0041,upv_41
06_22_2026_lhs_upv_R0042,upv_42
06_22_2026_lhs_upv_R0043,upv_43
06_22_2026_lhs_upv_R0044,upv_44
06_22_2026_lhs_upv_R0045,upv_45
06_22_2026_lhs_upv_R0046,upv_46
06_22_2026_lhs_upv_R0047,upv_47
06_22_2026_lhs_upv_R0048,upv_48
06_22_2026_lhs_upv_R0049,upv_49
06_22_2026_lhs_upv_R0050,upv_50
06_22_2026_lhs_upv_R0051,upv_51
06_22_2026_lhs_upv_R0052,upv_52
06_22_2026_lhs_upv_R0053,upv_53
06_22_2026_lhs_upv_R0054,upv_54
06_22_2026_lhs_upv_R0055,upv_55
06_22_2026_lhs_upv_R0056,upv_56
06_22_2026_lhs_upv_R0057,upv_57
06_22_2026_lhs_upv_R0058,upv_58
06_22_2026_lhs_upv_R0059,upv_59
06_22_2026_lhs_upv_R0060,upv_60
06_22_2026_lhs_upv_R0061,upv_61
06_22_2026_lhs_upv_R0062,upv_62
06_22_2026_lhs_upv_R0063,upv_63
06_22_2026_lhs_upv_R0064,upv_64
06_22_2026_lhs_upv_R0065,upv_65
06_22_2026_lhs_upv_R0067,upv_67
06_22_2026_lhs_upv_R0068,upv_68
06_22_2026_lhs_upv_R0069,upv_69
06_22_2026_lhs_upv_R0070,upv_70
06_22_2026_lhs_upv_R0071,upv_71
06_22_2026_lhs_upv_R0072,upv_72
06_22_2026_lhs_upv_R0074,upv_74
06_22_2026_lhs_upv_R0075,upv_75
06_22_2026_lhs_upv_R0076,upv_76
06_22_2026_lhs_upv_R0077,upv_77
06_22_2026_lhs_upv_R0078,upv_78
06_22_2026_lhs_upv_R0079,upv_79
06_22_2026_lhs_upv_R0081,upv_81
06_22_2026_lhs_upv_R0082,upv_82
06_22_2026_lhs_upv_R0083,upv_83
06_22_2026_lhs_upv_R0084,upv_84
06_22_2026_lhs_upv_R0085,upv_85
06_22_2026_lhs_upv_R0086,upv_86
06_22_2026_lhs_upv_R0087,upv_87
06_22_2026_lhs_upv_R0089,upv_89
06_22_2026_lhs_upv_R0090,upv_90
06_22_2026_lhs_upv_R0091,upv_91
06_22_2026_lhs_upv_R0092,upv_92
06_22_2026_lhs_upv_R0093,upv_93
06_22_2026_lhs_upv_R0096,upv_96
06_22_2026_lhs_upv_R0099,upv_99
06_22_2026_lhs_upv_R0100,upv_100
06_22_2026_lhs_upv_R0101,upv_101
06_22_2026_lhs_upv_R0102,upv_102
06_22_2026_lhs_upv_R0104,upv_104
06_22_2026_lhs_upv_R0106,upv_106
06_22_2026_lhs_upv_R0107,upv_107
06_22_2026_lhs_upv_R0108,upv_108
06_22_2026_lhs_upv_R0109,upv_109
06_22_2026_lhs_upv_R0110,upv_110
06_22_2026_lhs_upv_R0111,upv_111
06_22_2026_lhs_upv_R0112,upv_112
06_22_2026_lhs_upv_R0113,upv_113
06_22_2026_lhs_upv_R0114,upv_114
06_22_2026_lhs_upv_R0115,upv_115
06_22_2026_lhs_upv_R0116,upv_116
06_22_2026_lhs_upv_R0118,upv_118
06_22_2026_lhs_upv_R0119,upv_119
06_22_2026_lhs_upv_R0121,upv_121
06_22_2026_lhs_upv_R0122,upv_122
06_22_2026_lhs_upv_R0123,upv_123
06_22_2026_lhs_upv_R0124,upv_124
06_22_2026_lhs_upv_R0125,upv_125
06_22_2026_lhs_upv_R0126,upv_126
06_22_2026_lhs_upv_R0127,upv_127
06_22_2026_lhs_upv_R0128,upv_128
06_22_2026_lhs_upv_R0129,upv_129
06_22_2026_lhs_upv_R0131,upv_131
06_22_2026_lhs_upv_R0132,upv_132
06_22_2026_lhs_upv_R0134,upv_134
06_22_2026_lhs_upv_R0135,upv_135
06_22_2026_lhs_upv_R0136,upv_136
06_22_2026_lhs_upv_R0137,upv_137
06_22_2026_lhs_upv_R0138,upv_138
06_22_2026_lhs_upv_R0139,upv_139
06_22_2026_lhs_upv_R0140,upv_140
06_22_2026_lhs_upv_R0141,upv_141
06_22_2026_lhs_upv_R0142,upv_142
06_22_2026_lhs_upv_R0143,upv_143
06_22_2026_lhs_upv_R0145,upv_145
06_22_2026_lhs_upv_R0146,upv_146
06_22_2026_lhs_upv_R0147,upv_147
06_22_2026_lhs_upv_R0148,upv_148
06_22_2026_lhs_upv_R0149,upv_149
06_22_2026_lhs_upv_R0151,upv_151
06_22_2026_lhs_upv_R0152,upv_152
06_22_2026_lhs_upv_R0153,upv_153
06_22_2026_lhs_upv_R0154,upv_154
06_22_2026_lhs_upv_R0155,upv_155
06_22_2026_lhs_upv_R0156,upv_156
06_22_2026_lhs_upv_R0157,upv_157
06_22_2026_lhs_upv_R0158,upv_158
06_22_2026_lhs_upv_R0159,upv_159
06_22_2026_lhs_upv_R0160,upv_160
06_22_2026_lhs_upv_R0161,upv_161
06_22_2026_lhs_upv_R0162,upv_162
06_22_2026_lhs_upv_R0163,upv_163
06_22_2026_lhs_upv_R0164,upv_164
06_22_2026_lhs_upv_R0165,upv_165
06_22_2026_lhs_upv_R0166,upv_166
06_22_2026_lhs_upv_R0167,upv_167
06_22_2026_lhs_upv_R0168,upv_168
06_22_2026_lhs_upv_R0169,upv_169
06_22_2026_lhs_upv_R0170,upv_170
06_22_2026_lhs_upv_R0171,upv_171
06_22_2026_lhs_upv_R0172,upv_172
06_22_2026_lhs_upv_R0173,upv_173
06_22_2026_lhs_upv_R0174,upv_174
06_22_2026_lhs_upv_R0175,upv_175
06_22_2026_lhs_upv_R0176,upv_176
06_22_2026_lhs_upv_R0177,upv_177
06_22_2026_lhs_upv_R0178,upv_178
06_22_2026_lhs_upv_R0179,upv_179
06_22_2026_lhs_upv_R0180,upv_180
06_22_2026_lhs_upv_R0181,upv_181
06_22_2026_lhs_upv_R0182,upv_182
06_22_2026_lhs_upv_R0183,upv_183
06_22_2026_lhs_upv_R0184,upv_184
06_22_2026_lhs_upv_R0185,upv_185
06_22_2026_lhs_upv_R0186,upv_186
06_22_2026_lhs_upv_R0187,upv_187
06_22_2026_lhs_upv_R0188,upv_188
06_22_2026_lhs_upv_R0189,upv_189
06_22_2026_lhs_upv_R0192,upv_192
06_22_2026_lhs_upv_R0193,upv_193
06_22_2026_lhs_upv_R0194,upv_194
06_22_2026_lhs_upv_R0195,upv_195
06_22_2026_lhs_upv_R0196,upv_196
06_22_2026_lhs_upv_R0197,upv_197
06_22_2026_lhs_upv_R0198,upv_198
06_22_2026_lhs_upv_R0199,upv_199
06_22_2026_lhs_upv_R0200,upv_200
06_22_2026_lhs_wind_R0001,wind_1
06_22_2026_lhs_wind_R0002,wind_2
06_22_2026_lhs_wind_R0003,wind_3
06_22_2026_lhs_wind_R0004,wind_4
06_22_2026_lhs_wind_R0005,wind_5
06_22_2026_lhs_wind_R0006,wind_6
06_22_2026_lhs_wind_R0007,wind_7
06_22_2026_lhs_wind_R0008,wind_8
06_22_2026_lhs_wind_R0009,wind_9
06_22_2026_lhs_wind_R0010,wind_10
06_22_2026_lhs_wind_R0011,wind_11
06_22_2026_lhs_wind_R0013,wind_13
06_22_2026_lhs_wind_R0014,wind_14
06_22_2026_lhs_wind_R0015,wind_15
06_22_2026_lhs_wind_R0017,wind_17
06_22_2026_lhs_wind_R0018,wind_18
06_22_2026_lhs_wind_R0019,wind_19
06_22_2026_lhs_wind_R0020,wind_20
06_22_2026_lhs_wind_R0021,wind_21
06_22_2026_lhs_wind_R0022,wind_22
06_22_2026_lhs_wind_R0023,wind_23
06_22_2026_lhs_wind_R0024,wind_24
06_22_2026_lhs_wind_R0025,wind_25
06_22_2026_lhs_wind_R0026,wind_26
06_22_2026_lhs_wind_R0028,wind_28
06_22_2026_lhs_wind_R0029,wind_29
06_22_2026_lhs_wind_R0030,wind_30
06_22_2026_lhs_wind_R0031,wind_31
06_22_2026_lhs_wind_R0032,wind_32
06_22_2026_lhs_wind_R0033,wind_33
06_22_2026_lhs_wind_R0034,wind_34
06_22_2026_lhs_wind_R0035,wind_35
06_22_2026_lhs_wind_R0036,wind_36
06_22_2026_lhs_wind_R0037,wind_37
06_22_2026_lhs_wind_R0039,wind_39
06_22_2026_lhs_wind_R0040,wind_40
06_22_2026_lhs_wind_R0042,wind_42
06_22_2026_lhs_wind_R0043,wind_43
06_22_2026_lhs_wind_R0044,wind_44
06_22_2026_lhs_wind_R0045,wind_45
06_22_2026_lhs_wind_R0046,wind_46
06_22_2026_lhs_wind_R0047,wind_47
06_22_2026_lhs_wind_R0048,wind_48
06_22_2026_lhs_wind_R0049,wind_49
06_22_2026_lhs_wind_R0050,wind_50
06_22_2026_lhs_wind_R0051,wind_51
06_22_2026_lhs_wind_R0052,wind_52
06_22_2026_lhs_wind_R0053,wind_53
06_22_2026_lhs_wind_R0054,wind_54
06_22_2026_lhs_wind_R0055,wind_55
06_22_2026_lhs_wind_R0056,wind_56
06_22_2026_lhs_wind_R0057,wind_57
06_22_2026_lhs_wind_R0058,wind_58
06_22_2026_lhs_wind_R0059,wind_59
06_22_2026_lhs_wind_R0060,wind_60
06_22_2026_lhs_wind_R0061,wind_61
06_22_2026_lhs_wind_R0062,wind_62
06_22_2026_lhs_wind_R0063,wind_63
06_22_2026_lhs_wind_R0064,wind_64
06_22_2026_lhs_wind_R0065,wind_65
06_22_2026_lhs_wind_R0066,wind_66
06_22_2026_lhs_wind_R0068,wind_68
06_22_2026_lhs_wind_R0069,wind_69
06_22_2026_lhs_wind_R0070,wind_70
06_22_2026_lhs_wind_R0071,wind_71
06_22_2026_lhs_wind_R0072,wind_72
06_22_2026_lhs_wind_R0073,wind_73
06_22_2026_lhs_wind_R0074,wind_74
06_22_2026_lhs_wind_R0076,wind_76
06_22_2026_lhs_wind_R0077,wind_77
06_22_2026_lhs_wind_R0079,wind_79
06_22_2026_lhs_wind_R0080,wind_80
06_22_2026_lhs_wind_R0081,wind_81
06_22_2026_lhs_wind_R0082,wind_82
06_22_2026_lhs_wind_R0083,wind_83
06_22_2026_lhs_wind_R0085,wind_85
06_22_2026_lhs_wind_R0086,wind_86
06_22_2026_lhs_wind_R0087,wind_87
06_22_2026_lhs_wind_R0088,wind_88
06_22_2026_lhs_wind_R0089,wind_89
06_22_2026_lhs_wind_R0090,wind_90
06_22_2026_lhs_wind_R0091,wind_91
06_22_2026_lhs_wind_R0092,wind_92
06_22_2026_lhs_wind_R0095,wind_95
06_22_2026_lhs_wind_R0096,wind_96
06_22_2026_lhs_wind_R0097,wind_97
06_22_2026_lhs_wind_R0098,wind_98
06_22_2026_lhs_wind_R0099,wind_99
06_22_2026_lhs_wind_R0100,wind_100
06_22_2026_lhs_wind_R0101,wind_101
06_22_2026_lhs_wind_R0102,wind_102
06_22_2026_lhs_wind_R0103,wind_103
06_22_2026_lhs_wind_R0104,wind_104
06_22_2026_lhs_wind_R0105,wind_105
06_22_2026_lhs_wind_R0107,wind_107
06_22_2026_lhs_wind_R0108,wind_108
06_22_2026_lhs_wind_R0109,wind_109
06_22_2026_lhs_wind_R0110,wind_110
06_22_2026_lhs_wind_R0111,wind_111
06_22_2026_lhs_wind_R0112,wind_112
06_22_2026_lhs_wind_R0113,wind_113
06_22_2026_lhs_wind_R0114,wind_114
06_22_2026_lhs_wind_R0115,wind_115
06_22_2026_lhs_wind_R0118,wind_118
06_22_2026_lhs_wind_R0119,wind_119
06_22_2026_lhs_wind_R0120,wind_120
06_22_2026_lhs_wind_R0121,wind_121
06_22_2026_lhs_wind_R0122,wind_122
06_22_2026_lhs_wind_R0124,wind_124
06_22_2026_lhs_wind_R0125,wind_125
06_22_2026_lhs_wind_R0126,wind_126
06_22_2026_lhs_wind_R0127,wind_127
06_22_2026_lhs_wind_R0128,wind_128
06_22_2026_lhs_wind_R0129,wind_129
06_22_2026_lhs_wind_R0130,wind_130
06_22_2026_lhs_wind_R0131,wind_131
06_22_2026_lhs_wind_R0132,wind_132
06_22_2026_lhs_wind_R0133,wind_133
06_22_2026_lhs_wind_R0134,wind_134
06_22_2026_lhs_wind_R0135,wind_135
06_22_2026_lhs_wind_R0136,wind_136
06_22_2026_lhs_wind_R0137,wind_137
06_22_2026_lhs_wind_R0138,wind_138
06_22_2026_lhs_wind_R0141,wind_141
06_22_2026_lhs_wind_R0144,wind_144
06_22_2026_lhs_wind_R0145,wind_145
06_22_2026_lhs_wind_R0146,wind_146
06_22_2026_lhs_wind_R0147,wind_147
06_22_2026_lhs_wind_R0148,wind_148
06_22_2026_lhs_wind_R0149,wind_149
06_22_2026_lhs_wind_R0150,wind_150
06_22_2026_lhs_wind_R0151,wind_151
06_22_2026_lhs_wind_R0152,wind_152
06_22_2026_lhs_wind_R0153,wind_153
06_22_2026_lhs_wind_R0154,wind_154
06_22_2026_lhs_wind_R0155,wind_155
06_22_2026_lhs_wind_R0156,wind_156
06_22_2026_lhs_wind_R0157,wind_157
06_22_2026_lhs_wind_R0158,wind_158
06_22_2026_lhs_wind_R0160,wind_160
06_22_2026_lhs_wind_R0162,wind_162
06_22_2026_lhs_wind_R0163,wind_163
06_22_2026_lhs_wind_R0164,wind_164
06_22_2026_lhs_wind_R0165,wind_165
06_22_2026_lhs_wind_R0166,wind_166
06_22_2026_lhs_wind_R0167,wind_167
06_22_2026_lhs_wind_R0168,wind_168
06_22_2026_lhs_wind_R0170,wind_170
06_22_2026_lhs_wind_R0171,wind_171
06_22_2026_lhs_wind_R0172,wind_172
06_22_2026_lhs_wind_R0173,wind_173
06_22_2026_lhs_wind_R0174,wind_174
06_22_2026_lhs_wind_R0175,wind_175
06_22_2026_lhs_wind_R0176,wind_176
06_22_2026_lhs_wind_R0177,wind_177
06_22_2026_lhs_wind_R0178,wind_178
06_22_2026_lhs_wind_R0179,wind_179
06_22_2026_lhs_wind_R0180,wind_180
06_22_2026_lhs_wind_R0183,wind_183
06_22_2026_lhs_wind_R0185,wind_185
06_22_2026_lhs_wind_R0186,wind_186
06_22_2026_lhs_wind_R0188,wind_188
06_22_2026_lhs_wind_R0189,wind_189
06_22_2026_lhs_wind_R0190,wind_190
06_22_2026_lhs_wind_R0191,wind_191
06_22_2026_lhs_wind_R0194,wind_194
06_22_2026_lhs_wind_R0195,wind_195
06_22_2026_lhs_wind_R0196,wind_196
06_22_2026_lhs_wind_R0197,wind_197
06_22_2026_lhs_wind_R0199,wind_199
06_22_2026_lhs_gas_R0001,gas_1
06_22_2026_lhs_gas_R0002,gas_2
06_22_2026_lhs_gas_R0003,gas_3
06_22_2026_lhs_gas_R0004,gas_4
06_22_2026_lhs_gas_R0005,gas_5
06_22_2026_lhs_gas_R0006,gas_6
06_22_2026_lhs_gas_R0007,gas_7
06_22_2026_lhs_gas_R0008,gas_8
06_22_2026_lhs_gas_R0009,gas_9
06_22_2026_lhs_gas_R0011,gas_11
06_22_2026_lhs_gas_R0012,gas_12
06_22_2026_lhs_gas_R0013,gas_13
06_22_2026_lhs_gas_R0014,gas_14
06_22_2026_lhs_gas_R0016,gas_16
06_22_2026_lhs_gas_R0017,gas_17
06_22_2026_lhs_gas_R0018,gas_18
06_22_2026_lhs_gas_R0019,gas_19
06_22_2026_lhs_gas_R0020,gas_20
06_22_2026_lhs_gas_R0021,gas_21
06_22_2026_lhs_gas_R0022,gas_22
06_22_2026_lhs_gas_R0023,gas_23
06_22_2026_lhs_gas_R0024,gas_24
06_22_2026_lhs_gas_R0026,gas_26
06_22_2026_lhs_gas_R0027,gas_27
06_22_2026_lhs_gas_R0028,gas_28
06_22_2026_lhs_gas_R0029,gas_29
06_22_2026_lhs_gas_R0030,gas_30
06_22_2026_lhs_gas_R0031,gas_31
06_22_2026_lhs_gas_R0032,gas_32
06_22_2026_lhs_gas_R0033,gas_33
06_22_2026_lhs_gas_R0034,gas_34
06_22_2026_lhs_gas_R0035,gas_35
06_22_2026_lhs_gas_R0036,gas_36
06_22_2026_lhs_gas_R0037,gas_37
06_22_2026_lhs_gas_R0038,gas_38
06_22_2026_lhs_gas_R0039,gas_39
06_22_2026_lhs_gas_R0040,gas_40
06_22_2026_lhs_gas_R0041,gas_41
06_22_2026_lhs_gas_R0042,gas_42
06_22_2026_lhs_gas_R0043,gas_43
06_22_2026_lhs_gas_R0044,gas_44
06_22_2026_lhs_gas_R0045,gas_45
06_22_2026_lhs_gas_R0046,gas_46
06_22_2026_lhs_gas_R0047,gas_47
06_22_2026_lhs_gas_R0048,gas_48
06_22_2026_lhs_gas_R0049,gas_49
06_22_2026_lhs_gas_R0050,gas_50
06_22_2026_lhs_gas_R0051,gas_51
06_22_2026_lhs_gas_R0052,gas_52
06_22_2026_lhs_gas_R0053,gas_53
06_22_2026_lhs_gas_R0054,gas_54
06_22_2026_lhs_gas_R0055,gas_55
06_22_2026_lhs_gas_R0056,gas_56
06_22_2026_lhs_gas_R0057,gas_57
06_22_2026_lhs_gas_R0058,gas_58
06_22_2026_lhs_gas_R0059,gas_59
06_22_2026_lhs_gas_R0060,gas_60
06_22_2026_lhs_gas_R0061,gas_61
06_22_2026_lhs_gas_R0062,gas_62
06_22_2026_lhs_gas_R0063,gas_63
06_22_2026_lhs_gas_R0064,gas_64
06_22_2026_lhs_gas_R0065,gas_65
06_22_2026_lhs_gas_R0066,gas_66
06_22_2026_lhs_gas_R0067,gas_67
06_22_2026_lhs_gas_R0068,gas_68
06_22_2026_lhs_gas_R0069,gas_69
06_22_2026_lhs_gas_R0070,gas_70
06_22_2026_lhs_gas_R0071,gas_71
06_22_2026_lhs_gas_R0072,gas_72
06_22_2026_lhs_gas_R0074,gas_74
06_22_2026_lhs_gas_R0075,gas_75
06_22_2026_lhs_gas_R0076,gas_76
06_22_2026_lhs_gas_R0077,gas_77
06_22_2026_lhs_gas_R0078,gas_78
06_22_2026_lhs_gas_R0079,gas_79
06_22_2026_lhs_gas_R0080,gas_80
06_22_2026_lhs_gas_R0081,gas_81
06_22_2026_lhs_gas_R0082,gas_82
06_22_2026_lhs_gas_R0084,gas_84
06_22_2026_lhs_gas_R0085,gas_85
06_22_2026_lhs_gas_R0086,gas_86
06_22_2026_lhs_gas_R0087,gas_87
06_22_2026_lhs_gas_R0088,gas_88
06_22_2026_lhs_gas_R0089,gas_89
06_22_2026_lhs_gas_R0090,gas_90
06_22_2026_lhs_gas_R0091,gas_91
06_22_2026_lhs_gas_R0092,gas_92
06_22_2026_lhs_gas_R0094,gas_94
06_22_2026_lhs_gas_R0097,gas_97
06_22_2026_lhs_gas_R0098,gas_98
06_22_2026_lhs_gas_R0099,gas_99
06_22_2026_lhs_gas_R0100,gas_100
06_22_2026_lhs_gas_R0101,gas_101
06_22_2026_lhs_gas_R0102,gas_102
06_22_2026_lhs_gas_R0103,gas_103
06_22_2026_lhs_gas_R0104,gas_104
06_22_2026_lhs_gas_R0105,gas_105
06_22_2026_lhs_gas_R0106,gas_106
06_22_2026_lhs_gas_R0107,gas_107
06_22_2026_lhs_gas_R0108,gas_108
06_22_2026_lhs_gas_R0109,gas_109
06_22_2026_lhs_gas_R0110,gas_110
06_22_2026_lhs_gas_R0111,gas_111
06_22_2026_lhs_gas_R0112,gas_112
06_22_2026_lhs_gas_R0113,gas_113
06_22_2026_lhs_gas_R0114,gas_114
06_22_2026_lhs_gas_R0115,gas_115
06_22_2026_lhs_gas_R0117,gas_117
06_22_2026_lhs_gas_R0118,gas_118
06_22_2026_lhs_gas_R0119,gas_119
06_22_2026_lhs_gas_R0120,gas_120
06_22_2026_lhs_gas_R0121,gas_121
06_22_2026_lhs_gas_R0122,gas_122
06_22_2026_lhs_gas_R0123,gas_123
06_22_2026_lhs_gas_R0124,gas_124
06_22_2026_lhs_gas_R0125,gas_125
06_22_2026_lhs_gas_R0126,gas_126
06_22_2026_lhs_gas_R0127,gas_127
06_22_2026_lhs_gas_R0128,gas_128
06_22_2026_lhs_gas_R0129,gas_129
06_22_2026_lhs_gas_R0130,gas_130
06_22_2026_lhs_gas_R0131,gas_131
06_22_2026_lhs_gas_R0132,gas_132
06_22_2026_lhs_gas_R0133,gas_133
06_22_2026_lhs_gas_R0134,gas_134
06_22_2026_lhs_gas_R0135,gas_135
06_22_2026_lhs_gas_R0136,gas_136
06_22_2026_lhs_gas_R0137,gas_137
06_22_2026_lhs_gas_R0138,gas_138
06_22_2026_lhs_gas_R0139,gas_139
06_22_2026_lhs_gas_R0140,gas_140
06_22_2026_lhs_gas_R0142,gas_142
06_22_2026_lhs_gas_R0143,gas_143
06_22_2026_lhs_gas_R0144,gas_144
06_22_2026_lhs_gas_R0145,gas_145
06_22_2026_lhs_gas_R0146,gas_146
06_22_2026_lhs_gas_R0147,gas_147
06_22_2026_lhs_gas_R0148,gas_148
06_22_2026_lhs_gas_R0149,gas_149
06_22_2026_lhs_gas_R0150,gas_150
06_22_2026_lhs_gas_R0151,gas_151
06_22_2026_lhs_gas_R0152,gas_152
06_22_2026_lhs_gas_R0153,gas_153
06_22_2026_lhs_gas_R0154,gas_154
06_22_2026_lhs_gas_R0156,gas_156
06_22_2026_lhs_gas_R0157,gas_157
06_22_2026_lhs_gas_R0158,gas_158
06_22_2026_lhs_gas_R0159,gas_159
06_22_2026_lhs_gas_R0160,gas_160
06_22_2026_lhs_gas_R0161,gas_161
06_22_2026_lhs_gas_R0162,gas_162
06_22_2026_lhs_gas_R0163,gas_163
06_22_2026_lhs_gas_R0164,gas_164
06_22_2026_lhs_gas_R0165,gas_165
06_22_2026_lhs_gas_R0166,gas_166
06_22_2026_lhs_gas_R0167,gas_167
06_22_2026_lhs_gas_R0168,gas_168
06_22_2026_lhs_gas_R0169,gas_169
06_22_2026_lhs_gas_R0170,gas_170
06_22_2026_lhs_gas_R0172,gas_172
06_22_2026_lhs_gas_R0174,gas_174
06_22_2026_lhs_gas_R0175,gas_175
06_22_2026_lhs_gas_R0176,gas_176
06_22_2026_lhs_gas_R0177,gas_177
06_22_2026_lhs_gas_R0178,gas_178
06_22_2026_lhs_gas_R0179,gas_179
06_22_2026_lhs_gas_R0180,gas_180
06_22_2026_lhs_gas_R0181,gas_181
06_22_2026_lhs_gas_R0182,gas_182
06_22_2026_lhs_gas_R0183,gas_183
06_22_2026_lhs_gas_R0184,gas_184
06_22_2026_lhs_gas_R0186,gas_186
06_22_2026_lhs_gas_R0188,gas_188
06_22_2026_lhs_gas_R0189,gas_189
06_22_2026_lhs_gas_R0190,gas_190
06_22_2026_lhs_gas_R0192,gas_192
06_22_2026_lhs_gas_R0193,gas_193
06_22_2026_lhs_gas_R0194,gas_194
06_22_2026_lhs_gas_R0195,gas_195
06_22_2026_lhs_gas_R0196,gas_196
06_22_2026_lhs_gas_R0197,gas_197
06_22_2026_lhs_gas_R0198,gas_198
06_22_2026_lhs_gas_R0199,gas_199
06_22_2026_lhs_gas_R0200,gas_200
06_22_2026_lhs_gentech_R0001,gentech_1
06_22_2026_lhs_gentech_R0002,gentech_2
06_22_2026_lhs_gentech_R0003,gentech_3
06_22_2026_lhs_gentech_R0004,gentech_4
06_22_2026_lhs_gentech_R0005,gentech_5
06_22_2026_lhs_gentech_R0006,gentech_6
06_22_2026_lhs_gentech_R0007,gentech_7
06_22_2026_lhs_gentech_R0008,gentech_8
06_22_2026_lhs_gentech_R0009,gentech_9
06_22_2026_lhs_gentech_R0010,gentech_10
06_22_2026_lhs_gentech_R0011,gentech_11
06_22_2026_lhs_gentech_R0012,gentech_12
06_22_2026_lhs_gentech_R0013,gentech_13
06_22_2026_lhs_gentech_R0014,gentech_14
06_22_2026_lhs_gentech_R0015,gentech_15
06_22_2026_lhs_gentech_R0016,gentech_16
06_22_2026_lhs_gentech_R0017,gentech_17
06_22_2026_lhs_gentech_R0018,gentech_18
06_22_2026_lhs_gentech_R0019,gentech_19
06_22_2026_lhs_gentech_R0020,gentech_20
06_22_2026_lhs_gentech_R0021,gentech_21
06_22_2026_lhs_gentech_R0022,gentech_22
06_22_2026_lhs_gentech_R0023,gentech_23
06_22_2026_lhs_gentech_R0024,gentech_24
06_22_2026_lhs_gentech_R0025,gentech_25
06_22_2026_lhs_gentech_R0026,gentech_26
06_22_2026_lhs_gentech_R0027,gentech_27
06_22_2026_lhs_gentech_R0028,gentech_28
06_22_2026_lhs_gentech_R0029,gentech_29
06_22_2026_lhs_gentech_R0030,gentech_30
06_22_2026_lhs_gentech_R0031,gentech_31
06_22_2026_lhs_gentech_R0032,gentech_32
06_22_2026_lhs_gentech_R0033,gentech_33
06_22_2026_lhs_gentech_R0034,gentech_34
06_22_2026_lhs_gentech_R0035,gentech_35
06_22_2026_lhs_gentech_R0036,gentech_36
06_22_2026_lhs_gentech_R0037,gentech_37
06_22_2026_lhs_gentech_R0038,gentech_38
06_22_2026_lhs_gentech_R0039,gentech_39
06_22_2026_lhs_gentech_R0040,gentech_40
06_22_2026_lhs_gentech_R0041,gentech_41
06_22_2026_lhs_gentech_R0042,gentech_42
06_22_2026_lhs_gentech_R0043,gentech_43
06_22_2026_lhs_gentech_R0044,gentech_44
06_22_2026_lhs_gentech_R0045,gentech_45
06_22_2026_lhs_gentech_R0047,gentech_47
06_22_2026_lhs_gentech_R0048,gentech_48
06_22_2026_lhs_gentech_R0050,gentech_50
06_22_2026_lhs_gentech_R0051,gentech_51
06_22_2026_lhs_gentech_R0052,gentech_52
06_22_2026_lhs_gentech_R0053,gentech_53
06_22_2026_lhs_gentech_R0054,gentech_54
06_22_2026_lhs_gentech_R0055,gentech_55
06_22_2026_lhs_gentech_R0056,gentech_56
06_22_2026_lhs_gentech_R0057,gentech_57
06_22_2026_lhs_gentech_R0058,gentech_58
06_22_2026_lhs_gentech_R0059,gentech_59
06_22_2026_lhs_gentech_R0060,gentech_60
06_22_2026_lhs_gentech_R0061,gentech_61
06_22_2026_lhs_gentech_R0062,gentech_62
06_22_2026_lhs_gentech_R0063,gentech_63
06_22_2026_lhs_gentech_R0064,gentech_64
06_22_2026_lhs_gentech_R0065,gentech_65
06_22_2026_lhs_gentech_R0066,gentech_66
06_22_2026_lhs_gentech_R0067,gentech_67
06_22_2026_lhs_gentech_R0068,gentech_68
06_22_2026_lhs_gentech_R0069,gentech_69
06_22_2026_lhs_gentech_R0070,gentech_70
06_22_2026_lhs_gentech_R0071,gentech_71
06_22_2026_lhs_gentech_R0072,gentech_72
06_22_2026_lhs_gentech_R0073,gentech_73
06_22_2026_lhs_gentech_R0074,gentech_74
06_22_2026_lhs_gentech_R0075,gentech_75
06_22_2026_lhs_gentech_R0076,gentech_76
06_22_2026_lhs_gentech_R0077,gentech_77
06_22_2026_lhs_gentech_R0078,gentech_78
06_22_2026_lhs_gentech_R0079,gentech_79
06_22_2026_lhs_gentech_R0080,gentech_80
06_22_2026_lhs_gentech_R0081,gentech_81
06_22_2026_lhs_gentech_R0083,gentech_83
06_22_2026_lhs_gentech_R0084,gentech_84
06_22_2026_lhs_gentech_R0085,gentech_85
06_22_2026_lhs_gentech_R0086,gentech_86
06_22_2026_lhs_gentech_R0087,gentech_87
06_22_2026_lhs_gentech_R0088,gentech_88
06_22_2026_lhs_gentech_R0089,gentech_89
06_22_2026_lhs_gentech_R0090,gentech_90
06_22_2026_lhs_gentech_R0091,gentech_91
06_22_2026_lhs_gentech_R0092,gentech_92
06_22_2026_lhs_gentech_R0093,gentech_93
06_22_2026_lhs_gentech_R0094,gentech_94
06_22_2026_lhs_gentech_R0095,gentech_95
06_22_2026_lhs_gentech_R0096,gentech_96
06_22_2026_lhs_gentech_R0097,gentech_97
06_22_2026_lhs_gentech_R0098,gentech_98
06_22_2026_lhs_gentech_R0100,gentech_100
06_22_2026_lhs_gentech_R0101,gentech_101
06_22_2026_lhs_gentech_R0102,gentech_102
06_22_2026_lhs_gentech_R0103,gentech_103
06_22_2026_lhs_gentech_R0104,gentech_104
06_22_2026_lhs_gentech_R0105,gentech_105
06_22_2026_lhs_gentech_R0106,gentech_106
06_22_2026_lhs_gentech_R0107,gentech_107
06_22_2026_lhs_gentech_R0108,gentech_108
06_22_2026_lhs_gentech_R0109,gentech_109
06_22_2026_lhs_gentech_R0110,gentech_110
06_22_2026_lhs_gentech_R0111,gentech_111
06_22_2026_lhs_gentech_R0112,gentech_112
06_22_2026_lhs_gentech_R0113,gentech_113
06_22_2026_lhs_gentech_R0114,gentech_114
06_22_2026_lhs_gentech_R0115,gentech_115
06_22_2026_lhs_gentech_R0116,gentech_116
06_22_2026_lhs_gentech_R0117,gentech_117
06_22_2026_lhs_gentech_R0118,gentech_118
06_22_2026_lhs_gentech_R0119,gentech_119
06_22_2026_lhs_gentech_R0120,gentech_120
06_22_2026_lhs_gentech_R0121,gentech_121
06_22_2026_lhs_gentech_R0122,gentech_122
06_22_2026_lhs_gentech_R0123,gentech_123
06_22_2026_lhs_gentech_R0124,gentech_124
06_22_2026_lhs_gentech_R0125,gentech_125
06_22_2026_lhs_gentech_R0126,gentech_126
06_22_2026_lhs_gentech_R0127,gentech_127
06_22_2026_lhs_gentech_R0128,gentech_128
06_22_2026_lhs_gentech_R0129,gentech_129
06_22_2026_lhs_gentech_R0130,gentech_130
06_22_2026_lhs_gentech_R0131,gentech_131
06_22_2026_lhs_gentech_R0132,gentech_132
06_22_2026_lhs_gentech_R0133,gentech_133
06_22_2026_lhs_gentech_R0134,gentech_134
06_22_2026_lhs_gentech_R0135,gentech_135
06_22_2026_lhs_gentech_R0136,gentech_136
06_22_2026_lhs_gentech_R0137,gentech_137
06_22_2026_lhs_gentech_R0138,gentech_138
06_22_2026_lhs_gentech_R0139,gentech_139
06_22_2026_lhs_gentech_R0140,gentech_140
06_22_2026_lhs_gentech_R0141,gentech_141
06_22_2026_lhs_gentech_R0142,gentech_142
06_22_2026_lhs_gentech_R0143,gentech_143
06_22_2026_lhs_gentech_R0144,gentech_144
06_22_2026_lhs_gentech_R0145,gentech_145
06_22_2026_lhs_gentech_R0146,gentech_146
06_22_2026_lhs_gentech_R0147,gentech_147
06_22_2026_lhs_gentech_R0148,gentech_148
06_22_2026_lhs_gentech_R0149,gentech_149
06_22_2026_lhs_gentech_R0150,gentech_150
06_22_2026_lhs_gentech_R0151,gentech_151
06_22_2026_lhs_gentech_R0152,gentech_152
06_22_2026_lhs_gentech_R0153,gentech_153
06_22_2026_lhs_gentech_R0154,gentech_154
06_22_2026_lhs_gentech_R0155,gentech_155
06_22_2026_lhs_gentech_R0156,gentech_156
06_22_2026_lhs_gentech_R0157,gentech_157
06_22_2026_lhs_gentech_R0158,gentech_158
06_22_2026_lhs_gentech_R0159,gentech_159
06_22_2026_lhs_gentech_R0160,gentech_160
06_22_2026_lhs_gentech_R0161,gentech_161
06_22_2026_lhs_gentech_R0162,gentech_162
06_22_2026_lhs_gentech_R0163,gentech_163
06_22_2026_lhs_gentech_R0165,gentech_165
06_22_2026_lhs_gentech_R0167,gentech_167
06_22_2026_lhs_gentech_R0168,gentech_168
06_22_2026_lhs_gentech_R0171,gentech_171
06_22_2026_lhs_gentech_R0172,gentech_172
06_22_2026_lhs_gentech_R0173,gentech_173
06_22_2026_lhs_gentech_R0174,gentech_174
06_22_2026_lhs_gentech_R0175,gentech_175
06_22_2026_lhs_gentech_R0176,gentech_176
06_22_2026_lhs_gentech_R0177,gentech_177
06_22_2026_lhs_gentech_R0178,gentech_178
06_22_2026_lhs_gentech_R0179,gentech_179
06_22_2026_lhs_gentech_R0180,gentech_180
06_22_2026_lhs_gentech_R0181,gentech_181
06_22_2026_lhs_gentech_R0182,gentech_182
06_22_2026_lhs_gentech_R0183,gentech_183
06_22_2026_lhs_gentech_R0184,gentech_184
06_22_2026_lhs_gentech_R0185,gentech_185
06_22_2026_lhs_gentech_R0186,gentech_186
06_22_2026_lhs_gentech_R0187,gentech_187
06_22_2026_lhs_gentech_R0188,gentech_188
06_22_2026_lhs_gentech_R0189,gentech_189
06_22_2026_lhs_gentech_R0190,gentech_190
06_22_2026_lhs_gentech_R0193,gentech_193
06_22_2026_lhs_gentech_R0194,gentech_194
06_22_2026_lhs_gentech_R0195,gentech_195
06_22_2026_lhs_gentech_R0196,gentech_196
06_22_2026_lhs_gentech_R0197,gentech_197
06_22_2026_lhs_gentech_R0198,gentech_198
06_22_2026_lhs_gentech_R0199,gentech_199
06_22_2026_lhs_gentech_R0200,gentech_200
06_22_2026_upv_max,upv_max
06_22_2026_upv_min,upv_min
06_22_2026_gas_max,gas_max
06_22_2026_gas_min,gas_min
06_22_2026_wind_min,wind_min