municipality_key,year,pv_mw,storage_mw,storage_mwh
adjuntas,2022,0.0,0.214958657,0.8598346259999999
adjuntas,2025,1.5888526539999999,0.6164000000000001,2.465599999
adjuntas,2028,2.029294814,0.696196172,2.784784685
adjuntas,2030,2.28880937,0.783304719,3.133218872
adjuntas,2035,2.7468453009999996,1.0920501384999999,4.368200555
adjuntas,2040,3.253972601,1.5869809149999998,6.347923659999999
adjuntas,2045,4.862507219499999,2.1612161015,8.6448644055
adjuntas,2050,6.171503046,2.623543721,10.494174889
aguada,2022,0.0,1.1566175,4.626469999999999
aguada,2025,4.999738688,1.9164690575,7.665876229499999
aguada,2028,6.385704658,2.148202059,8.592808235
aguada,2030,7.202334794,2.3732671,9.493068397
aguada,2035,8.643664145999999,3.198519503,12.7940780135
aguada,2040,10.239472276,4.590822924,18.363291698
aguada,2045,15.301145389,6.227319882,24.90927953
aguada,2050,19.420241684,7.549770151,30.199080607
aguadilla,2022,16.944871218,2.128516323,8.514065293
aguadilla,2025,17.793160600999997,4.443644663500001,17.774578650000002
aguadilla,2028,20.229362584,5.113993159,20.455972641000002
aguadilla,2030,21.664806165999998,6.007927914,24.031711659
aguadilla,2035,24.1983239495,9.016340024,36.065360091
aguadilla,2040,27.00337906,13.435679853,53.74271941799999
aguadilla,2045,35.900609114999995,18.440525537,73.762102158
aguadilla,2050,43.141010967,22.441687942,89.766751768
aguas buenas,2022,0.901514624,0.629594655,2.5183786180000003
aguas buenas,2025,2.9248854425,1.119208253,4.4768330135
aguas buenas,2028,3.7356861570000004,1.2531532939999999,5.012613173
aguas buenas,2030,4.213421041,1.3807141139999999,5.522856455
aguas buenas,2035,5.0566097575,1.851251407,7.405005627
aguas buenas,2040,5.990169740000001,2.6519422610000003,10.607769047000001
aguas buenas,2045,8.951287296,3.595039823,14.3801592985
aguas buenas,2050,11.360990196,4.357605758,17.430423038
aibonito,2022,1.6933599570000002,0.600844999,2.4033800000000003
aibonito,2025,3.6152099745,1.4523726154999999,5.8094904665
aibonito,2028,4.61737395,1.675553783,6.702215138
aibonito,2030,5.207862692,1.979148384,7.916593539
aibonito,2035,6.2500588100000005,2.996027158,11.9841086325
aibonito,2040,7.403955409,4.477007277999999,17.908029114
aibonito,2045,11.063948911,6.1499480735,24.5997922945
aibonito,2050,14.042384176999999,7.48638732,29.945549272
anasco,2022,0.0,0.908665001,3.63466
anasco,2025,4.513574483499999,1.8006274385,7.202509754499999
anasco,2028,5.764772001,2.068702709,8.274810834
anasco,2030,6.5019947170000005,2.4209826530000003,9.683930603
anasco,2035,7.803172196,3.6107391079999998,14.4429564325
anasco,2040,9.243807258,5.369651489,21.478605954
anasco,2045,13.813293789,7.365302636,29.461210546500002
anasco,2050,17.531857721,8.961618492,35.846473967
arecibo,2022,11.414000001,4.220435,16.881739995
arecibo,2025,17.703175033999997,7.0733651915,28.293460761
arecibo,2028,22.610631138,8.133939083,32.535756343
arecibo,2030,25.502171499,9.538768057,38.155072235
arecibo,2035,30.605659385499997,14.274186347499999,57.096745383999995
arecibo,2040,36.256128818,21.250826327,85.003305301
arecibo,2045,54.178602491999996,29.158530184500002,116.63412072599999
arecibo,2050,68.763581315,35.482002465,141.928009909
arroyo,2022,0.0,1.156069999,4.624280000000001
arroyo,2025,2.7530071009999997,1.418591943,5.6743677715
arroyo,2028,3.516161818,1.5426294189999998,6.170517672
arroyo,2030,3.96582303,1.687667535,6.75067014
arroyo,2035,4.759462495,2.1922294835000002,8.768917934
arroyo,2040,5.638162641999999,2.977103132,11.908412526
arroyo,2045,8.425272705,3.8804546105,15.52181844
arroyo,2050,10.693371514999999,4.6060766300000004,18.424306520000002
barceloneta,2022,0.0,1.406871083,5.62748433
barceloneta,2025,5.9752907785,2.7252917315000005,10.901166927
barceloneta,2028,7.631687284,3.1123578089999997,12.449431234999999
barceloneta,2030,8.607658794,3.6850407789999995,14.740163114
barceloneta,2035,10.330221215000002,5.566668117,22.266672466
barceloneta,2040,12.237404411,8.209595487,32.838381954
barceloneta,2045,18.286714296,11.162469849,44.649879392
barceloneta,2050,23.209531208,13.513649769999999,54.054599083
barranquitas,2022,0.9862844449999999,0.5197,2.0788
barranquitas,2025,5.4651041739999995,1.1630773625000002,4.652309450000001
barranquitas,2028,5.889857815,1.30693393,5.227735719
barranquitas,2030,6.638929856,1.452531695,5.8101267839999995
barranquitas,2035,8.1793133005,1.979876279,7.9195051175
barranquitas,2040,8.760450809000002,2.8536834069999997,11.414733627
barranquitas,2045,10.448734984,3.8761554435,15.504621777999999
barranquitas,2050,11.740151666000001,4.701366220000001,18.805464879
bayamon,2022,24.053999998000002,12.097002498,48.388010005
bayamon,2025,39.6432352585,16.5067872925,66.02714917
bayamon,2028,50.632644602,18.570877195,74.28350876900001
bayamon,2030,57.107755132,21.01465718,84.058628708
bayamon,2035,68.536144113,29.4882917315,117.953166934
bayamon,2040,81.189404834,42.598006510999994,170.39202604399998
bayamon,2045,121.32372194,57.6642515885,230.6570063635
bayamon,2050,153.984289577,69.76107763,279.044310423
cabo rojo,2022,7.049262689,3.280483863,13.121935449
cabo rojo,2025,8.453562228,3.8372360015,15.348944009
cabo rojo,2028,10.741859194,4.18935819,16.757432765
cabo rojo,2030,12.090155107,4.536844349,18.147377397
cabo rojo,2035,14.4698597035,5.804885390000001,23.2195415605
cabo rojo,2040,17.104616233999998,7.929378491,31.717513963000002
cabo rojo,2045,25.461683774,10.422192178500001,41.6887687225
cabo rojo,2050,32.262511336,12.435651886,49.742607553
caguas,2022,38.521650323,9.479860525,37.919442096000004
caguas,2025,43.3902124155,12.520113563,50.080454263
caguas,2028,49.066747693,13.863964917999999,55.455859661
caguas,2030,52.411440035,15.544175284,62.17670116
caguas,2035,58.314728496499995,21.289059489,85.1562379585
caguas,2040,64.850719526,29.968104869,119.87241943800001
caguas,2045,85.5819399015,39.8765967545,159.5063869965
caguas,2050,102.452625033,47.816856873000006,191.26742748
camuy,2022,0.0,1.07254,4.29016
camuy,2025,4.2835987585,1.6412433535000002,6.564973416000001
camuy,2028,5.471045239,1.8391833290000001,7.356733314
camuy,2030,6.170704972,2.030489973,8.121959895
camuy,2035,7.405584833500001,2.7329996745,10.9319986975
camuy,2040,8.772816633,3.920754578,15.683018312
camuy,2045,13.109478611,5.317559652,21.270238609499998
camuy,2050,16.638574201,6.446482303,25.785929212
canovanas,2022,6.338794541,2.792767671,11.171070685
canovanas,2025,13.42798656,3.0340467895,12.136187154
canovanas,2028,14.433360128,3.399104946,13.596419784
canovanas,2030,16.179340353999997,3.8004769410000003,15.20190777
canovanas,2035,19.804272523999998,5.2202670785,20.8810683125
canovanas,2040,21.2069517,7.489131392,29.956525567
canovanas,2045,25.2198881575,10.119380298,40.477521192
canovanas,2050,28.336952986,12.236543665,48.946174646
carolina,2022,16.918150154,19.995859471,79.983437877
carolina,2025,35.282106580000004,22.5692641315,90.277056511
carolina,2028,45.062577561,24.027193341,96.108773375
carolina,2030,50.825365020999996,25.925082699,103.700330797
carolina,2035,60.996523753,32.3495782695,129.3983130915
carolina,2040,72.257806801,41.886423064,167.54569222199999
carolina,2045,107.97697161599999,52.719726339000005,210.87890534550002
carolina,2050,137.04456967800002,61.388294013,245.553176108
catano,2022,0.0,1.185680002,4.74272
catano,2025,5.6116853495,2.2473459985,8.989383994499999
catano,2028,7.167287634,2.587857822,10.351431286
catano,2030,8.083869812,3.044119249,12.176476995
catano,2035,9.7016117195,4.5778450685,18.311380274999998
catano,2040,11.49273995,6.8262134979999995,27.304853987
catano,2045,17.173940232,9.370913708,37.483654830000006
catano,2050,21.797196328,11.404927368,45.619709471
cayey,2022,8.866,12.852265,51.409060000000004
cayey,2025,11.017785706000002,12.9095756595,51.638302643
cayey,2028,12.679600216,12.982175917000001,51.928703657
cayey,2030,13.658764089,13.063069175,52.252276703
cayey,2035,15.386960947999999,13.3481667585,53.392667032000006
cayey,2040,17.300382455,13.801110576,55.204442295999996
cayey,2045,23.369479385,14.325390923,57.301563688
cayey,2050,28.308398628,14.747212391,58.988849571
ceiba,2022,0.0,0.479823177,1.919292706
ceiba,2025,2.1231520355,0.8150877175000001,3.2603508695
ceiba,2028,2.7117060879999997,0.914540919,3.658163678
ceiba,2030,3.058490198,1.012767315,4.051069264
ceiba,2035,3.6705544545,1.3711233754999999,5.4844934975
ceiba,2040,4.348218527,1.9712972789999998,7.885189119
ceiba,2045,6.497671174500001,2.6754583469999997,10.7018333905
ceiba,2050,8.246856128,3.244198551,12.976794206
ciales,2022,0.0,0.469461888,1.8778475510000001
ciales,2025,1.995528871,0.772898466,3.091593863
ciales,2028,2.548704804,0.872056225,3.488224897
ciales,2030,2.87464364,0.978769437,3.915077754
ciales,2035,3.449916573,1.358512249,5.4340489970000005
ciales,2040,4.0868461,1.971062395,7.884249581
ciales,2045,6.107094647,2.6829213445,10.7316853775
ciales,2050,7.751135689,3.2563200070000002,13.02528002
cidra,2022,2.058376585,1.817795792,7.271183172
cidra,2025,5.580479948,2.2975990360000003,9.190396148
cidra,2028,7.127431857,2.5812714750000003,10.325085899000001
cidra,2030,8.038917112,2.9063849179999997,11.62553967
cidra,2035,9.647663098499999,4.0434660529999995,16.1738642095
cidra,2040,11.428831241000001,5.827839386,23.311357543
cidra,2045,17.078439561,7.8864490235,31.545796090499998
cidra,2050,21.675986699000003,9.54117578,38.164703119
coamo,2022,4.559174778,1.9568775,7.827510000999999
coamo,2025,5.633879939,2.3681917725000003,9.472800750000001
coamo,2028,7.227955046,2.585084732,10.340338947
coamo,2030,8.167205934,2.804951251,11.219786828
coamo,2035,9.8249574865,3.60092109,14.4036828445
coamo,2040,11.660383514,4.918924459,19.675737693
coamo,2045,17.482090018999997,6.460896958999999,25.8435914065
coamo,2050,22.219687475,7.705321518,30.821285908
comerio,2022,0.711428983,0.3313775,1.325509998
comerio,2025,2.113054192,0.815691229,3.26291107
comerio,2028,2.698809044,0.9185162920000001,3.673917007
comerio,2030,3.043943828,1.0257871490000001,4.103156428
comerio,2035,3.6530970700000003,1.410952142,5.643717556
comerio,2040,4.327538129000001,2.040402256,8.161616738
comerio,2045,6.4667678475,2.77441504,11.097660157
comerio,2050,8.207633569999999,3.36622984,13.464919366
corozal,2022,0.0,1.2883775,5.153510001
corozal,2025,4.269661470999999,1.640692279,6.562769117
corozal,2028,5.453244429,1.841986866,7.367947462
corozal,2030,6.150627719999999,2.042797448,8.171189793
corozal,2035,7.381489728,2.77322743,11.092909718000001
corozal,2040,8.744273049,3.991211616,15.964846459
corozal,2045,13.0668250855,5.418672169500001,21.674688676000002
corozal,2050,16.584438278,6.5712553719999995,26.285021481999998
culebra,2022,0.0,0.063104767556,0.25241906542
culebra,2025,0.55744593176,0.2160115232815,0.864046095625
culebra,2028,0.71197422636,0.24379807588000002,0.97519230951
culebra,2030,0.80302441253,0.27382868131,1.09531472823
culebra,2035,0.96372544781,0.380566719865,1.522266878485
culebra,2040,1.14165009614,0.5524235667599999,2.209694269
culebra,2045,1.7060014088800002,0.7520461733349999,3.0081846913500003
culebra,2050,2.1652601036,0.91281892731,3.6512757022
dorado,2022,17.087000009,3.053175001,12.2127
dorado,2025,18.1009614295,3.8740635305,15.496254124
dorado,2028,20.09245383,4.373187494,17.492749975000002
dorado,2030,21.265868431,4.9139686739999995,19.655874694
dorado,2035,23.3369123905,6.834728394000001,27.338913570000003
dorado,2040,25.629926666,9.923930374,39.695721495
dorado,2045,32.903037065999996,13.511211920000001,54.044847673999996
dorado,2050,38.821760285,16.400113388,65.600453552
fajardo,2022,9.443,1.713095,6.85238
fajardo,2025,11.3057573855,2.954201446,11.816805782500001
fajardo,2028,12.693793385,3.371461339,13.485845355
fajardo,2030,14.495531814,3.886338566,15.545354262
fajardo,2035,18.0265742585,5.6526558475,22.610623384999997
fajardo,2040,19.739911124000002,8.336459857,33.345839438
fajardo,2045,25.029277323,11.405396463499999,45.621585849999995
fajardo,2050,29.083789571,13.865879904,55.46351961
florida,2022,0.0,0.42680897700000003,1.7072359110000002
florida,2025,1.521814991,0.5833735959999999,2.333494382
florida,2028,1.943673798,0.653942335,2.615769335
florida,2030,2.1922387839999997,0.722533742,2.890134973
florida,2035,2.630949035,0.9739807665,3.8959230645
florida,2040,3.116679368,1.398059314,5.592237251
florida,2045,4.6573458919999995,1.896474657,7.5858986265
florida,2050,5.911111916,2.299233725,9.196934904999999
guanica,2022,0.0,0.5387325,2.154930001
guanica,2025,1.938218616,0.7446974585,2.9787898335
guanica,2028,2.475507706,0.835994394,3.343977572
guanica,2030,2.792085796,0.926947462,3.707789847
guanica,2035,3.3508372755,1.257915147,5.0316605855
guanica,2040,3.969474611,1.810129954,7.240519816
guanica,2045,5.931702972,2.4574144264999997,9.829657705999999
guanica,2050,7.528528255000001,2.9800773329999997,11.920309338
guayama,2022,11.048100482,5.477173007,21.908692023
guayama,2025,13.6931981795,6.3476576675,25.3906306695
guayama,2028,15.475658258,6.731814079,26.927256306
guayama,2030,16.525908151,7.363650971,29.454603884
guayama,2035,18.379569849,9.3934298605,37.573719439
guayama,2040,20.431903272,12.118843584,48.47537434
guayama,2045,26.9416087495,15.1202884795,60.4811539155
guayama,2050,32.239087101,17.499682513,69.998730045
guayanilla,2022,0.0,0.566765203,2.267060808
guayanilla,2025,2.563554887,1.0017823510000001,4.0071294015
guayanilla,2028,3.274191993,1.136578887,4.546315547
guayanilla,2030,3.692909114,1.292442546,5.169770178
guayanilla,2035,4.4319331165,1.836281673,7.3451266955
guayanilla,2040,5.250164226,2.686404713,10.745618858
guayanilla,2045,7.845475229500001,3.6661559905,14.664623959
guayanilla,2050,9.9574915,4.45344959,17.813798355000003
guaynabo,2022,0.0,6.110830648,24.443322589999998
guaynabo,2025,28.498019036000002,11.1934056735,44.773622685
guaynabo,2028,36.397888834,12.739470329,50.957881319
guaynabo,2030,41.052600314,14.592652171000001,58.370608687
guaynabo,2035,49.268035932,20.997757566,83.991030252
guaynabo,2040,58.363985412,30.853965663,123.415862665
guaynabo,2045,87.2150245625,42.1643654705,168.657461869
guaynabo,2050,110.693468546,51.241675414,204.966701655
gurabo,2022,0.0,5.6767375,22.707444437
gurabo,2025,8.631699955999999,6.4730332915,25.892133160999997
gurabo,2028,11.024473491,6.781366977999999,27.125467915
gurabo,2030,12.434328433000001,7.205986036,28.823944153
gurabo,2035,14.9226829785,8.624120638,34.496482554500005
gurabo,2040,17.677734359,10.678526417,42.714105665000005
gurabo,2045,26.416359773,12.995549768,51.982199074
gurabo,2050,33.527692101999996,14.845647632,59.382590522
hatillo,2022,0.0,1.3785520199999999,5.514208074
hatillo,2025,5.50864584,2.144788739,8.579154954
hatillo,2028,7.035684785,2.427870715,9.711482856
hatillo,2030,7.935437047000001,2.746149552,10.984598209
hatillo,2035,9.5234746295,3.8651150719999996,15.460460289999999
hatillo,2040,11.281714884,5.635842103,22.543368404
hatillo,2045,16.8585992505,7.683299622,30.7331984975
hatillo,2050,21.396964982,9.330129182,37.320516738
hormigueros,2022,1.9562038990000001,0.790499985,3.1619999389999998
hormigueros,2025,2.3630353405,0.9642772610000001,3.8571090465
hormigueros,2028,2.960379734,1.063593727,4.254374911999999
hormigueros,2030,3.3123432310000003,1.1652510680000001,4.661004265
hormigueros,2035,3.933548966,1.532234455,6.1289378160000005
hormigueros,2040,4.621334278,2.137334837,8.549339349
hormigueros,2045,6.8028900430000006,2.8445044865,11.378017943500002
hormigueros,2050,8.578199921,3.415041387,13.660165544
humacao,2022,12.741,3.255105,13.02042
humacao,2025,16.517205261999997,5.7177506655000006,22.8710026555
humacao,2028,20.262478921000003,6.582076432000001,26.32830573
humacao,2030,22.469245459,7.737279051000001,30.949116197
humacao,2035,26.364126705,11.6228576195,46.491430474
humacao,2040,30.676453482,17.32519266,69.300770639
humacao,2045,44.354531712500005,23.781169994499997,95.1246799785
humacao,2050,55.485499727,28.942014241000003,115.768056956
isabela,2022,6.307459297,1.543973751,6.1758950079999995
isabela,2025,7.019952351500001,2.4115263055,9.6461052255
isabela,2028,8.689346764,2.706459766,10.82583907
isabela,2030,9.672976821,2.999003884,11.996015534
isabela,2035,11.40905636,4.064920588,16.2596823525
isabela,2040,13.331205412,5.846780645,23.387122578
isabela,2045,19.427984834,7.9363982664999995,31.745593065500003
isabela,2050,24.389431574,9.623928919,38.49571567700001
jayuya,2022,0.0,0.303984991,1.215939965
jayuya,2025,1.754431824,0.69777757,2.791110287
jayuya,2028,2.240773802,0.800201529,3.20080612
jayuya,2030,2.5273331580000002,0.9326324290000001,3.730529712
jayuya,2035,3.033102407,1.381666932,5.526667731
jayuya,2040,3.593078985,2.050205062,8.200820251
jayuya,2045,5.3692438905,2.8102720994999997,11.241088404500001
jayuya,2050,6.814654156,3.418613363,13.674453446
juana diaz,2022,15.084968537,9.321329754,37.286220004
juana diaz,2025,16.7390845685,9.432192776499999,37.7287711105
juana diaz,2028,18.118973527999998,9.635729184999999,38.542916737999995
juana diaz,2030,19.070801945,9.976388261,39.905553039000004
juana diaz,2035,21.004737957,11.066895918,44.267583667
juana diaz,2040,22.780628617999998,12.520401424,50.08160569
juana diaz,2045,27.9801510765,14.117221572,56.468886276
juana diaz,2050,32.400264633,15.382151299,61.528605194
juncos,2022,15.366906927999999,8.825523377,35.302093502
juncos,2025,15.805278936,8.967376384000001,35.8695055335
juncos,2028,17.064239358,9.178815884,36.715263542
juncos,2030,17.806036083000002,9.471436292,37.88574518
juncos,2035,19.115286564,10.4475991385,41.7903965525
juncos,2040,20.56485987,11.858725638,47.434902559
juncos,2045,25.162697227000002,13.4492259465,53.79690379099999
juncos,2050,28.90433255,14.718968689,58.875874745
lajas,2022,2.7608068869999998,0.858964833,3.4358593409999996
lajas,2025,3.2130596505,1.2317305655,4.9269222605
lajas,2028,4.103744468,1.3807532,5.5230128060000006
lajas,2030,4.6285481630000005,1.525644658,6.10257863
lajas,2035,5.5548120085,2.0567483145,8.2269932615
lajas,2040,6.580350947,2.952362445,11.80944978
lajas,2045,9.833212478,4.0049342525,16.019737011
lajas,2050,12.48033125,4.855487726,19.421950895000002
lares,2022,3.354218859,0.5034175,2.0136700000000003
lares,2025,5.425567552,1.145273367,4.5810934645
lares,2028,5.830320681,1.296119072,5.1844762929999995
lares,2030,6.5321580919999995,1.465194468,5.860777874
lares,2035,7.990679281,2.060112567,8.240450268
lares,2040,8.55646439,3.002830906,12.011323623
lares,2045,10.1727019755,4.0932720719999995,16.373088281999998
lares,2050,11.43000222,4.970436957,19.881747833
las marias,2022,1.188102025,0.1135992325,0.45439692889999994
las marias,2025,1.7882896600000002,0.3747281018,1.498912407
las marias,2028,1.91672457,0.4268066695,1.7072266820000002
las marias,2030,2.135767558,0.48974189,1.958967565
las marias,2035,2.5957248895,0.706803547,2.8272141885
las marias,2040,2.7789346320000003,1.03963103,4.158524114
las marias,2045,3.2940741765,1.4211877675,5.684751068000001
las marias,2050,3.70120694,1.727323218,6.909292873
las piedras,2022,0.0,2.622425508,10.489702035
las piedras,2025,7.616387404999999,3.91105109,15.644204365
las piedras,2028,9.727708503999999,4.343739019999999,17.374956083
las piedras,2030,10.971727813000001,4.96182476,19.847299037
las piedras,2035,13.167387107500002,7.0087186195,28.034874477000002
las piedras,2040,15.598372745999999,9.927516205,39.710064816
las piedras,2045,23.309108395000003,13.20379142,52.8151656815
las piedras,2050,29.583962962,15.816116264,63.264465071
loiza,2022,1.905379752,0.543789916,2.175159661
loiza,2025,2.6660645240000003,1.016298039,4.065192154
loiza,2028,3.4051180899999998,1.135157102,4.540628412
loiza,2030,3.8405785750000003,1.2432420180000001,4.972968063
loiza,2035,4.6091541515,1.6477173855,6.59086954
loiza,2040,5.460104112,2.349987606,9.399950422
loiza,2045,8.159194598500001,3.1811684634999997,12.7246738555
loiza,2050,10.355664692,3.854153637,15.41661455
luquillo,2022,0.0,1.018468755,4.073875016000001
luquillo,2025,3.4491902784999997,1.3190309405,5.276123765
luquillo,2028,4.405332319999999,1.476316266,5.905265067
luquillo,2030,4.968704306,1.625045847,6.500183385
luquillo,2035,5.9630401105,2.174866991,8.6994679635
luquillo,2040,7.063946824,3.1133722190000004,12.453488875000001
luquillo,2045,10.555864058000001,4.219626041,16.8785041585
luquillo,2050,13.397521948,5.114305321,20.457221282
manati,2022,14.022100678,2.056852267,8.227409072
manati,2025,14.736624649500001,3.9363497900000004,15.7453991605
manati,2028,16.939178747,4.5698074,18.279229602
manati,2030,18.236953792999998,5.4725479880000005,21.890191948000002
manati,2035,20.5274904475,8.463738056,33.85495222
manati,2040,23.063522214000002,12.733422043000001,50.933688157000006
manati,2045,31.107449032,17.5275207185,70.110082888
manati,2050,37.653448432,21.350431447000002,85.401725791
maricao,2022,0.0,0.0536751355,0.21470040820000003
maricao,2025,0.7041518995,0.2907632275,1.163053348
maricao,2028,0.8993482150000001,0.340811565,1.3632443530000002
maricao,2030,1.014360559,0.41660134,1.6664054689999999
maricao,2035,1.2173541265,0.6643519554999999,2.657408052
maricao,2040,1.442104137,1.00889762,4.035573181
maricao,2045,2.1549787425,1.3926440705,5.5705745790000005
maricao,2050,2.7351029590000002,1.697916621,6.791646760000001
maunabo,2022,0.0,0.270525251,1.082099999
maunabo,2025,1.3783539930000002,0.5290434335,2.11617373
maunabo,2028,1.760437682,0.59350868,2.37403472
maunabo,2030,1.98560137,0.6570228300000001,2.628091323
maunabo,2035,2.3829855425,0.888909406,3.555637624
maunabo,2040,2.822894057,1.2776887829999999,5.11075514
maunabo,2045,4.218352451,1.7339499,6.9357996
maunabo,2050,5.353953512,2.10249276,8.40997104
mayaguez,2022,11.123898444,2.2342046040000003,8.936818415000001
mayaguez,2025,16.120043211000002,4.4458964855000005,17.783585941
mayaguez,2028,20.057964825,5.17244731,20.689789242
mayaguez,2030,22.378242178,6.223073547,24.892294192
mayaguez,2035,26.473466824,9.6927715295,38.771086120999996
mayaguez,2040,31.00760941,14.614476317,58.457905281
mayaguez,2045,45.3892553805,20.130089218500004,80.5203568565
mayaguez,2050,57.092773857000005,24.525821419,98.103285688
moca,2022,0.0,0.904720001,3.6188800000000003
moca,2025,4.421473537500001,1.6956440015,6.7825760074999994
moca,2028,5.647139967,1.901269662,7.605078648999999
moca,2030,6.369319418,2.102063144,8.408252574
moca,2035,7.6439459495,2.8371153045,11.348461217
moca,2040,9.055184391,4.074309316,16.297237269
moca,2045,13.531429069,5.527645875,22.1105835045
moca,2050,17.174114502,6.701891444999999,26.807565777999997
morovis,2022,0.0,1.156990917,4.627963674
morovis,2025,3.554276453,1.3584033954999999,5.4336135819999996
morovis,2028,4.539549189,1.519800763,6.079203052
morovis,2030,5.12008538,1.671339711,6.685358849
morovis,2035,6.1447155250000005,2.232775771,8.9311030835
morovis,2040,7.279163466,3.194076804,12.776307219
morovis,2045,10.877468629500001,4.328049079,17.312196315999998
morovis,2050,13.805703068,5.245338469,20.981353875
naguabo,2022,0.0,1.497667223,5.9906688930000005
naguabo,2025,3.75255805,1.6889125584999998,6.755650237
naguabo,2028,4.792795968,1.862905284,7.451621134
naguabo,2030,5.405718398,2.052520209,8.210080835000001
naguabo,2035,6.487509348000001,2.7249046960000003,10.899618784000001
naguabo,2040,7.685244472999999,3.8035640720000004,15.214256288000001
naguabo,2045,11.484287457,5.0553042635,20.221217052
naguabo,2050,14.575878626000002,6.063160284,24.252641139
naranjito,2022,0.0,0.72319,2.89276
naranjito,2025,3.4942673165,1.3404477495,5.3617910040000005
naranjito,2028,4.462905059000001,1.5032776019999998,6.013110409
naranjito,2030,5.033639684,1.6627866169999999,6.651146464
naranjito,2035,6.04097034,2.246149344,8.984597379
naranjito,2040,7.1562646679999995,3.226668107,12.906672427
naranjito,2045,10.6938173325,4.3780931065,17.512372422000002
naranjito,2050,13.5726125,5.308314642,21.233258568
orocovis,2022,0.805045633,0.372835,1.49134
orocovis,2025,2.2298275419999998,0.867278599,3.4691143985000004
orocovis,2028,2.847952865,0.981111874,3.924447497
orocovis,2030,3.212160774,1.108035995,4.432143977
orocovis,2035,3.8549775459999998,1.5552782965,6.2211131815
orocovis,2040,4.566690126,2.265611423,9.062445692
orocovis,2045,6.8241397269999995,3.087752634,12.351010537
orocovis,2050,8.661210612,3.749209418,14.996837675
patillas,2022,0.0,0.62902999891,2.51611999964
patillas,2025,2.39385989275,0.91952614285,3.67810457385
patillas,2028,3.057456244,1.0320877908000001,4.1283511591
patillas,2030,3.4484563048,1.1439219183,4.5756876752
patillas,2035,4.1385604772,1.5512016284499999,6.204806509
patillas,2040,4.9026286251,2.2315476608,8.926190646
patillas,2045,7.32614253375,3.0292579032,12.11703161
patillas,2050,9.298353494,3.673438968,14.693755873
penuelas,2022,0.0,0.627792499,2.51117
penuelas,2025,2.675098178,1.0306512515000001,4.1226050055000005
penuelas,2028,3.416655942,1.159022282,4.63608913
penuelas,2030,3.853591934,1.2905421639999999,5.1621686559999995
penuelas,2035,4.6247717435,1.765199813,7.060799252500001
penuelas,2040,5.4786050500000005,2.547518122,10.190072486
penuelas,2045,8.186841093,3.4617042725000005,13.846817092
penuelas,2050,10.390753675000001,4.199238123,16.796952479
ponce,2022,19.229821803,17.791820123,71.167280489
ponce,2025,28.0576135905,20.646988896499998,82.58795558199999
ponce,2028,35.835399608,21.809436451,87.237745823
ponce,2030,40.418177674000006,23.547366070000002,94.18946429100001
ponce,2035,48.506652791,29.244438914,116.97775567400001
ponce,2040,57.462034384,37.210836087000004,148.843344372
ponce,2045,85.86721255949999,46.099099318,184.396397265
ponce,2050,108.982823105,53.173267475,212.693069869
quebradillas,2022,3.0472404300000004,0.7495057270000001,2.998022905
quebradillas,2025,5.592180758,1.1941461324999998,4.776584528000001
quebradillas,2028,6.034066096,1.3379061270000001,5.3516245069999995
quebradillas,2030,6.818477894,1.4763754759999999,5.905501909
quebradillas,2035,8.424988714,1.985385095,7.941540379
quebradillas,2040,9.024417152,2.847265741,11.389062964
quebradillas,2045,10.7776021795,3.8612109265,15.444843706
quebradillas,2050,12.109665368,4.680783699,18.723134799
rincon,2022,0.0,0.44558131349999996,1.782325257
rincon,2025,2.8850101070000003,1.1048819785,4.4195279135
rincon,2028,3.6847570689999998,1.237779153,4.951116608
rincon,2030,4.155978934999999,1.365571738,5.462286951
rincon,2035,4.9876723510000005,1.8355728930000001,7.342291571500001
rincon,2040,5.908504991,2.6319832400000003,10.527932955
rincon,2045,8.8292532545,3.569074167,14.2762966715
rincon,2050,11.206104364,4.3265636800000005,17.306254721000002
rio grande,2022,7.088701078,3.026751112,12.10700444
rio grande,2025,8.9230381185,3.4365712354999998,13.746284944500001
rio grande,2028,11.396572829,3.8637113010000004,15.454845203
rio grande,2030,12.854013358,4.299740332000001,17.198961317
rio grande,2035,15.4263551485,5.875047363,23.500189448999997
rio grande,2040,18.274395345,8.475560841,33.90224336
rio grande,2045,27.307967886500002,11.515640274999999,46.062561107
rio grande,2050,34.65932274,13.968551951999999,55.874207811000005
sabana grande,2022,2.5800434720000003,1.142045,4.56818
sabana grande,2025,3.1751359885,1.3879604335,5.551841734
sabana grande,2028,3.934043759,1.5117298950000002,6.046919584
sabana grande,2030,4.381202612,1.643949586,6.575798335
sabana grande,2035,5.170425482500001,2.115439669,8.461758673
sabana grande,2040,6.044235671,2.878447837,11.513791346
sabana grande,2045,8.8158355015,3.7659020585,15.063608235
sabana grande,2050,11.071312365999999,4.480913536999999,17.923654139
salinas,2022,4.396454491,9.132078071,36.528312282
salinas,2025,5.3454952845,9.1879039385,36.7516157585
salinas,2028,6.5041948960000004,9.282160157,37.128640637000004
salinas,2030,7.186916579000001,9.429469679,37.717878718
salinas,2035,8.391901254499999,9.9077570675,39.6310282715
salinas,2040,9.726033764,10.564014367,42.256057464
salinas,2045,13.9577095685,11.291839588,45.16735835
salinas,2050,17.401369363,11.870064682,47.480258714
san german,2022,4.664676801000001,1.2461775,4.984710001
san german,2025,8.390156680499999,1.7655413185,7.062165276
san german,2028,9.006116695,2.003532858,8.014131431000001
san german,2030,10.066855314,2.2794187409999997,9.117674966
san german,2035,12.2807410545,3.2413878479999996,12.965551394999999
san german,2040,13.149121387000001,4.743459643,18.973838572
san german,2045,15.613302972000001,6.4740500784999995,25.89620032
san german,2050,17.543037046000002,7.864570637,31.458282555
san juan,2022,83.929643549,26.227735865,104.910943472
san juan,2025,143.27400702699998,41.8872615565,167.549046208
san juan,2028,162.353830419,47.654819147,190.619276553
san juan,2030,185.224941266,55.38903459,221.556138304
san juan,2035,229.7407274595,81.3827452235,325.5309809945
san juan,2040,253.070284929,119.475242292,477.900969244
san juan,2045,325.353377894,162.58394237000002,650.3357695595
san juan,2050,381.22262532999997,197.040288978,788.161155838
san lorenzo,2022,0.0,2.075765,8.303060001
san lorenzo,2025,5.0719351115,2.4746653975,9.8986615915
san lorenzo,2028,6.477914484,2.69930805,10.797232198
san lorenzo,2030,7.306336792,2.945702683,11.782810723
san lorenzo,2035,8.768478995999999,3.8178670035,15.271468016499998
san lorenzo,2040,10.387330657,5.213079916,20.852319668
san lorenzo,2045,15.522094523,6.830970639,27.323882558999998
san lorenzo,2050,19.700670742,8.133361337,32.533445343
san sebastian,2022,6.373054173,1.124944561,4.499778249
san sebastian,2025,8.7790263045,1.867052044,7.468208179
san sebastian,2028,9.459014953,2.0992437600000002,8.396975039
san sebastian,2030,10.656561195,2.336500374,9.346001499
san sebastian,2035,13.1212807625,3.193426908,12.773707632999999
san sebastian,2040,14.053275418,4.607431783,18.429727134
san sebastian,2045,16.757075659,6.2602671235,25.0410684935
san sebastian,2050,18.828174889,7.593828995,30.375315985
santa isabel,2022,4.396486243,1.821718011,7.286872039
santa isabel,2025,8.2838336075,2.2270159290000002,8.908063711499999
santa isabel,2028,8.861331367,2.4537184219999997,9.814873695
santa isabel,2030,9.832898575,2.756048509,11.024194036
santa isabel,2035,11.890655575,3.7734868525,15.0939474095
santa isabel,2040,12.727841673,5.268068159,21.072272646000002
santa isabel,2045,15.0524369195,6.960652478,27.8426099185
santa isabel,2050,16.912850464999998,8.313799707,33.255198829
toa alta,2022,0.0,5.773804894,23.095219574
toa alta,2025,11.6048412365,6.4389484715,25.7557938875
toa alta,2028,14.82179237,6.879880305,27.519521219999998
toa alta,2030,16.717264053,7.329461038,29.317844159
toa alta,2035,20.062718547499998,8.9542845785,35.8171383125
toa alta,2040,23.766732130999998,11.637914949999999,46.551659801999996
toa alta,2045,35.515328705499996,14.7755666105,59.102266441
toa alta,2050,45.076120087999996,17.307298318999997,69.22919325400001
toa baja,2022,14.711000003,4.8361775,19.344709998
toa baja,2025,16.188867409500002,5.669508995499999,22.678035979999997
toa baja,2028,19.629498621,6.296054385,25.184217539
toa baja,2030,21.656765669,6.957840299,27.831361204
toa baja,2035,25.234835303,9.325342161999998,37.301368654499996
toa baja,2040,29.196395238,13.175684537999999,52.702738153
toa baja,2045,41.761891707000004,17.659748384,70.638993527
toa baja,2050,51.987461168,21.273827703000002,85.095310834
trujillo alto,2022,0.0,3.6355675,14.542270002
trujillo alto,2025,12.347197515000001,4.7604720695000005,19.0418882795
trujillo alto,2028,15.769935514,5.355814835,21.423259343
trujillo alto,2030,17.786659622,5.970032515,23.880130071
trujillo alto,2035,21.346121292,8.182263684999999,32.729054739999995
trujillo alto,2040,25.287078886,11.81728928,47.269157139
trujillo alto,2045,37.7872277015,16.061748584,64.2469943445
trujillo alto,2050,47.959618464,19.485277709000002,77.941110806
utuado,2022,2.918,0.48033,1.921320002
utuado,2025,3.5886592994999997,1.262427377,5.049709507499999
utuado,2028,4.456297897,1.427510922,5.710043693
utuado,2030,4.967522445,1.610545863,6.442183456
utuado,2035,5.8698194755,2.2565040825000002,9.026016325
utuado,2040,6.868822884,3.284978448,13.13991379
utuado,2045,10.03751754,4.4761136665,17.90445466
utuado,2050,12.616142858,5.434625843,21.738503375999997
vega alta,2022,0.0,1.7032685170000001,6.813074066
vega alta,2025,5.870484962000001,2.259864988,9.0394599525
vega alta,2028,7.497828488,2.539994372,10.15997749
vega alta,2030,8.456681587,2.824612636,11.298450539000001
vega alta,2035,10.1490304895,3.8543103725,15.41724149
vega alta,2040,12.022761945,5.557631167,22.230524667
vega alta,2045,17.965967724000002,7.549897896,30.199591578
vega alta,2050,22.802439064,9.157610627,36.630442511
vega baja,2022,14.056021478,13.7790325,55.116130002000006
vega baja,2025,15.574268751,13.843398695000001,55.3735947805
vega baja,2028,17.657268909,13.918565205,55.674260817000004
vega baja,2030,18.884603204,13.990870600000001,55.963482389999996
vega baja,2035,21.050804481500002,14.256769371,57.0270774755
vega baja,2040,23.449140769,14.707260265,58.829041067000006
vega baja,2045,31.056352641000004,15.2373069995,60.9492280005
vega baja,2050,37.246996473,15.665761145,62.663044583
vieques,2022,0.0,0.070017498,0.28007118799999997
vieques,2025,1.7919727239999999,0.6912548359999999,2.7650253099999995
vieques,2028,2.2887213280000003,0.777957249,3.111822606
vieques,2030,2.58141241,0.867857471,3.47141724
vieques,2035,3.098003984,1.1911827750000001,4.7647310995000005
vieques,2040,3.6699628069999997,1.7212918670000001,6.88516746
vieques,2045,5.484133646999999,2.3399320255,9.3597281025
vieques,2050,6.960472447,2.838840451,11.355361807000001
villalba,2022,8.226252756000001,0.6329442,2.531776806
villalba,2025,8.401045594500001,1.383789463,5.5351578495
villalba,2028,8.903033086,1.57918359,6.316734364
villalba,2030,9.198810992,1.8202019470000002,7.280807785
villalba,2035,9.720850725,2.6471066820000004,10.5884267285
villalba,2040,10.298841626,3.9037344349999996,15.61493774
villalba,2045,12.132145361,5.3407555425,21.363022166
villalba,2050,13.624054155000001,6.492885165,25.971540661
yabucoa,2022,0.0,0.873804421,3.495217683
yabucoa,2025,3.9529877225,1.519793737,6.0791749500000005
yabucoa,2028,5.048786283,1.7068173450000002,6.827269377
yabucoa,2030,5.694445807,1.89440229,7.577609157
yabucoa,2035,6.8340168085,2.5756334174999997,10.3025336675
yabucoa,2040,8.095724741,3.708898111,14.835592444
yabucoa,2045,12.097680224000001,5.0362849105,20.145139645500002
yabucoa,2050,15.354397846,6.107885681999999,24.431542727999997
yauco,2022,9.965,7.6891975,30.756790002000002
yauco,2025,10.287794814000002,7.723883665,30.895534665999996
yauco,2028,11.214829137,7.775060073000001,31.100240285
yauco,2030,11.761050458,7.845083464,31.380333845000003
yauco,2035,12.7251158145,8.0793012005,32.317204799
yauco,2040,13.792507756,8.419554155,33.678216616
yauco,2045,17.1781209635,8.8036215315,35.2144861205
yauco,2050,19.933270601,9.110367749,36.441471006
