region,year,capacity_mw,source_scenario,mapping_method
pr2,2022,10.858064023870588,PR100 1LM,municipality_active_standard_load_share
pr3,2022,11.688715213588237,PR100 1LM,municipality_active_standard_load_share
pr5,2022,0.4900384615384619,PR100 1LM,municipality_active_standard_load_share
pr8,2022,11.864850443754545,PR100 1LM,municipality_active_standard_load_share
pr10,2022,13.166463569833331,PR100 1LM,municipality_active_standard_load_share
pr14,2022,11.270884615384617,PR100 1LM,municipality_active_standard_load_share
pr16,2022,0.0,PR100 1LM,municipality_active_standard_load_share
pr18,2022,9.443,PR100 1LM,municipality_active_standard_load_share
pr21,2022,41.67981549141936,PR100 1LM,municipality_active_standard_load_share
pr23,2022,0.0,PR100 1LM,municipality_active_standard_load_share
pr29,2022,7.082047071486955,PR100 1LM,municipality_active_standard_load_share
pr32,2022,11.649598962375,PR100 1LM,municipality_active_standard_load_share
pr35,2022,10.585734516125001,PR100 1LM,municipality_active_standard_load_share
pr38,2022,4.39276045303125,PR100 1LM,municipality_active_standard_load_share
pr40,2022,4.63693750040625,PR100 1LM,municipality_active_standard_load_share
pr41,2022,14.056021478,PR100 1LM,municipality_active_standard_load_share
pr45,2022,15.50146666537778,PR100 1LM,municipality_active_standard_load_share
pr50,2022,9.475927497467744,PR100 1LM,municipality_active_standard_load_share
pr63,2022,2.79977254928366,PR100 1LM,municipality_active_standard_load_share
pr82,2022,14.123442001250895,PR100 1LM,municipality_active_standard_load_share
pr83,2022,0.0,PR100 1LM,municipality_active_standard_load_share
pr84,2022,19.387822628540324,PR100 1LM,municipality_active_standard_load_share
pr85,2022,11.853997917217743,PR100 1LM,municipality_active_standard_load_share
pr86,2022,8.122223569258066,PR100 1LM,municipality_active_standard_load_share
pr87,2022,31.13519034882258,PR100 1LM,municipality_active_standard_load_share
pr88,2022,2.707407856419356,PR100 1LM,municipality_active_standard_load_share
pr93,2022,24.87517648117647,PR100 1LM,municipality_active_standard_load_share
pr96,2022,0.0,PR100 1LM,municipality_active_standard_load_share
pr99,2022,0.0,PR100 1LM,municipality_active_standard_load_share
pr100,2022,13.073107158375,PR100 1LM,municipality_active_standard_load_share
pr101,2022,0.0,PR100 1LM,municipality_active_standard_load_share
pr102,2022,1.8948919517408087,PR100 1LM,municipality_active_standard_load_share
pr103,2022,3.7705532947058824,PR100 1LM,municipality_active_standard_load_share
pr106,2022,2.6378726946000004,PR100 1LM,municipality_active_standard_load_share
pr107,2022,0.0,PR100 1LM,municipality_active_standard_load_share
pr111,2022,0.5345333332888887,PR100 1LM,municipality_active_standard_load_share
pr116,2022,8.057648943373913,PR100 1LM,municipality_active_standard_load_share
pr120,2022,0.0,PR100 1LM,municipality_active_standard_load_share
pr127,2022,0.676851964104839,PR100 1LM,municipality_active_standard_load_share
pr149,2022,0.450757312,PR100 1LM,municipality_active_standard_load_share
pr153,2022,11.547612323058823,PR100 1LM,municipality_active_standard_load_share
pr167,2022,0.35668750003125,PR100 1LM,municipality_active_standard_load_share
pr169,2022,12.544596449,PR100 1LM,municipality_active_standard_load_share
pr175,2022,0.0,PR100 1LM,municipality_active_standard_load_share
pr177,2022,0.0,PR100 1LM,municipality_active_standard_load_share
pr184,2022,0.0,PR100 1LM,municipality_active_standard_load_share
pr185,2022,0.0,PR100 1LM,municipality_active_standard_load_share
pr190,2022,0.5345333332888887,PR100 1LM,municipality_active_standard_load_share
pr196,2022,0.0,PR100 1LM,municipality_active_standard_load_share
pr204,2022,0.0,PR100 1LM,municipality_active_standard_load_share
pr211,2022,3.9381672655555557,PR100 1LM,municipality_active_standard_load_share
pr213,2022,8.6287755725,PR100 1LM,municipality_active_standard_load_share
pr231,2022,1.4509432753043479,PR100 1LM,municipality_active_standard_load_share
pr232,2022,0.0,PR100 1LM,municipality_active_standard_load_share
pr233,2022,0.4900384615384619,PR100 1LM,municipality_active_standard_load_share
pr234,2022,13.171634509714284,PR100 1LM,municipality_active_standard_load_share
pr266,2022,0.0,PR100 1LM,municipality_active_standard_load_share
pr271,2022,1.0690666665777775,PR100 1LM,municipality_active_standard_load_share
pr275,2022,0.711428983,PR100 1LM,municipality_active_standard_load_share
pr277,2022,0.0,PR100 1LM,municipality_active_standard_load_share
pr280,2022,0.676851964104839,PR100 1LM,municipality_active_standard_load_share
pr281,2022,0.0,PR100 1LM,municipality_active_standard_load_share
pr290,2022,0.0,PR100 1LM,municipality_active_standard_load_share
pr294,2022,0.0,PR100 1LM,municipality_active_standard_load_share
pr296,2022,8.2555127756,PR100 1LM,municipality_active_standard_load_share
pr310,2022,0.0,PR100 1LM,municipality_active_standard_load_share
pr313,2022,18.478466502235293,PR100 1LM,municipality_active_standard_load_share
pr319,2022,0.0,PR100 1LM,municipality_active_standard_load_share
pr321,2022,0.5021863855454546,PR100 1LM,municipality_active_standard_load_share
pr334,2022,0.0,PR100 1LM,municipality_active_standard_load_share
pr335,2022,3.5668750003125,PR100 1LM,municipality_active_standard_load_share
pr343,2022,0.0,PR100 1LM,municipality_active_standard_load_share
pr352,2022,0.788432412125,PR100 1LM,municipality_active_standard_load_share
pr353,2022,1.3888072614999998,PR100 1LM,municipality_active_standard_load_share
pr363,2022,0.0,PR100 1LM,municipality_active_standard_load_share
pr378,2022,10.26316470632026,PR100 1LM,municipality_active_standard_load_share
pr392,2022,7.445371605153228,PR100 1LM,municipality_active_standard_load_share
pr400,2022,0.0,PR100 1LM,municipality_active_standard_load_share
pr428,2022,0.4836477584347826,PR100 1LM,municipality_active_standard_load_share
pr440,2022,1.07006250009375,PR100 1LM,municipality_active_standard_load_share
pr441,2022,0.0,PR100 1LM,municipality_active_standard_load_share
pr442,2022,0.8248294516470587,PR100 1LM,municipality_active_standard_load_share
pr451,2022,0.0,PR100 1LM,municipality_active_standard_load_share
pr452,2022,0.8248294516470587,PR100 1LM,municipality_active_standard_load_share
pr480,2022,0.0,PR100 1LM,municipality_active_standard_load_share
pr489,2022,0.0,PR100 1LM,municipality_active_standard_load_share
pr492,2022,0.8653529413529412,PR100 1LM,municipality_active_standard_load_share
pr545,2022,0.0,PR100 1LM,municipality_active_standard_load_share
pr555,2022,0.0,PR100 1LM,municipality_active_standard_load_share
pr583,2022,0.5457467791612903,PR100 1LM,municipality_active_standard_load_share
pr632,2022,3.3842598205241954,PR100 1LM,municipality_active_standard_load_share
pr902,2022,0.35668750003125,PR100 1LM,municipality_active_standard_load_share
pr956,2022,0.0,PR100 1LM,municipality_active_standard_load_share
pr1025,2022,0.0,PR100 1LM,municipality_active_standard_load_share
pr1027,2022,0.0,PR100 1LM,municipality_active_standard_load_share
pr1040,2022,0.0,PR100 1LM,municipality_active_standard_load_share
pr1077,2022,0.0,PR100 1LM,municipality_active_standard_load_share
pr1078,2022,0.0,PR100 1LM,municipality_active_standard_load_share
pr1079,2022,0.0,PR100 1LM,municipality_active_standard_load_share
pr1102,2022,0.0,PR100 1LM,municipality_active_standard_load_share
pr1103,2022,0.0,PR100 1LM,municipality_active_standard_load_share
pr1104,2022,0.0,PR100 1LM,municipality_active_standard_load_share
pr1105,2022,0.0,PR100 1LM,municipality_active_standard_load_share
pr1110,2022,0.0,PR100 1LM,municipality_active_standard_load_share
pr1206,2022,2.195272418285714,PR100 1LM,municipality_active_standard_load_share
pr1800,2022,0.0,PR100 1LM,municipality_active_standard_load_share
pr1802,2022,0.0,PR100 1LM,municipality_active_standard_load_share
pr2001,2022,0.0,PR100 1LM,municipality_active_standard_load_share
pr2002,2022,0.0,PR100 1LM,municipality_active_standard_load_share
pr2222,2022,0.0,PR100 1LM,municipality_active_standard_load_share
pr3000,2022,0.0,PR100 1LM,municipality_active_standard_load_share
pr3001,2022,0.0,PR100 1LM,municipality_active_standard_load_share
pr7000,2022,0.0,PR100 1LM,municipality_active_standard_load_share
pr7200,2022,0.0,PR100 1LM,municipality_active_standard_load_share
pr97014,2022,0.0,PR100 1LM,municipality_active_standard_load_share
pr97021,2022,0.0,PR100 1LM,municipality_active_standard_load_share
pr97047,2022,0.4900384615384619,PR100 1LM,municipality_active_standard_load_share
pr97064,2022,0.0,PR100 1LM,municipality_active_standard_load_share
pr97094,2022,0.0,PR100 1LM,municipality_active_standard_load_share
pr97134,2022,0.0,PR100 1LM,municipality_active_standard_load_share
pr97144,2022,0.0,PR100 1LM,municipality_active_standard_load_share
pr2,2025,16.02155204567395,PR100 1LM,municipality_active_standard_load_share
pr3,2025,17.054627868735295,PR100 1LM,municipality_active_standard_load_share
pr5,2025,0.6352771254615388,PR100 1LM,municipality_active_standard_load_share
pr8,2025,19.821295659531817,PR100 1LM,municipality_active_standard_load_share
pr10,2025,20.887426566183333,PR100 1LM,municipality_active_standard_load_share
pr14,2025,18.625053026948716,PR100 1LM,municipality_active_standard_load_share
pr16,2025,3.75255805,PR100 1LM,municipality_active_standard_load_share
pr18,2025,11.7303877926,PR100 1LM,municipality_active_standard_load_share
pr21,2025,53.790247276911295,PR100 1LM,municipality_active_standard_load_share
pr23,2025,0.969109308,PR100 1LM,municipality_active_standard_load_share
pr29,2025,10.84097859375797,PR100 1LM,municipality_active_standard_load_share
pr32,2025,21.731385466854167,PR100 1LM,municipality_active_standard_load_share
pr35,2025,15.061855043104167,PR100 1LM,municipality_active_standard_load_share
pr38,2025,5.950406036645833,PR100 1LM,municipality_active_standard_load_share
pr40,2025,7.1919148575625,PR100 1LM,municipality_active_standard_load_share
pr41,2025,19.9771324725,PR100 1LM,municipality_active_standard_load_share
pr45,2025,33.010507400584885,PR100 1LM,municipality_active_standard_load_share
pr50,2025,22.072239437081755,PR100 1LM,municipality_active_standard_load_share
pr63,2025,7.747719912183482,PR100 1LM,municipality_active_standard_load_share
pr82,2025,25.750508154946235,PR100 1LM,municipality_active_standard_load_share
pr83,2025,2.1348307354999996,PR100 1LM,municipality_active_standard_load_share
pr84,2025,34.54194472468548,PR100 1LM,municipality_active_standard_load_share
pr85,2025,31.669689534302428,PR100 1LM,municipality_active_standard_load_share
pr86,2025,13.865226486483873,PR100 1LM,municipality_active_standard_load_share
pr87,2025,70.36592337541126,PR100 1LM,municipality_active_standard_load_share
pr88,2025,4.621742162161292,PR100 1LM,municipality_active_standard_load_share
pr93,2025,36.84279046122794,PR100 1LM,municipality_active_standard_load_share
pr96,2025,0.8948678599714286,PR100 1LM,municipality_active_standard_load_share
pr99,2025,0.0,PR100 1LM,municipality_active_standard_load_share
pr100,2025,20.157534922604164,PR100 1LM,municipality_active_standard_load_share
pr101,2025,4.04794028416,PR100 1LM,municipality_active_standard_load_share
pr102,2025,9.48043044984659,PR100 1LM,municipality_active_standard_load_share
pr103,2025,6.295919187882353,PR100 1LM,municipality_active_standard_load_share
pr106,2025,3.2072971707000004,PR100 1LM,municipality_active_standard_load_share
pr107,2025,0.0,PR100 1LM,municipality_active_standard_load_share
pr111,2025,0.880960783522222,PR100 1LM,municipality_active_standard_load_share
pr116,2025,10.267207002182609,PR100 1LM,municipality_active_standard_load_share
pr120,2025,0.0,PR100 1LM,municipality_active_standard_load_share
pr127,2025,1.155435540540323,PR100 1LM,municipality_active_standard_load_share
pr149,2025,1.46244272125,PR100 1LM,municipality_active_standard_load_share
pr153,2025,12.136043829,PR100 1LM,municipality_active_standard_load_share
pr167,2025,0.5532242198124999,PR100 1LM,municipality_active_standard_load_share
pr169,2025,18.66687275603333,PR100 1LM,municipality_active_standard_load_share
pr175,2025,1.5433996893750002,PR100 1LM,municipality_active_standard_load_share
pr177,2025,1.995528871,PR100 1LM,municipality_active_standard_load_share
pr184,2025,0.0,PR100 1LM,municipality_active_standard_load_share
pr185,2025,0.6588312870833333,PR100 1LM,municipality_active_standard_load_share
pr190,2025,0.880960783522222,PR100 1LM,municipality_active_standard_load_share
pr196,2025,0.0,PR100 1LM,municipality_active_standard_load_share
pr204,2025,0.0,PR100 1LM,municipality_active_standard_load_share
pr211,2025,8.406433677666666,PR100 1LM,municipality_active_standard_load_share
pr213,2025,9.5159593655,PR100 1LM,municipality_active_standard_load_share
pr231,2025,8.539528886702898,PR100 1LM,municipality_active_standard_load_share
pr232,2025,0.0,PR100 1LM,municipality_active_standard_load_share
pr233,2025,0.6352771254615388,PR100 1LM,municipality_active_standard_load_share
pr234,2025,30.551554439642853,PR100 1LM,municipality_active_standard_load_share
pr266,2025,1.754431824,PR100 1LM,municipality_active_standard_load_share
pr271,2025,1.761921567044444,PR100 1LM,municipality_active_standard_load_share
pr275,2025,2.113054192,PR100 1LM,municipality_active_standard_load_share
pr277,2025,0.0,PR100 1LM,municipality_active_standard_load_share
pr280,2025,1.155435540540323,PR100 1LM,municipality_active_standard_load_share
pr281,2025,1.5433996893750002,PR100 1LM,municipality_active_standard_load_share
pr290,2025,0.0,PR100 1LM,municipality_active_standard_load_share
pr294,2025,0.0,PR100 1LM,municipality_active_standard_load_share
pr296,2025,13.043793090200001,PR100 1LM,municipality_active_standard_load_share
pr310,2025,2.901210309125,PR100 1LM,municipality_active_standard_load_share
pr313,2025,21.69042814329412,PR100 1LM,municipality_active_standard_load_share
pr319,2025,0.3821568825714286,PR100 1LM,municipality_active_standard_load_share
pr321,2025,0.6224180990681818,PR100 1LM,municipality_active_standard_load_share
pr334,2025,0.0,PR100 1LM,municipality_active_standard_load_share
pr335,2025,12.468754290958332,PR100 1LM,municipality_active_standard_load_share
pr343,2025,0.5432082525909092,PR100 1LM,municipality_active_standard_load_share
pr352,2025,0.8774940439375001,PR100 1LM,municipality_active_standard_load_share
pr353,2025,6.580017945,PR100 1LM,municipality_active_standard_load_share
pr363,2025,0.0,PR100 1LM,municipality_active_standard_load_share
pr378,2025,14.3055584733183,PR100 1LM,municipality_active_standard_load_share
pr392,2025,12.70979094594355,PR100 1LM,municipality_active_standard_load_share
pr400,2025,2.1348307354999996,PR100 1LM,municipality_active_standard_load_share
pr428,2025,0.7008714439565218,PR100 1LM,municipality_active_standard_load_share
pr440,2025,1.6596726594374998,PR100 1LM,municipality_active_standard_load_share
pr441,2025,0.0,PR100 1LM,municipality_active_standard_load_share
pr442,2025,0.8668602735,PR100 1LM,municipality_active_standard_load_share
pr451,2025,0.0,PR100 1LM,municipality_active_standard_load_share
pr452,2025,0.8668602735,PR100 1LM,municipality_active_standard_load_share
pr480,2025,1.5433996893750002,PR100 1LM,municipality_active_standard_load_share
pr489,2025,0.3821568825714286,PR100 1LM,municipality_active_standard_load_share
pr492,2025,0.9522863182058825,PR100 1LM,municipality_active_standard_load_share
pr545,2025,1.965380623172414,PR100 1LM,municipality_active_standard_load_share
pr555,2025,3.554276453,PR100 1LM,municipality_active_standard_load_share
pr583,2025,1.1381324703225808,PR100 1LM,municipality_active_standard_load_share
pr632,2025,5.777177702701615,PR100 1LM,municipality_active_standard_load_share
pr902,2025,0.5532242198124999,PR100 1LM,municipality_active_standard_load_share
pr956,2025,0.0,PR100 1LM,municipality_active_standard_load_share
pr1025,2025,0.6588312870833333,PR100 1LM,municipality_active_standard_load_share
pr1027,2025,0.0,PR100 1LM,municipality_active_standard_load_share
pr1040,2025,0.982690311586207,PR100 1LM,municipality_active_standard_load_share
pr1077,2025,0.0,PR100 1LM,municipality_active_standard_load_share
pr1078,2025,0.0,PR100 1LM,municipality_active_standard_load_share
pr1079,2025,0.0,PR100 1LM,municipality_active_standard_load_share
pr1102,2025,0.0,PR100 1LM,municipality_active_standard_load_share
pr1103,2025,0.0,PR100 1LM,municipality_active_standard_load_share
pr1104,2025,0.0,PR100 1LM,municipality_active_standard_load_share
pr1105,2025,0.0,PR100 1LM,municipality_active_standard_load_share
pr1110,2025,0.0,PR100 1LM,municipality_active_standard_load_share
pr1206,2025,2.2578969908571427,PR100 1LM,municipality_active_standard_load_share
pr1800,2025,0.0,PR100 1LM,municipality_active_standard_load_share
pr1802,2025,0.0,PR100 1LM,municipality_active_standard_load_share
pr2001,2025,0.0,PR100 1LM,municipality_active_standard_load_share
pr2002,2025,0.0,PR100 1LM,municipality_active_standard_load_share
pr2222,2025,0.0,PR100 1LM,municipality_active_standard_load_share
pr3000,2025,0.0,PR100 1LM,municipality_active_standard_load_share
pr3001,2025,0.0,PR100 1LM,municipality_active_standard_load_share
pr7000,2025,0.0,PR100 1LM,municipality_active_standard_load_share
pr7200,2025,0.0,PR100 1LM,municipality_active_standard_load_share
pr97014,2025,0.0,PR100 1LM,municipality_active_standard_load_share
pr97021,2025,0.0,PR100 1LM,municipality_active_standard_load_share
pr97047,2025,0.6352771254615388,PR100 1LM,municipality_active_standard_load_share
pr97064,2025,0.0,PR100 1LM,municipality_active_standard_load_share
pr97094,2025,0.0,PR100 1LM,municipality_active_standard_load_share
pr97134,2025,0.0,PR100 1LM,municipality_active_standard_load_share
pr97144,2025,0.0,PR100 1LM,municipality_active_standard_load_share
pr2,2028,18.51377505447451,PR100 1LM,municipality_active_standard_load_share
pr3,2028,21.782301722509807,PR100 1LM,municipality_active_standard_load_share
pr5,2028,0.7793261123461546,PR100 1LM,municipality_active_standard_load_share
pr8,2028,23.297095777072723,PR100 1LM,municipality_active_standard_load_share
pr10,2028,25.386088103433334,PR100 1LM,municipality_active_standard_load_share
pr14,2028,23.05079578796154,PR100 1LM,municipality_active_standard_load_share
pr16,2028,4.792795968,PR100 1LM,municipality_active_standard_load_share
pr18,2028,13.2361346026,PR100 1LM,municipality_active_standard_load_share
pr21,2028,61.68404785309678,PR100 1LM,municipality_active_standard_load_share
pr23,2028,1.237753853,PR100 1LM,municipality_active_standard_load_share
pr29,2028,13.409169236768113,PR100 1LM,municipality_active_standard_load_share
pr32,2028,26.039355764433335,PR100 1LM,municipality_active_standard_load_share
pr35,2028,16.3487883225,PR100 1LM,municipality_active_standard_load_share
pr38,2028,7.1063203470625,PR100 1LM,municipality_active_standard_load_share
pr40,2028,9.1855688998125,PR100 1LM,municipality_active_standard_load_share
pr41,2028,23.280640274999996,PR100 1LM,municipality_active_standard_load_share
pr45,2028,42.16127363136726,PR100 1LM,municipality_active_standard_load_share
pr50,2028,25.860868866131813,PR100 1LM,municipality_active_standard_load_share
pr63,2028,9.772265363757338,PR100 1LM,municipality_active_standard_load_share
pr82,2028,30.171779368684586,PR100 1LM,municipality_active_standard_load_share
pr83,2028,2.7266222145,PR100 1LM,municipality_active_standard_load_share
pr84,2028,40.2894376721371,PR100 1LM,municipality_active_standard_load_share
pr85,2028,39.94949256438709,PR100 1LM,municipality_active_standard_load_share
pr86,2028,15.711661008290326,PR100 1LM,municipality_active_standard_load_share
pr87,2028,82.2162989226176,PR100 1LM,municipality_active_standard_load_share
pr88,2028,5.237220336096776,PR100 1LM,municipality_active_standard_load_share
pr93,2028,43.4753427347353,PR100 1LM,municipality_active_standard_load_share
pr96,2028,1.1429321046,PR100 1LM,municipality_active_standard_load_share
pr99,2028,0.0,PR100 1LM,municipality_active_standard_load_share
pr100,2028,23.649543462566665,PR100 1LM,municipality_active_standard_load_share
pr101,2028,5.17006042476,PR100 1LM,municipality_active_standard_load_share
pr102,2028,11.997740277331884,PR100 1LM,municipality_active_standard_load_share
pr103,2028,8.0411963497451,PR100 1LM,municipality_active_standard_load_share
pr106,2028,3.902516937600001,PR100 1LM,municipality_active_standard_load_share
pr107,2028,0.0,PR100 1LM,municipality_active_standard_load_share
pr111,2028,1.125169880044444,PR100 1LM,municipality_active_standard_load_share
pr116,2028,12.953914491069565,PR100 1LM,municipality_active_standard_load_share
pr120,2028,0.0,PR100 1LM,municipality_active_standard_load_share
pr127,2028,1.309305084024194,PR100 1LM,municipality_active_standard_load_share
pr149,2028,1.8678430785000002,PR100 1LM,municipality_active_standard_load_share
pr153,2028,13.949911909294118,PR100 1LM,municipality_active_standard_load_share
pr167,2028,0.7065822230625,PR100 1LM,municipality_active_standard_load_share
pr169,2028,22.079870108666668,PR100 1LM,municipality_active_standard_load_share
pr175,2028,1.97124193925,PR100 1LM,municipality_active_standard_load_share
pr177,2028,2.548704804,PR100 1LM,municipality_active_standard_load_share
pr184,2028,0.0,PR100 1LM,municipality_active_standard_load_share
pr185,2028,0.8414643804999999,PR100 1LM,municipality_active_standard_load_share
pr190,2028,1.125169880044444,PR100 1LM,municipality_active_standard_load_share
pr196,2028,0.0,PR100 1LM,municipality_active_standard_load_share
pr204,2028,0.0,PR100 1LM,municipality_active_standard_load_share
pr211,2028,10.736761669444444,PR100 1LM,municipality_active_standard_load_share
pr213,2028,10.3270095185,PR100 1LM,municipality_active_standard_load_share
pr231,2028,10.837532995188404,PR100 1LM,municipality_active_standard_load_share
pr232,2028,0.0,PR100 1LM,municipality_active_standard_load_share
pr233,2028,0.7793261123461546,PR100 1LM,municipality_active_standard_load_share
pr234,2028,36.344350611785714,PR100 1LM,municipality_active_standard_load_share
pr266,2028,2.240773802,PR100 1LM,municipality_active_standard_load_share
pr271,2028,2.250339760088888,PR100 1LM,municipality_active_standard_load_share
pr275,2028,2.698809044,PR100 1LM,municipality_active_standard_load_share
pr277,2028,0.0,PR100 1LM,municipality_active_standard_load_share
pr280,2028,1.309305084024194,PR100 1LM,municipality_active_standard_load_share
pr281,2028,1.97124193925,PR100 1LM,municipality_active_standard_load_share
pr290,2028,0.0,PR100 1LM,municipality_active_standard_load_share
pr294,2028,0.0,PR100 1LM,municipality_active_standard_load_share
pr296,2028,14.9327171411,PR100 1LM,municipality_active_standard_load_share
pr310,2028,3.7054480925,PR100 1LM,municipality_active_standard_load_share
pr313,2028,24.442867576470586,PR100 1LM,municipality_active_standard_load_share
pr319,2028,0.488093706,PR100 1LM,municipality_active_standard_load_share
pr321,2028,0.7034390117272727,PR100 1LM,municipality_active_standard_load_share
pr334,2028,0.0,PR100 1LM,municipality_active_standard_load_share
pr335,2028,15.925188761958335,PR100 1LM,municipality_active_standard_load_share
pr343,2028,0.6937897530909092,PR100 1LM,municipality_active_standard_load_share
pr352,2028,1.0861683455,PR100 1LM,municipality_active_standard_load_share
pr353,2028,7.3138342475,PR100 1LM,municipality_active_standard_load_share
pr363,2028,0.0,PR100 1LM,municipality_active_standard_load_share
pr378,2028,17.87038742886405,PR100 1LM,municipality_active_standard_load_share
pr392,2028,14.40235592426613,PR100 1LM,municipality_active_standard_load_share
pr400,2028,2.7266222145,PR100 1LM,municipality_active_standard_load_share
pr428,2028,0.872085427173913,PR100 1LM,municipality_active_standard_load_share
pr440,2028,2.1197466691874998,PR100 1LM,municipality_active_standard_load_share
pr441,2028,0.0,PR100 1LM,municipality_active_standard_load_share
pr442,2028,0.9964222792352939,PR100 1LM,municipality_active_standard_load_share
pr451,2028,0.0,PR100 1LM,municipality_active_standard_load_share
pr452,2028,0.9964222792352939,PR100 1LM,municipality_active_standard_load_share
pr480,2028,1.97124193925,PR100 1LM,municipality_active_standard_load_share
pr489,2028,0.488093706,PR100 1LM,municipality_active_standard_load_share
pr492,2028,1.1546763894705883,PR100 1LM,municipality_active_standard_load_share
pr545,2028,2.5101992299310343,PR100 1LM,municipality_active_standard_load_share
pr555,2028,4.539549189,PR100 1LM,municipality_active_standard_load_share
pr583,2028,1.4536315342258064,PR100 1LM,municipality_active_standard_load_share
pr632,2028,6.546525420120971,PR100 1LM,municipality_active_standard_load_share
pr902,2028,0.7065822230625,PR100 1LM,municipality_active_standard_load_share
pr956,2028,0.0,PR100 1LM,municipality_active_standard_load_share
pr1025,2028,0.8414643804999999,PR100 1LM,municipality_active_standard_load_share
pr1027,2028,0.0,PR100 1LM,municipality_active_standard_load_share
pr1040,2028,1.2550996149655171,PR100 1LM,municipality_active_standard_load_share
pr1077,2028,0.0,PR100 1LM,municipality_active_standard_load_share
pr1078,2028,0.0,PR100 1LM,municipality_active_standard_load_share
pr1079,2028,0.0,PR100 1LM,municipality_active_standard_load_share
pr1102,2028,0.0,PR100 1LM,municipality_active_standard_load_share
pr1103,2028,0.0,PR100 1LM,municipality_active_standard_load_share
pr1104,2028,0.0,PR100 1LM,municipality_active_standard_load_share
pr1105,2028,0.0,PR100 1LM,municipality_active_standard_load_share
pr1110,2028,0.0,PR100 1LM,municipality_active_standard_load_share
pr1206,2028,2.437748479714285,PR100 1LM,municipality_active_standard_load_share
pr1800,2028,0.0,PR100 1LM,municipality_active_standard_load_share
pr1802,2028,0.0,PR100 1LM,municipality_active_standard_load_share
pr2001,2028,0.0,PR100 1LM,municipality_active_standard_load_share
pr2002,2028,0.0,PR100 1LM,municipality_active_standard_load_share
pr2222,2028,0.0,PR100 1LM,municipality_active_standard_load_share
pr3000,2028,0.0,PR100 1LM,municipality_active_standard_load_share
pr3001,2028,0.0,PR100 1LM,municipality_active_standard_load_share
pr7000,2028,0.0,PR100 1LM,municipality_active_standard_load_share
pr7200,2028,0.0,PR100 1LM,municipality_active_standard_load_share
pr97014,2028,0.0,PR100 1LM,municipality_active_standard_load_share
pr97021,2028,0.0,PR100 1LM,municipality_active_standard_load_share
pr97047,2028,0.7793261123461546,PR100 1LM,municipality_active_standard_load_share
pr97064,2028,0.0,PR100 1LM,municipality_active_standard_load_share
pr97094,2028,0.0,PR100 1LM,municipality_active_standard_load_share
pr97134,2028,0.0,PR100 1LM,municipality_active_standard_load_share
pr97144,2028,0.0,PR100 1LM,municipality_active_standard_load_share
pr2,2030,19.982226991039777,PR100 1LM,municipality_active_standard_load_share
pr3,2030,24.567911919490204,PR100 1LM,municipality_active_standard_load_share
pr5,2030,0.8642017484230776,PR100 1LM,municipality_active_standard_load_share
pr8,2030,25.345084816272728,PR100 1LM,municipality_active_standard_load_share
pr10,2030,28.036761103899998,PR100 1LM,municipality_active_standard_load_share
pr14,2030,25.658538788397436,PR100 1LM,municipality_active_standard_load_share
pr16,2030,5.405718398,PR100 1LM,municipality_active_standard_load_share
pr18,2030,15.1072298536,PR100 1LM,municipality_active_standard_load_share
pr21,2030,66.71031287735484,PR100 1LM,municipality_active_standard_load_share
pr23,2030,1.396042898,PR100 1LM,municipality_active_standard_load_share
pr29,2030,14.968902777310143,PR100 1LM,municipality_active_standard_load_share
pr32,2030,28.577670879191665,PR100 1LM,municipality_active_standard_load_share
pr35,2030,18.35622291695833,PR100 1LM,municipality_active_standard_load_share
pr38,2030,7.9418513350104165,PR100 1LM,municipality_active_standard_load_share
pr40,2030,10.360257171468751,PR100 1LM,municipality_active_standard_load_share
pr41,2030,25.227114394250002,PR100 1LM,municipality_active_standard_load_share
pr45,2030,47.553030446921774,PR100 1LM,municipality_active_standard_load_share
pr50,2030,29.4061348130178,PR100 1LM,municipality_active_standard_load_share
pr63,2030,10.965155279990256,PR100 1LM,municipality_active_standard_load_share
pr82,2030,33.93045327429391,PR100 1LM,municipality_active_standard_load_share
pr83,2030,3.0753138599999996,PR100 1LM,municipality_active_standard_load_share
pr84,2030,45.832934433112904,PR100 1LM,municipality_active_standard_load_share
pr85,2030,45.109413113024196,PR100 1LM,municipality_active_standard_load_share
pr86,2030,17.92499431606452,PR100 1LM,municipality_active_standard_load_share
pr87,2030,93.51269289266527,PR100 1LM,municipality_active_standard_load_share
pr88,2030,5.9749981053548415,PR100 1LM,municipality_active_standard_load_share
pr93,2030,47.38333339814706,PR100 1LM,municipality_active_standard_load_share
pr96,2030,1.2890949562285716,PR100 1LM,municipality_active_standard_load_share
pr99,2030,0.0,PR100 1LM,municipality_active_standard_load_share
pr100,2030,26.23112963489167,PR100 1LM,municipality_active_standard_load_share
pr101,2030,5.83122898093,PR100 1LM,municipality_active_standard_load_share
pr102,2030,13.480973708036597,PR100 1LM,municipality_active_standard_load_share
pr103,2030,9.069537562254903,PR100 1LM,municipality_active_standard_load_share
pr106,2030,4.312149947400001,PR100 1LM,municipality_active_standard_load_share
pr107,2030,0.0,PR100 1LM,municipality_active_standard_load_share
pr111,2030,1.2690612251555553,PR100 1LM,municipality_active_standard_load_share
pr116,2030,14.536959341686956,PR100 1LM,municipality_active_standard_load_share
pr120,2030,0.0,PR100 1LM,municipality_active_standard_load_share
pr127,2030,1.4937495263387104,PR100 1LM,municipality_active_standard_load_share
pr149,2030,2.1067105205,PR100 1LM,municipality_active_standard_load_share
pr153,2030,15.01866782952941,PR100 1LM,municipality_active_standard_load_share
pr167,2030,0.79694285934375,PR100 1LM,municipality_active_standard_load_share
pr169,2030,24.742141002733334,PR100 1LM,municipality_active_standard_load_share
pr175,2030,2.22333245275,PR100 1LM,municipality_active_standard_load_share
pr177,2030,2.87464364,PR100 1LM,municipality_active_standard_load_share
pr184,2030,0.0,PR100 1LM,municipality_active_standard_load_share
pr185,2030,0.9490743011666667,PR100 1LM,municipality_active_standard_load_share
pr190,2030,1.2690612251555553,PR100 1LM,municipality_active_standard_load_share
pr196,2030,0.0,PR100 1LM,municipality_active_standard_load_share
pr204,2030,0.0,PR100 1LM,municipality_active_standard_load_share
pr211,2030,12.109822838222222,PR100 1LM,municipality_active_standard_load_share
pr213,2030,10.804891379,PR100 1LM,municipality_active_standard_load_share
pr231,2030,12.191548493985508,PR100 1LM,municipality_active_standard_load_share
pr232,2030,0.0,PR100 1LM,municipality_active_standard_load_share
pr233,2030,0.8642017484230776,PR100 1LM,municipality_active_standard_load_share
pr234,2030,39.75754546407143,PR100 1LM,municipality_active_standard_load_share
pr266,2030,2.5273331580000002,PR100 1LM,municipality_active_standard_load_share
pr271,2030,2.5381224503111106,PR100 1LM,municipality_active_standard_load_share
pr275,2030,3.043943828,PR100 1LM,municipality_active_standard_load_share
pr277,2030,0.0,PR100 1LM,municipality_active_standard_load_share
pr280,2030,1.4937495263387104,PR100 1LM,municipality_active_standard_load_share
pr281,2030,2.22333245275,PR100 1LM,municipality_active_standard_load_share
pr290,2030,0.0,PR100 1LM,municipality_active_standard_load_share
pr294,2030,0.0,PR100 1LM,municipality_active_standard_load_share
pr296,2030,16.6769946834,PR100 1LM,municipality_active_standard_load_share
pr310,2030,4.17931601325,PR100 1LM,municipality_active_standard_load_share
pr313,2030,26.20342153452941,PR100 1LM,municipality_active_standard_load_share
pr319,2030,0.5505131334285716,PR100 1LM,municipality_active_standard_load_share
pr321,2030,0.7511776432272728,PR100 1LM,municipality_active_standard_load_share
pr334,2030,0.0,PR100 1LM,municipality_active_standard_load_share
pr335,2030,17.961767297770834,PR100 1LM,municipality_active_standard_load_share
pr343,2030,0.782514435818182,PR100 1LM,municipality_active_standard_load_share
pr352,2030,1.209122102625,PR100 1LM,municipality_active_standard_load_share
pr353,2030,8.245010243,PR100 1LM,municipality_active_standard_load_share
pr363,2030,0.0,PR100 1LM,municipality_active_standard_load_share
pr378,2030,19.970833485626137,PR100 1LM,municipality_active_standard_load_share
pr392,2030,16.43124478972581,PR100 1LM,municipality_active_standard_load_share
pr400,2030,3.0753138599999996,PR100 1LM,municipality_active_standard_load_share
pr428,2030,0.9729670512173914,PR100 1LM,municipality_active_standard_load_share
pr440,2030,2.39082857803125,PR100 1LM,municipality_active_standard_load_share
pr441,2030,0.0,PR100 1LM,municipality_active_standard_load_share
pr442,2030,1.072761987823529,PR100 1LM,municipality_active_standard_load_share
pr451,2030,0.0,PR100 1LM,municipality_active_standard_load_share
pr452,2030,1.072761987823529,PR100 1LM,municipality_active_standard_load_share
pr480,2030,2.22333245275,PR100 1LM,municipality_active_standard_load_share
pr489,2030,0.5505131334285716,PR100 1LM,municipality_active_standard_load_share
pr492,2030,1.2739273922941174,PR100 1LM,municipality_active_standard_load_share
pr545,2030,2.831213814758621,PR100 1LM,municipality_active_standard_load_share
pr555,2030,5.12008538,PR100 1LM,municipality_active_standard_load_share
pr583,2030,1.6395279039032256,PR100 1LM,municipality_active_standard_load_share
pr632,2030,7.468747631693552,PR100 1LM,municipality_active_standard_load_share
pr902,2030,0.79694285934375,PR100 1LM,municipality_active_standard_load_share
pr956,2030,0.0,PR100 1LM,municipality_active_standard_load_share
pr1025,2030,0.9490743011666667,PR100 1LM,municipality_active_standard_load_share
pr1027,2030,0.0,PR100 1LM,municipality_active_standard_load_share
pr1040,2030,1.4156069073793105,PR100 1LM,municipality_active_standard_load_share
pr1077,2030,0.0,PR100 1LM,municipality_active_standard_load_share
pr1078,2030,0.0,PR100 1LM,municipality_active_standard_load_share
pr1079,2030,0.0,PR100 1LM,municipality_active_standard_load_share
pr1102,2030,0.0,PR100 1LM,municipality_active_standard_load_share
pr1103,2030,0.0,PR100 1LM,municipality_active_standard_load_share
pr1104,2030,0.0,PR100 1LM,municipality_active_standard_load_share
pr1105,2030,0.0,PR100 1LM,municipality_active_standard_load_share
pr1110,2030,0.0,PR100 1LM,municipality_active_standard_load_share
pr1206,2030,2.5437194404285717,PR100 1LM,municipality_active_standard_load_share
pr1800,2030,0.0,PR100 1LM,municipality_active_standard_load_share
pr1802,2030,0.0,PR100 1LM,municipality_active_standard_load_share
pr2001,2030,0.0,PR100 1LM,municipality_active_standard_load_share
pr2002,2030,0.0,PR100 1LM,municipality_active_standard_load_share
pr2222,2030,0.0,PR100 1LM,municipality_active_standard_load_share
pr3000,2030,0.0,PR100 1LM,municipality_active_standard_load_share
pr3001,2030,0.0,PR100 1LM,municipality_active_standard_load_share
pr7000,2030,0.0,PR100 1LM,municipality_active_standard_load_share
pr7200,2030,0.0,PR100 1LM,municipality_active_standard_load_share
pr97014,2030,0.0,PR100 1LM,municipality_active_standard_load_share
pr97021,2030,0.0,PR100 1LM,municipality_active_standard_load_share
pr97047,2030,0.8642017484230776,PR100 1LM,municipality_active_standard_load_share
pr97064,2030,0.0,PR100 1LM,municipality_active_standard_load_share
pr97094,2030,0.0,PR100 1LM,municipality_active_standard_load_share
pr97134,2030,0.0,PR100 1LM,municipality_active_standard_load_share
pr97144,2030,0.0,PR100 1LM,municipality_active_standard_load_share
pr2,2035,22.574003591560647,PR100 1LM,municipality_active_standard_load_share
pr3,2035,29.48443601021569,PR100 1LM,municipality_active_standard_load_share
pr5,2035,1.0140048732692315,PR100 1LM,municipality_active_standard_load_share
pr8,2035,28.959728204413636,PR100 1LM,municipality_active_standard_load_share
pr10,2035,32.715124831591666,PR100 1LM,municipality_active_standard_load_share
pr14,2035,30.26110883335898,PR100 1LM,municipality_active_standard_load_share
pr16,2035,6.487509348000001,PR100 1LM,municipality_active_standard_load_share
pr18,2035,18.760685149399997,PR100 1LM,municipality_active_standard_load_share
pr21,2035,75.71536607287096,PR100 1LM,municipality_active_standard_load_share
pr23,2035,1.67541863775,PR100 1LM,municipality_active_standard_load_share
pr29,2035,17.744569641705795,PR100 1LM,municipality_active_standard_load_share
pr32,2035,33.05772607121458,PR100 1LM,municipality_active_standard_load_share
pr35,2035,22.470257217666667,PR100 1LM,municipality_active_standard_load_share
pr38,2035,9.489806091630207,PR100 1LM,municipality_active_standard_load_share
pr40,2035,12.433549125359376,PR100 1LM,municipality_active_standard_load_share
pr41,2035,28.662577348625,PR100 1LM,municipality_active_standard_load_share
pr45,2035,57.06933043308799,PR100 1LM,municipality_active_standard_load_share
pr50,2035,36.13185597385011,PR100 1LM,municipality_active_standard_load_share
pr63,2035,13.070572616942602,PR100 1LM,municipality_active_standard_load_share
pr82,2035,41.107733511697134,PR100 1LM,municipality_active_standard_load_share
pr83,2035,3.690744864,PR100 1LM,municipality_active_standard_load_share
pr84,2035,56.38660803752016,PR100 1LM,municipality_active_standard_load_share
pr85,2035,54.316905586487906,PR100 1LM,municipality_active_standard_load_share
pr86,2035,22.23297362511291,PR100 1LM,municipality_active_standard_load_share
pr87,2035,114.98962604093539,PR100 1LM,municipality_active_standard_load_share
pr88,2035,7.41099120837097,PR100 1LM,municipality_active_standard_load_share
pr93,2035,54.280827613323524,PR100 1LM,municipality_active_standard_load_share
pr96,2035,1.5470683009428572,PR100 1LM,municipality_active_standard_load_share
pr99,2035,0.0,PR100 1LM,municipality_active_standard_load_share
pr100,2035,31.00960296378541,PR100 1LM,municipality_active_standard_load_share
pr101,2035,6.99817299541,PR100 1LM,municipality_active_standard_load_share
pr102,2035,16.098839235933408,PR100 1LM,municipality_active_standard_load_share
pr103,2035,10.884531040892156,PR100 1LM,municipality_active_standard_load_share
pr106,2035,5.0351407527,PR100 1LM,municipality_active_standard_load_share
pr107,2035,0.0,PR100 1LM,municipality_active_standard_load_share
pr111,2035,1.523025424733333,PR100 1LM,municipality_active_standard_load_share
pr116,2035,17.33098924627826,PR100 1LM,municipality_active_standard_load_share
pr120,2035,0.0,PR100 1LM,municipality_active_standard_load_share
pr127,2035,1.8527478020927426,PR100 1LM,municipality_active_standard_load_share
pr149,2035,2.52830487875,PR100 1LM,municipality_active_standard_load_share
pr153,2035,16.904992133235293,PR100 1LM,municipality_active_standard_load_share
pr167,2035,0.9564268557968749,PR100 1LM,municipality_active_standard_load_share
pr169,2035,29.759905644733337,PR100 1LM,municipality_active_standard_load_share
pr175,2035,2.6682651615,PR100 1LM,municipality_active_standard_load_share
pr177,2035,3.449916573,PR100 1LM,municipality_active_standard_load_share
pr184,2035,0.0,PR100 1LM,municipality_active_standard_load_share
pr185,2035,1.1390028014166667,PR100 1LM,municipality_active_standard_load_share
pr190,2035,1.523025424733333,PR100 1LM,municipality_active_standard_load_share
pr196,2035,0.0,PR100 1LM,municipality_active_standard_load_share
pr204,2035,0.0,PR100 1LM,municipality_active_standard_load_share
pr211,2035,14.533237415222223,PR100 1LM,municipality_active_standard_load_share
pr213,2035,11.648339498,PR100 1LM,municipality_active_standard_load_share
pr231,2035,14.581347986753624,PR100 1LM,municipality_active_standard_load_share
pr232,2035,0.0,PR100 1LM,municipality_active_standard_load_share
pr233,2035,1.0140048732692315,PR100 1LM,municipality_active_standard_load_share
pr234,2035,45.78173893332143,PR100 1LM,municipality_active_standard_load_share
pr266,2035,3.033102407,PR100 1LM,municipality_active_standard_load_share
pr271,2035,3.046050849466666,PR100 1LM,municipality_active_standard_load_share
pr275,2035,3.6530970700000003,PR100 1LM,municipality_active_standard_load_share
pr277,2035,0.0,PR100 1LM,municipality_active_standard_load_share
pr280,2035,1.8527478020927426,PR100 1LM,municipality_active_standard_load_share
pr281,2035,2.6682651615,PR100 1LM,municipality_active_standard_load_share
pr290,2035,0.0,PR100 1LM,municipality_active_standard_load_share
pr294,2035,0.0,PR100 1LM,municipality_active_standard_load_share
pr296,2035,20.098563815325,PR100 1LM,municipality_active_standard_load_share
pr310,2035,5.015679636874999,PR100 1LM,municipality_active_standard_load_share
pr313,2035,29.56473550835294,PR100 1LM,municipality_active_standard_load_share
pr319,2035,0.6606816776428572,PR100 1LM,municipality_active_standard_load_share
pr321,2035,0.8354349931363636,PR100 1LM,municipality_active_standard_load_share
pr334,2035,0.0,PR100 1LM,municipality_active_standard_load_share
pr335,2035,21.556271465302082,PR100 1LM,municipality_active_standard_load_share
pr343,2035,0.9391110195454548,PR100 1LM,municipality_active_standard_load_share
pr352,2035,1.426132045,PR100 1LM,municipality_active_standard_load_share
pr353,2035,10.1068020735,PR100 1LM,municipality_active_standard_load_share
pr363,2035,0.0,PR100 1LM,municipality_active_standard_load_share
pr378,2035,23.67806202710196,PR100 1LM,municipality_active_standard_load_share
pr392,2035,20.380225823020165,PR100 1LM,municipality_active_standard_load_share
pr400,2035,3.690744864,PR100 1LM,municipality_active_standard_load_share
pr428,2035,1.1510202966956522,PR100 1LM,municipality_active_standard_load_share
pr440,2035,2.869280567390625,PR100 1LM,municipality_active_standard_load_share
pr441,2035,0.0,PR100 1LM,municipality_active_standard_load_share
pr442,2035,1.2074994380882351,PR100 1LM,municipality_active_standard_load_share
pr451,2035,0.0,PR100 1LM,municipality_active_standard_load_share
pr452,2035,1.2074994380882351,PR100 1LM,municipality_active_standard_load_share
pr480,2035,2.6682651615,PR100 1LM,municipality_active_standard_load_share
pr489,2035,0.6606816776428572,PR100 1LM,municipality_active_standard_load_share
pr492,2035,1.484402076647059,PR100 1LM,municipality_active_standard_load_share
pr545,2035,3.397795581517241,PR100 1LM,municipality_active_standard_load_share
pr555,2035,6.1447155250000005,PR100 1LM,municipality_active_standard_load_share
pr583,2035,1.9676297984838709,PR100 1LM,municipality_active_standard_load_share
pr632,2035,9.263739010463715,PR100 1LM,municipality_active_standard_load_share
pr902,2035,0.9564268557968749,PR100 1LM,municipality_active_standard_load_share
pr956,2035,0.0,PR100 1LM,municipality_active_standard_load_share
pr1025,2035,1.1390028014166667,PR100 1LM,municipality_active_standard_load_share
pr1027,2035,0.0,PR100 1LM,municipality_active_standard_load_share
pr1040,2035,1.6988977907586205,PR100 1LM,municipality_active_standard_load_share
pr1077,2035,0.0,PR100 1LM,municipality_active_standard_load_share
pr1078,2035,0.0,PR100 1LM,municipality_active_standard_load_share
pr1079,2035,0.0,PR100 1LM,municipality_active_standard_load_share
pr1102,2035,0.0,PR100 1LM,municipality_active_standard_load_share
pr1103,2035,0.0,PR100 1LM,municipality_active_standard_load_share
pr1104,2035,0.0,PR100 1LM,municipality_active_standard_load_share
pr1105,2035,0.0,PR100 1LM,municipality_active_standard_load_share
pr1110,2035,0.0,PR100 1LM,municipality_active_standard_load_share
pr1206,2035,2.7307552234285715,PR100 1LM,municipality_active_standard_load_share
pr1800,2035,0.0,PR100 1LM,municipality_active_standard_load_share
pr1802,2035,0.0,PR100 1LM,municipality_active_standard_load_share
pr2001,2035,0.0,PR100 1LM,municipality_active_standard_load_share
pr2002,2035,0.0,PR100 1LM,municipality_active_standard_load_share
pr2222,2035,0.0,PR100 1LM,municipality_active_standard_load_share
pr3000,2035,0.0,PR100 1LM,municipality_active_standard_load_share
pr3001,2035,0.0,PR100 1LM,municipality_active_standard_load_share
pr7000,2035,0.0,PR100 1LM,municipality_active_standard_load_share
pr7200,2035,0.0,PR100 1LM,municipality_active_standard_load_share
pr97014,2035,0.0,PR100 1LM,municipality_active_standard_load_share
pr97021,2035,0.0,PR100 1LM,municipality_active_standard_load_share
pr97047,2035,1.0140048732692315,PR100 1LM,municipality_active_standard_load_share
pr97064,2035,0.0,PR100 1LM,municipality_active_standard_load_share
pr97094,2035,0.0,PR100 1LM,municipality_active_standard_load_share
pr97134,2035,0.0,PR100 1LM,municipality_active_standard_load_share
pr97144,2035,0.0,PR100 1LM,municipality_active_standard_load_share
pr2,2040,25.443561590191877,PR100 1LM,municipality_active_standard_load_share
pr3,2040,34.92790325301961,PR100 1LM,municipality_active_standard_load_share
pr5,2040,1.1798635954615393,PR100 1LM,municipality_active_standard_load_share
pr8,2040,32.961781792299995,PR100 1LM,municipality_active_standard_load_share
pr10,2040,37.89490615316666,PR100 1LM,municipality_active_standard_load_share
pr14,2040,35.35690657994872,PR100 1LM,municipality_active_standard_load_share
pr16,2040,7.685244472999999,PR100 1LM,municipality_active_standard_load_share
pr18,2040,20.609554829400004,PR100 1LM,municipality_active_standard_load_share
pr21,2040,84.84822915385485,PR100 1LM,municipality_active_standard_load_share
pr23,2040,1.9847373055,PR100 1LM,municipality_active_standard_load_share
pr29,2040,20.712207882640577,PR100 1LM,municipality_active_standard_load_share
pr32,2040,38.01794455621667,PR100 1LM,municipality_active_standard_load_share
pr35,2040,24.202920319833332,PR100 1LM,municipality_active_standard_load_share
pr38,2040,10.853981706229167,PR100 1LM,municipality_active_standard_load_share
pr40,2040,14.729052332312502,PR100 1LM,municipality_active_standard_load_share
pr41,2040,32.46621222775,PR100 1LM,municipality_active_standard_load_share
pr45,2040,67.60556830615076,PR100 1LM,municipality_active_standard_load_share
pr50,2040,40.64775885086263,PR100 1LM,municipality_active_standard_load_share
pr63,2040,15.40164434789495,PR100 1LM,municipality_active_standard_load_share
pr82,2040,46.4434942665699,PR100 1LM,municipality_active_standard_load_share
pr83,2040,4.3721365245,PR100 1LM,municipality_active_standard_load_share
pr84,2040,63.256735030604844,PR100 1LM,municipality_active_standard_load_share
pr85,2040,63.88323837196775,PR100 1LM,municipality_active_standard_load_share
pr86,2040,24.49067273506452,PR100 1LM,municipality_active_standard_load_share
pr87,2040,129.13907745074835,PR100 1LM,municipality_active_standard_load_share
pr88,2040,8.163557578354842,PR100 1LM,municipality_active_standard_load_share
pr93,2040,61.917581376499996,PR100 1LM,municipality_active_standard_load_share
pr96,2040,1.8326907094857146,PR100 1LM,municipality_active_standard_load_share
pr99,2040,0.0,PR100 1LM,municipality_active_standard_load_share
pr100,2040,35.120958467449995,PR100 1LM,municipality_active_standard_load_share
pr101,2040,8.29018772474,PR100 1LM,municipality_active_standard_load_share
pr102,2040,18.997282322890705,PR100 1LM,municipality_active_standard_load_share
pr103,2040,12.894051865990196,PR100 1LM,municipality_active_standard_load_share
pr106,2040,5.835620258400001,PR100 1LM,municipality_active_standard_load_share
pr107,2040,0.0,PR100 1LM,municipality_active_standard_load_share
pr111,2040,1.8042089963111105,PR100 1LM,municipality_active_standard_load_share
pr116,2040,20.424477641547824,PR100 1LM,municipality_active_standard_load_share
pr120,2040,0.0,PR100 1LM,municipality_active_standard_load_share
pr127,2040,2.0408893945887105,PR100 1LM,municipality_active_standard_load_share
pr149,2040,2.9950848700000003,PR100 1LM,municipality_active_standard_load_share
pr153,2040,18.99348888211765,PR100 1LM,municipality_active_standard_load_share
pr167,2040,1.1330040255625,PR100 1LM,municipality_active_standard_load_share
pr169,2040,33.83819798263333,PR100 1LM,municipality_active_standard_load_share
pr175,2040,3.16088486075,PR100 1LM,municipality_active_standard_load_share
pr177,2040,4.0868461,PR100 1LM,municipality_active_standard_load_share
pr184,2040,0.0,PR100 1LM,municipality_active_standard_load_share
pr185,2040,1.3492874568333333,PR100 1LM,municipality_active_standard_load_share
pr190,2040,1.8042089963111105,PR100 1LM,municipality_active_standard_load_share
pr196,2040,0.0,PR100 1LM,municipality_active_standard_load_share
pr204,2040,0.0,PR100 1LM,municipality_active_standard_load_share
pr211,2040,17.21638868233333,PR100 1LM,municipality_active_standard_load_share
pr213,2040,12.582186689,PR100 1LM,municipality_active_standard_load_share
pr231,2040,17.22728137794203,PR100 1LM,municipality_active_standard_load_share
pr232,2040,0.0,PR100 1LM,municipality_active_standard_load_share
pr233,2040,1.1798635954615393,PR100 1LM,municipality_active_standard_load_share
pr234,2040,52.45159332821428,PR100 1LM,municipality_active_standard_load_share
pr266,2040,3.593078985,PR100 1LM,municipality_active_standard_load_share
pr271,2040,3.608417992622221,PR100 1LM,municipality_active_standard_load_share
pr275,2040,4.327538129000001,PR100 1LM,municipality_active_standard_load_share
pr277,2040,0.0,PR100 1LM,municipality_active_standard_load_share
pr280,2040,2.0408893945887105,PR100 1LM,municipality_active_standard_load_share
pr281,2040,3.16088486075,PR100 1LM,municipality_active_standard_load_share
pr290,2040,0.0,PR100 1LM,municipality_active_standard_load_share
pr294,2040,0.0,PR100 1LM,municipality_active_standard_load_share
pr296,2040,22.4457326849,PR100 1LM,municipality_active_standard_load_share
pr310,2040,5.941683032749999,PR100 1LM,municipality_active_standard_load_share
pr313,2040,32.92098762694117,PR100 1LM,municipality_active_standard_load_share
pr319,2040,0.7826578642857145,PR100 1LM,municipality_active_standard_load_share
pr321,2040,0.928722876,PR100 1LM,municipality_active_standard_load_share
pr334,2040,0.0,PR100 1LM,municipality_active_standard_load_share
pr335,2040,25.536027350624998,PR100 1LM,municipality_active_standard_load_share
pr343,2040,1.1124913100909093,PR100 1LM,municipality_active_standard_load_share
pr352,2040,1.6664006765,PR100 1LM,municipality_active_standard_load_share
pr353,2040,11.043795872000002,PR100 1LM,municipality_active_standard_load_share
pr363,2040,0.0,PR100 1LM,municipality_active_standard_load_share
pr378,2040,27.78262386344444,PR100 1LM,municipality_active_standard_load_share
pr392,2040,22.44978334047581,PR100 1LM,municipality_active_standard_load_share
pr400,2040,4.3721365245,PR100 1LM,municipality_active_standard_load_share
pr428,2040,1.3481569308695651,PR100 1LM,municipality_active_standard_load_share
pr440,2040,3.3990120766875,PR100 1LM,municipality_active_standard_load_share
pr441,2040,0.0,PR100 1LM,municipality_active_standard_load_share
pr442,2040,1.3566777772941176,PR100 1LM,municipality_active_standard_load_share
pr451,2040,0.0,PR100 1LM,municipality_active_standard_load_share
pr452,2040,1.3566777772941176,PR100 1LM,municipality_active_standard_load_share
pr480,2040,3.16088486075,PR100 1LM,municipality_active_standard_load_share
pr489,2040,0.7826578642857145,PR100 1LM,municipality_active_standard_load_share
pr492,2040,1.717435014,PR100 1LM,municipality_active_standard_load_share
pr545,2040,4.025102442206896,PR100 1LM,municipality_active_standard_load_share
pr555,2040,7.279163466,PR100 1LM,municipality_active_standard_load_share
pr583,2040,2.330896993580645,PR100 1LM,municipality_active_standard_load_share
pr632,2040,10.204446972943554,PR100 1LM,municipality_active_standard_load_share
pr902,2040,1.1330040255625,PR100 1LM,municipality_active_standard_load_share
pr956,2040,0.0,PR100 1LM,municipality_active_standard_load_share
pr1025,2040,1.3492874568333333,PR100 1LM,municipality_active_standard_load_share
pr1027,2040,0.0,PR100 1LM,municipality_active_standard_load_share
pr1040,2040,2.012551221103448,PR100 1LM,municipality_active_standard_load_share
pr1077,2040,0.0,PR100 1LM,municipality_active_standard_load_share
pr1078,2040,0.0,PR100 1LM,municipality_active_standard_load_share
pr1079,2040,0.0,PR100 1LM,municipality_active_standard_load_share
pr1102,2040,0.0,PR100 1LM,municipality_active_standard_load_share
pr1103,2040,0.0,PR100 1LM,municipality_active_standard_load_share
pr1104,2040,0.0,PR100 1LM,municipality_active_standard_load_share
pr1105,2040,0.0,PR100 1LM,municipality_active_standard_load_share
pr1110,2040,0.0,PR100 1LM,municipality_active_standard_load_share
pr1206,2040,2.937837124285714,PR100 1LM,municipality_active_standard_load_share
pr1800,2040,0.0,PR100 1LM,municipality_active_standard_load_share
pr1802,2040,0.0,PR100 1LM,municipality_active_standard_load_share
pr2001,2040,0.0,PR100 1LM,municipality_active_standard_load_share
pr2002,2040,0.0,PR100 1LM,municipality_active_standard_load_share
pr2222,2040,0.0,PR100 1LM,municipality_active_standard_load_share
pr3000,2040,0.0,PR100 1LM,municipality_active_standard_load_share
pr3001,2040,0.0,PR100 1LM,municipality_active_standard_load_share
pr7000,2040,0.0,PR100 1LM,municipality_active_standard_load_share
pr7200,2040,0.0,PR100 1LM,municipality_active_standard_load_share
pr97014,2040,0.0,PR100 1LM,municipality_active_standard_load_share
pr97021,2040,0.0,PR100 1LM,municipality_active_standard_load_share
pr97047,2040,1.1798635954615393,PR100 1LM,municipality_active_standard_load_share
pr97064,2040,0.0,PR100 1LM,municipality_active_standard_load_share
pr97094,2040,0.0,PR100 1LM,municipality_active_standard_load_share
pr97134,2040,0.0,PR100 1LM,municipality_active_standard_load_share
pr97144,2040,0.0,PR100 1LM,municipality_active_standard_load_share
pr2,2045,34.545385478185715,PR100 1LM,municipality_active_standard_load_share
pr3,2045,52.1937958695,PR100 1LM,municipality_active_standard_load_share
pr5,2045,1.7059435274038477,PR100 1LM,municipality_active_standard_load_share
pr8,2045,45.65571827927727,PR100 1LM,municipality_active_standard_load_share
pr10,2045,54.32442506941666,PR100 1LM,municipality_active_standard_load_share
pr14,2045,51.5201737306218,PR100 1LM,municipality_active_standard_load_share
pr16,2045,11.484287457,PR100 1LM,municipality_active_standard_load_share
pr18,2045,26.3288115579,PR100 1LM,municipality_active_standard_load_share
pr21,2045,113.76103369064516,PR100 1LM,municipality_active_standard_load_share
pr23,2045,2.965851486,PR100 1LM,municipality_active_standard_load_share
pr29,2045,30.10578176532174,PR100 1LM,municipality_active_standard_load_share
pr32,2045,53.75104182892917,PR100 1LM,municipality_active_standard_load_share
pr35,2045,29.26144925675,PR100 1LM,municipality_active_standard_load_share
pr38,2045,15.121499526375,PR100 1LM,municipality_active_standard_load_share
pr40,2045,22.010057262375,PR100 1LM,municipality_active_standard_load_share
pr41,2045,44.530828434,PR100 1LM,municipality_active_standard_load_share
pr45,2045,101.02499442395055,PR100 1LM,municipality_active_standard_load_share
pr50,2045,54.77793373177531,PR100 1LM,municipality_active_standard_load_share
pr63,2045,22.7954675003363,PR100 1LM,municipality_active_standard_load_share
pr82,2045,62.93159795544803,PR100 1LM,municipality_active_standard_load_share
pr83,2045,6.53341254275,PR100 1LM,municipality_active_standard_load_share
pr84,2045,84.7297007807258,PR100 1LM,municipality_active_standard_load_share
pr85,2045,94.18477610403427,PR100 1LM,municipality_active_standard_load_share
pr86,2045,31.485810763935493,PR100 1LM,municipality_active_standard_load_share
pr87,2045,173.38292410370303,PR100 1LM,municipality_active_standard_load_share
pr88,2045,10.495270254645165,PR100 1LM,municipality_active_standard_load_share
pr93,2045,86.14026231218382,PR100 1LM,municipality_active_standard_load_share
pr96,2045,2.738643773471429,PR100 1LM,municipality_active_standard_load_share
pr99,2045,0.0,PR100 1LM,municipality_active_standard_load_share
pr100,2045,48.01346937457083,PR100 1LM,municipality_active_standard_load_share
pr101,2045,12.38827199548,PR100 1LM,municipality_active_standard_load_share
pr102,2045,28.19072554232018,PR100 1LM,municipality_active_standard_load_share
pr103,2045,19.26796195475,PR100 1LM,municipality_active_standard_load_share
pr106,2045,8.374625741100001,PR100 1LM,municipality_active_standard_load_share
pr107,2045,0.0,PR100 1LM,municipality_active_standard_load_share
pr111,2045,2.696082709777777,PR100 1LM,municipality_active_standard_load_share
pr116,2045,30.23657644974348,PR100 1LM,municipality_active_standard_load_share
pr120,2045,0.0,PR100 1LM,municipality_active_standard_load_share
pr127,2045,2.6238175636612913,PR100 1LM,municipality_active_standard_load_share
pr149,2045,4.475643648,PR100 1LM,municipality_active_standard_load_share
pr153,2045,25.61789920282353,PR100 1LM,municipality_active_standard_load_share
pr167,2045,1.6930813278749999,PR100 1LM,municipality_active_standard_load_share
pr169,2045,46.503103641450004,PR100 1LM,municipality_active_standard_load_share
pr175,2045,4.7234034626875,PR100 1LM,municipality_active_standard_load_share
pr177,2045,6.107094647,PR100 1LM,municipality_active_standard_load_share
pr184,2045,0.0,PR100 1LM,municipality_active_standard_load_share
pr185,2045,2.0162800373333334,PR100 1LM,municipality_active_standard_load_share
pr190,2045,2.696082709777777,PR100 1LM,municipality_active_standard_load_share
pr196,2045,0.0,PR100 1LM,municipality_active_standard_load_share
pr204,2045,0.0,PR100 1LM,municipality_active_standard_load_share
pr211,2045,25.72695732827778,PR100 1LM,municipality_active_standard_load_share
pr213,2045,15.544215224499998,PR100 1LM,municipality_active_standard_load_share
pr231,2045,25.61980028365942,PR100 1LM,municipality_active_standard_load_share
pr232,2045,0.0,PR100 1LM,municipality_active_standard_load_share
pr233,2045,1.7059435274038477,PR100 1LM,municipality_active_standard_load_share
pr234,2045,73.60740899907142,PR100 1LM,municipality_active_standard_load_share
pr266,2045,5.3692438905,PR100 1LM,municipality_active_standard_load_share
pr271,2045,5.392165419555554,PR100 1LM,municipality_active_standard_load_share
pr275,2045,6.4667678475,PR100 1LM,municipality_active_standard_load_share
pr277,2045,0.0,PR100 1LM,municipality_active_standard_load_share
pr280,2045,2.6238175636612913,PR100 1LM,municipality_active_standard_load_share
pr281,2045,4.7234034626875,PR100 1LM,municipality_active_standard_load_share
pr290,2045,0.0,PR100 1LM,municipality_active_standard_load_share
pr294,2045,0.0,PR100 1LM,municipality_active_standard_load_share
pr296,2045,29.5597753906,PR100 1LM,municipality_active_standard_load_share
pr310,2045,8.878832176374999,PR100 1LM,municipality_active_standard_load_share
pr313,2045,43.133188587,PR100 1LM,municipality_active_standard_load_share
pr319,2045,1.1695487275714287,PR100 1LM,municipality_active_standard_load_share
pr321,2045,1.2246185795227273,PR100 1LM,municipality_active_standard_load_share
pr334,2045,0.0,PR100 1LM,municipality_active_standard_load_share
pr335,2045,38.15923873291666,PR100 1LM,municipality_active_standard_load_share
pr343,2045,1.6624285723636367,PR100 1LM,municipality_active_standard_load_share
pr352,2045,2.42849810425,PR100 1LM,municipality_active_standard_load_share
pr353,2045,13.860804847499999,PR100 1LM,municipality_active_standard_load_share
pr363,2045,0.0,PR100 1LM,municipality_active_standard_load_share
pr378,2045,40.80170171569934,PR100 1LM,municipality_active_standard_load_share
pr392,2045,28.8619932002742,PR100 1LM,municipality_active_standard_load_share
pr400,2045,6.53341254275,PR100 1LM,municipality_active_standard_load_share
pr428,2045,1.9734458861086956,PR100 1LM,municipality_active_standard_load_share
pr440,2045,5.079243983625,PR100 1LM,municipality_active_standard_load_share
pr441,2045,0.0,PR100 1LM,municipality_active_standard_load_share
pr442,2045,1.8298499430588233,PR100 1LM,municipality_active_standard_load_share
pr451,2045,0.0,PR100 1LM,municipality_active_standard_load_share
pr452,2045,1.8298499430588233,PR100 1LM,municipality_active_standard_load_share
pr480,2045,4.7234034626875,PR100 1LM,municipality_active_standard_load_share
pr489,2045,1.1695487275714287,PR100 1LM,municipality_active_standard_load_share
pr492,2045,2.456581865117647,PR100 1LM,municipality_active_standard_load_share
pr545,2045,6.014829280172414,PR100 1LM,municipality_active_standard_load_share
pr555,2045,10.877468629500001,PR100 1LM,municipality_active_standard_load_share
pr583,2045,3.483128116645161,PR100 1LM,municipality_active_standard_load_share
pr632,2045,13.119087818306458,PR100 1LM,municipality_active_standard_load_share
pr902,2045,1.6930813278749999,PR100 1LM,municipality_active_standard_load_share
pr956,2045,0.0,PR100 1LM,municipality_active_standard_load_share
pr1025,2045,2.0162800373333334,PR100 1LM,municipality_active_standard_load_share
pr1027,2045,0.0,PR100 1LM,municipality_active_standard_load_share
pr1040,2045,3.007414640086207,PR100 1LM,municipality_active_standard_load_share
pr1077,2045,0.0,PR100 1LM,municipality_active_standard_load_share
pr1078,2045,0.0,PR100 1LM,municipality_active_standard_load_share
pr1079,2045,0.0,PR100 1LM,municipality_active_standard_load_share
pr1102,2045,0.0,PR100 1LM,municipality_active_standard_load_share
pr1103,2045,0.0,PR100 1LM,municipality_active_standard_load_share
pr1104,2045,0.0,PR100 1LM,municipality_active_standard_load_share
pr1105,2045,0.0,PR100 1LM,municipality_active_standard_load_share
pr1110,2045,0.0,PR100 1LM,municipality_active_standard_load_share
pr1206,2045,3.5946710324285718,PR100 1LM,municipality_active_standard_load_share
pr1800,2045,0.0,PR100 1LM,municipality_active_standard_load_share
pr1802,2045,0.0,PR100 1LM,municipality_active_standard_load_share
pr2001,2045,0.0,PR100 1LM,municipality_active_standard_load_share
pr2002,2045,0.0,PR100 1LM,municipality_active_standard_load_share
pr2222,2045,0.0,PR100 1LM,municipality_active_standard_load_share
pr3000,2045,0.0,PR100 1LM,municipality_active_standard_load_share
pr3001,2045,0.0,PR100 1LM,municipality_active_standard_load_share
pr7000,2045,0.0,PR100 1LM,municipality_active_standard_load_share
pr7200,2045,0.0,PR100 1LM,municipality_active_standard_load_share
pr97014,2045,0.0,PR100 1LM,municipality_active_standard_load_share
pr97021,2045,0.0,PR100 1LM,municipality_active_standard_load_share
pr97047,2045,1.7059435274038477,PR100 1LM,municipality_active_standard_load_share
pr97064,2045,0.0,PR100 1LM,municipality_active_standard_load_share
pr97094,2045,0.0,PR100 1LM,municipality_active_standard_load_share
pr97134,2045,0.0,PR100 1LM,municipality_active_standard_load_share
pr97144,2045,0.0,PR100 1LM,municipality_active_standard_load_share
pr2,2050,41.952282030369474,PR100 1LM,municipality_active_standard_load_share
pr3,2050,66.24446110303921,PR100 1LM,municipality_active_standard_load_share
pr5,2050,2.1340576818076937,PR100 1LM,municipality_active_standard_load_share
pr8,2050,55.985809868854545,PR100 1LM,municipality_active_standard_load_share
pr10,2050,67.69446479755,PR100 1LM,municipality_active_standard_load_share
pr14,2050,64.67354542424358,PR100 1LM,municipality_active_standard_load_share
pr16,2050,14.575878626000002,PR100 1LM,municipality_active_standard_load_share
pr18,2050,30.7331607966,PR100 1LM,municipality_active_standard_load_share
pr21,2050,137.19447022490323,PR100 1LM,municipality_active_standard_load_share
pr23,2050,3.7642641275000006,PR100 1LM,municipality_active_standard_load_share
pr29,2050,37.745060993037676,PR100 1LM,municipality_active_standard_load_share
pr32,2050,66.55434644674584,PR100 1LM,municipality_active_standard_load_share
pr35,2050,33.19806225575,PR100 1LM,municipality_active_standard_load_share
pr38,2050,18.57500551409375,PR100 1LM,municipality_active_standard_load_share
pr40,2050,27.93520490921875,PR100 1LM,municipality_active_standard_load_share
pr41,2050,54.348825771,PR100 1LM,municipality_active_standard_load_share
pr45,2050,128.221107524989,PR100 1LM,municipality_active_standard_load_share
pr50,2050,65.94336109071301,PR100 1LM,municipality_active_standard_load_share
pr63,2050,28.812424525903502,PR100 1LM,municipality_active_standard_load_share
pr82,2050,76.20072396929032,PR100 1LM,municipality_active_standard_load_share
pr83,2050,8.292219139,PR100 1LM,municipality_active_standard_load_share
pr84,2050,101.65619623849999,PR100 1LM,municipality_active_standard_load_share
pr85,2050,118.7721558368226,PR100 1LM,municipality_active_standard_load_share
pr86,2050,36.89251212870968,PR100 1LM,municipality_active_standard_load_share
pr87,2050,208.29213446082906,PR100 1LM,municipality_active_standard_load_share
pr88,2050,12.29750404290323,PR100 1LM,municipality_active_standard_load_share
pr93,2050,105.85223367652942,PR100 1LM,municipality_active_standard_load_share
pr96,2050,3.4758916821428576,PR100 1LM,municipality_active_standard_load_share
pr99,2050,0.0,PR100 1LM,municipality_active_standard_load_share
pr100,2050,58.41051067675417,PR100 1LM,municipality_active_standard_load_share
pr101,2050,15.723217453,PR100 1LM,municipality_active_standard_load_share
pr102,2050,35.67218022102991,PR100 1LM,municipality_active_standard_load_share
pr103,2050,24.45493252398039,PR100 1LM,municipality_active_standard_load_share
pr106,2050,10.440821617800001,PR100 1LM,municipality_active_standard_load_share
pr107,2050,0.0,PR100 1LM,municipality_active_standard_load_share
pr111,2050,3.42187310171111,PR100 1LM,municipality_active_standard_load_share
pr116,2050,38.2214816464087,PR100 1LM,municipality_active_standard_load_share
pr120,2050,0.0,PR100 1LM,municipality_active_standard_load_share
pr127,2050,3.0743760107258074,PR100 1LM,municipality_active_standard_load_share
pr149,2050,5.680495098,PR100 1LM,municipality_active_standard_load_share
pr153,2050,31.008722238117645,PR100 1LM,municipality_active_standard_load_share
pr167,2050,2.14886191609375,PR100 1LM,municipality_active_standard_load_share
pr169,2050,56.73903708326667,PR100 1LM,municipality_active_standard_load_share
pr175,2050,5.994952308,PR100 1LM,municipality_active_standard_load_share
pr177,2050,7.751135689,PR100 1LM,municipality_active_standard_load_share
pr184,2050,0.0,PR100 1LM,municipality_active_standard_load_share
pr185,2050,2.5590663076666664,PR100 1LM,municipality_active_standard_load_share
pr190,2050,3.42187310171111,PR100 1LM,municipality_active_standard_load_share
pr196,2050,0.0,PR100 1LM,municipality_active_standard_load_share
pr204,2050,0.0,PR100 1LM,municipality_active_standard_load_share
pr211,2050,32.652701248,PR100 1LM,municipality_active_standard_load_share
pr213,2050,17.954659461000002,PR100 1LM,municipality_active_standard_load_share
pr231,2050,32.44947751023189,PR100 1LM,municipality_active_standard_load_share
pr232,2050,0.0,PR100 1LM,municipality_active_standard_load_share
pr233,2050,2.1340576818076937,PR100 1LM,municipality_active_standard_load_share
pr234,2050,90.82362194071428,PR100 1LM,municipality_active_standard_load_share
pr266,2050,6.814654156,PR100 1LM,municipality_active_standard_load_share
pr271,2050,6.84374620342222,PR100 1LM,municipality_active_standard_load_share
pr275,2050,8.207633569999999,PR100 1LM,municipality_active_standard_load_share
pr277,2050,0.0,PR100 1LM,municipality_active_standard_load_share
pr280,2050,3.0743760107258074,PR100 1LM,municipality_active_standard_load_share
pr281,2050,5.994952308,PR100 1LM,municipality_active_standard_load_share
pr290,2050,0.0,PR100 1LM,municipality_active_standard_load_share
pr294,2050,0.0,PR100 1LM,municipality_active_standard_load_share
pr296,2050,35.317753007549996,PR100 1LM,municipality_active_standard_load_share
pr310,2050,11.269030021999999,PR100 1LM,municipality_active_standard_load_share
pr313,2050,51.63252753388235,PR100 1LM,municipality_active_standard_load_share
pr319,2050,1.4843933821428574,PR100 1LM,municipality_active_standard_load_share
pr321,2050,1.4654130500454547,PR100 1LM,municipality_active_standard_load_share
pr334,2050,0.0,PR100 1LM,municipality_active_standard_load_share
pr335,2050,48.43177554327083,PR100 1LM,municipality_active_standard_load_share
pr343,2050,2.109957382545455,PR100 1LM,municipality_active_standard_load_share
pr352,2050,3.04867894675,PR100 1LM,municipality_active_standard_load_share
pr353,2050,16.070756972,PR100 1LM,municipality_active_standard_load_share
pr363,2050,0.0,PR100 1LM,municipality_active_standard_load_share
pr378,2050,51.39638734760523,PR100 1LM,municipality_active_standard_load_share
pr392,2050,33.818136117983876,PR100 1LM,municipality_active_standard_load_share
pr400,2050,8.292219139,PR100 1LM,municipality_active_standard_load_share
pr428,2050,2.482294515521739,PR100 1LM,municipality_active_standard_load_share
pr440,2050,6.446585748281249,PR100 1LM,municipality_active_standard_load_share
pr441,2050,0.0,PR100 1LM,municipality_active_standard_load_share
pr442,2050,2.214908731294117,PR100 1LM,municipality_active_standard_load_share
pr451,2050,0.0,PR100 1LM,municipality_active_standard_load_share
pr452,2050,2.214908731294117,PR100 1LM,municipality_active_standard_load_share
pr480,2050,5.994952308,PR100 1LM,municipality_active_standard_load_share
pr489,2050,1.4843933821428574,PR100 1LM,municipality_active_standard_load_share
pr492,2050,3.058085951058824,PR100 1LM,municipality_active_standard_load_share
pr545,2050,7.634032313517242,PR100 1LM,municipality_active_standard_load_share
pr555,2050,13.805703068,PR100 1LM,municipality_active_standard_load_share
pr583,2050,4.420792570258065,PR100 1LM,municipality_active_standard_load_share
pr632,2050,15.371880053629038,PR100 1LM,municipality_active_standard_load_share
pr902,2050,2.14886191609375,PR100 1LM,municipality_active_standard_load_share
pr956,2050,0.0,PR100 1LM,municipality_active_standard_load_share
pr1025,2050,2.5590663076666664,PR100 1LM,municipality_active_standard_load_share
pr1027,2050,0.0,PR100 1LM,municipality_active_standard_load_share
pr1040,2050,3.817016156758621,PR100 1LM,municipality_active_standard_load_share
pr1077,2050,0.0,PR100 1LM,municipality_active_standard_load_share
pr1078,2050,0.0,PR100 1LM,municipality_active_standard_load_share
pr1079,2050,0.0,PR100 1LM,municipality_active_standard_load_share
pr1102,2050,0.0,PR100 1LM,municipality_active_standard_load_share
pr1103,2050,0.0,PR100 1LM,municipality_active_standard_load_share
pr1104,2050,0.0,PR100 1LM,municipality_active_standard_load_share
pr1105,2050,0.0,PR100 1LM,municipality_active_standard_load_share
pr1110,2050,0.0,PR100 1LM,municipality_active_standard_load_share
pr1206,2050,4.129190364285714,PR100 1LM,municipality_active_standard_load_share
pr1800,2050,0.0,PR100 1LM,municipality_active_standard_load_share
pr1802,2050,0.0,PR100 1LM,municipality_active_standard_load_share
pr2001,2050,0.0,PR100 1LM,municipality_active_standard_load_share
pr2002,2050,0.0,PR100 1LM,municipality_active_standard_load_share
pr2222,2050,0.0,PR100 1LM,municipality_active_standard_load_share
pr3000,2050,0.0,PR100 1LM,municipality_active_standard_load_share
pr3001,2050,0.0,PR100 1LM,municipality_active_standard_load_share
pr7000,2050,0.0,PR100 1LM,municipality_active_standard_load_share
pr7200,2050,0.0,PR100 1LM,municipality_active_standard_load_share
pr97014,2050,0.0,PR100 1LM,municipality_active_standard_load_share
pr97021,2050,0.0,PR100 1LM,municipality_active_standard_load_share
pr97047,2050,2.1340576818076937,PR100 1LM,municipality_active_standard_load_share
pr97064,2050,0.0,PR100 1LM,municipality_active_standard_load_share
pr97094,2050,0.0,PR100 1LM,municipality_active_standard_load_share
pr97134,2050,0.0,PR100 1LM,municipality_active_standard_load_share
pr97144,2050,0.0,PR100 1LM,municipality_active_standard_load_share
