source_id,source_kind,tech,region,capacity_mw,start_year,energy_mwh
42b82c0a-fce6-4260-8aa7-13dd6260f9fd,network_ThermalStandard,coaloldscr,pr321,260.00000000000006,2009,
1db4c121-7390-43d8-b655-7cec5e20dbae,network_ThermalStandard,o-g-s,pr63,27.0,2009,
af5f6809-d457-4673-ab86-34cf8756e66a,network_ThermalStandard,o-g-s,pr88,142.3,2009,
7232b367-6436-43c0-926a-366d5e53e02f,network_ThermalStandard,o-g-s,pr319,162.7,2009,
fb5a3ccd-b908-4991-ba98-06a43a788110,network_ThermalStandard,o-g-s,pr63,21.0,2009,
6764fb01-7366-499f-b226-7b41a6113c09,network_ThermalStandard,o-g-s,pr18,1.6,2009,
440ad2d7-52be-4667-a6f9-048ec821b31d,network_ThermalStandard,o-g-s,pr63,27.0,2009,
751096b1-b22a-433d-ad93-a92fedc539f1,network_ThermalStandard,o-g-s,pr88,57.7,2009,
09679b05-f148-46bc-9475-c1af8630dad7,network_ThermalStandard,o-g-s,pr88,68.0,2009,
d88b59b3-9bd2-43fc-99bc-898349cf6ec1,network_ThermalStandard,o-g-s,pr5,21.0,2009,
68286b03-e64f-419f-8323-ed3747ab945c,network_ThermalStandard,o-g-s,pr29,50.0,2009,
df4b8c7c-4efb-4303-8543-962e182bc7c0,network_ThermalStandard,o-g-s,pr63,21.0,2009,
529b437f-c4b8-464a-83ca-afebf598d1e3,network_ThermalStandard,o-g-s,pr440,82.5,2009,
502fb4c2-85c9-418e-a05b-61e3edec0759,network_ThermalStandard,o-g-s,pr96,410.0,2009,
6661b925-d433-43bc-afe4-5e7b6049fe17,network_ThermalStandard,o-g-s,pr29,60.5,2009,
d9553dc2-ede7-425a-840f-15eb363cfaed,network_ThermalStandard,o-g-s,pr101,21.0,2009,
8595fd90-6aaa-452d-9abe-eeba92ddda2c,network_ThermalStandard,o-g-s,pr29,60.5,2009,
901600aa-0fd5-424f-854f-f936db9ee696,network_ThermalStandard,o-g-s,pr96,410.0,2009,
abff6ccf-9a21-4e34-a62c-94898b567951,network_ThermalStandard,o-g-s,pr63,21.0,2009,
2cc7523c-8692-4e7d-b5ac-e5348bb6f572,network_ThermalStandard,o-g-s,pr8,21.0,2009,
33cf268c-d7cf-4386-aebf-e13a0bcfc74e,network_ThermalStandard,o-g-s,pr106,50.0,2009,
6f345e87-1b79-4ebc-b9e7-60c0de23b805,network_ThermalStandard,o-g-s,pr63,27.0,2009,
009dcb1e-5d0d-4a52-9487-ed1c1f3ac2ee,network_ThermalStandard,o-g-s,pr29,60.5,2009,
59a099af-52cb-4b4e-b40d-1fc85ce9885b,network_ThermalStandard,o-g-s,pr319,181.5,2009,
af7da546-0baa-438e-96f1-7d09fcc1fdd8,network_ThermalStandard,o-g-s,pr106,450.0,2009,
d76088cb-2877-4d8f-bd4d-a71e49f3ef95,network_ThermalStandard,o-g-s,pr88,142.3,2009,
4ad23632-da06-4ee7-9a47-31f4feaf953d,network_ThermalStandard,o-g-s,pr440,82.5,2009,
4f83c4fc-5da4-4de3-954a-27806f17354e,network_ThermalStandard,o-g-s,pr319,162.7,2009,
cbee1d7e-8a9c-4f96-9491-efe43c1d7719,network_HydroDispatch,hydED,pr169,20.0,2009,
PR100_DPV_2022_pr2,pr100_distributed_pv_2022,dupv,pr2,10.858064023870588,2009,
PR100_DPV_2022_pr3,pr100_distributed_pv_2022,dupv,pr3,11.688715213588235,2009,
PR100_DPV_2022_pr5,pr100_distributed_pv_2022,dupv,pr5,0.4900384615384619,2009,
PR100_DPV_2022_pr8,pr100_distributed_pv_2022,dupv,pr8,11.864850443754545,2009,
PR100_DPV_2022_pr10,pr100_distributed_pv_2022,dupv,pr10,13.166463569833333,2009,
PR100_DPV_2022_pr14,pr100_distributed_pv_2022,dupv,pr14,11.270884615384617,2009,
PR100_DPV_2022_pr18,pr100_distributed_pv_2022,dupv,pr18,9.443,2009,
PR100_DPV_2022_pr21,pr100_distributed_pv_2022,dupv,pr21,41.67981549141936,2009,
PR100_DPV_2022_pr29,pr100_distributed_pv_2022,dupv,pr29,7.082047071486955,2009,
PR100_DPV_2022_pr32,pr100_distributed_pv_2022,dupv,pr32,11.649598962375,2009,
PR100_DPV_2022_pr35,pr100_distributed_pv_2022,dupv,pr35,10.585734516125,2009,
PR100_DPV_2022_pr38,pr100_distributed_pv_2022,dupv,pr38,4.39276045303125,2009,
PR100_DPV_2022_pr40,pr100_distributed_pv_2022,dupv,pr40,4.63693750040625,2009,
PR100_DPV_2022_pr41,pr100_distributed_pv_2022,dupv,pr41,14.056021478,2009,
PR100_DPV_2022_pr45,pr100_distributed_pv_2022,dupv,pr45,15.50146666537778,2009,
PR100_DPV_2022_pr50,pr100_distributed_pv_2022,dupv,pr50,9.475927497467744,2009,
PR100_DPV_2022_pr63,pr100_distributed_pv_2022,dupv,pr63,2.79977254928366,2009,
PR100_DPV_2022_pr82,pr100_distributed_pv_2022,dupv,pr82,14.123442001250895,2009,
PR100_DPV_2022_pr84,pr100_distributed_pv_2022,dupv,pr84,19.387822628540324,2009,
PR100_DPV_2022_pr85,pr100_distributed_pv_2022,dupv,pr85,11.853997917217743,2009,
PR100_DPV_2022_pr86,pr100_distributed_pv_2022,dupv,pr86,8.122223569258066,2009,
PR100_DPV_2022_pr87,pr100_distributed_pv_2022,dupv,pr87,31.13519034882258,2009,
PR100_DPV_2022_pr88,pr100_distributed_pv_2022,dupv,pr88,2.707407856419356,2009,
PR100_DPV_2022_pr93,pr100_distributed_pv_2022,dupv,pr93,24.87517648117647,2009,
PR100_DPV_2022_pr100,pr100_distributed_pv_2022,dupv,pr100,13.073107158375,2009,
PR100_DPV_2022_pr102,pr100_distributed_pv_2022,dupv,pr102,1.8948919517408087,2009,
PR100_DPV_2022_pr103,pr100_distributed_pv_2022,dupv,pr103,3.7705532947058815,2009,
PR100_DPV_2022_pr106,pr100_distributed_pv_2022,dupv,pr106,2.6378726946000004,2009,
PR100_DPV_2022_pr111,pr100_distributed_pv_2022,dupv,pr111,0.5345333332888887,2009,
PR100_DPV_2022_pr116,pr100_distributed_pv_2022,dupv,pr116,8.057648943373913,2009,
PR100_DPV_2022_pr127,pr100_distributed_pv_2022,dupv,pr127,0.676851964104839,2009,
PR100_DPV_2022_pr149,pr100_distributed_pv_2022,dupv,pr149,0.450757312,2009,
PR100_DPV_2022_pr153,pr100_distributed_pv_2022,dupv,pr153,11.547612323058823,2009,
PR100_DPV_2022_pr167,pr100_distributed_pv_2022,dupv,pr167,0.35668750003125,2009,
PR100_DPV_2022_pr169,pr100_distributed_pv_2022,dupv,pr169,12.544596449,2009,
PR100_DPV_2022_pr190,pr100_distributed_pv_2022,dupv,pr190,0.5345333332888887,2009,
PR100_DPV_2022_pr211,pr100_distributed_pv_2022,dupv,pr211,3.938167265555556,2009,
PR100_DPV_2022_pr213,pr100_distributed_pv_2022,dupv,pr213,8.6287755725,2009,
PR100_DPV_2022_pr231,pr100_distributed_pv_2022,dupv,pr231,1.450943275304348,2009,
PR100_DPV_2022_pr233,pr100_distributed_pv_2022,dupv,pr233,0.4900384615384619,2009,
PR100_DPV_2022_pr234,pr100_distributed_pv_2022,dupv,pr234,13.171634509714284,2009,
PR100_DPV_2022_pr271,pr100_distributed_pv_2022,dupv,pr271,1.0690666665777775,2009,
PR100_DPV_2022_pr275,pr100_distributed_pv_2022,dupv,pr275,0.711428983,2009,
PR100_DPV_2022_pr280,pr100_distributed_pv_2022,dupv,pr280,0.676851964104839,2009,
PR100_DPV_2022_pr296,pr100_distributed_pv_2022,dupv,pr296,8.2555127756,2009,
PR100_DPV_2022_pr313,pr100_distributed_pv_2022,dupv,pr313,18.478466502235293,2009,
PR100_DPV_2022_pr321,pr100_distributed_pv_2022,dupv,pr321,0.5021863855454546,2009,
PR100_DPV_2022_pr335,pr100_distributed_pv_2022,dupv,pr335,3.5668750003125,2009,
PR100_DPV_2022_pr352,pr100_distributed_pv_2022,dupv,pr352,0.788432412125,2009,
PR100_DPV_2022_pr353,pr100_distributed_pv_2022,dupv,pr353,1.3888072614999998,2009,
PR100_DPV_2022_pr378,pr100_distributed_pv_2022,dupv,pr378,10.26316470632026,2009,
PR100_DPV_2022_pr392,pr100_distributed_pv_2022,dupv,pr392,7.445371605153228,2009,
PR100_DPV_2022_pr428,pr100_distributed_pv_2022,dupv,pr428,0.4836477584347826,2009,
PR100_DPV_2022_pr440,pr100_distributed_pv_2022,dupv,pr440,1.07006250009375,2009,
PR100_DPV_2022_pr442,pr100_distributed_pv_2022,dupv,pr442,0.8248294516470587,2009,
PR100_DPV_2022_pr452,pr100_distributed_pv_2022,dupv,pr452,0.8248294516470587,2009,
PR100_DPV_2022_pr492,pr100_distributed_pv_2022,dupv,pr492,0.8653529413529412,2009,
PR100_DPV_2022_pr583,pr100_distributed_pv_2022,dupv,pr583,0.5457467791612903,2009,
PR100_DPV_2022_pr632,pr100_distributed_pv_2022,dupv,pr632,3.3842598205241954,2009,
PR100_DPV_2022_pr902,pr100_distributed_pv_2022,dupv,pr902,0.35668750003125,2009,
PR100_DPV_2022_pr1206,pr100_distributed_pv_2022,dupv,pr1206,2.195272418285714,2009,
PR100_DPV_2022_pr97047,pr100_distributed_pv_2022,dupv,pr97047,0.4900384615384619,2009,
PR100_DST_2022_pr2,pr100_distributed_storage_2022,battery_li,pr2,9.347982701355182,2009,37.39193080694762
PR100_DST_2022_pr3,pr100_distributed_storage_2022,battery_li,pr3,10.814635761039217,2009,43.25854304233334
PR100_DST_2022_pr5,pr100_distributed_storage_2022,battery_li,pr5,0.1251963461538462,2009,0.500785384615385
PR100_DST_2022_pr8,pr100_distributed_storage_2022,battery_li,pr8,9.752934016800909,2009,39.01173606983091
PR100_DST_2022_pr10,pr100_distributed_storage_2022,battery_li,pr10,14.90330749933333,2009,59.61323000558333
PR100_DST_2022_pr14,pr100_distributed_storage_2022,battery_li,pr14,3.732577493205128,2009,14.930308967153849
PR100_DST_2022_pr16,pr100_distributed_storage_2022,battery_li,pr16,1.497667223,2009,5.9906688930000005
PR100_DST_2022_pr18,pr100_distributed_storage_2022,battery_li,pr18,1.8090596354,2009,7.2362385412
PR100_DST_2022_pr21,pr100_distributed_storage_2022,battery_li,pr21,13.479082598145162,2009,53.91657760646774
PR100_DST_2022_pr23,pr100_distributed_storage_2022,battery_li,pr23,0.26936625,2009,1.0774650005
PR100_DST_2022_pr29,pr100_distributed_storage_2022,battery_li,pr29,1.478812552188406,2009,5.915250119011595
PR100_DST_2022_pr32,pr100_distributed_storage_2022,battery_li,pr32,3.4922755773625,2009,13.9691023079375
PR100_DST_2022_pr35,pr100_distributed_storage_2022,battery_li,pr35,1.7671521790416669,2009,7.068608720566667
PR100_DST_2022_pr38,pr100_distributed_storage_2022,battery_li,pr38,0.7800244270833333,2009,3.120097710177084
PR100_DST_2022_pr40,pr100_distributed_storage_2022,battery_li,pr40,1.7145517187500003,2009,6.858206872968751
PR100_DST_2022_pr41,pr100_distributed_storage_2022,battery_li,pr41,15.05648388775,2009,60.22593555150001
PR100_DST_2022_pr45,pr100_distributed_storage_2022,battery_li,pr45,9.366769131069177,2009,37.46707653099304
PR100_DST_2022_pr50,pr100_distributed_storage_2022,battery_li,pr50,4.225505773999444,2009,16.90202309693882
PR100_DST_2022_pr63,pr100_distributed_storage_2022,battery_li,pr63,1.9689193430174683,2009,7.875677366594177
PR100_DST_2022_pr82,pr100_distributed_storage_2022,battery_li,pr82,7.906918927799282,2009,31.627675704512544
PR100_DST_2022_pr83,pr100_distributed_storage_2022,battery_li,pr83,0.64418875,2009,2.5767550005
PR100_DST_2022_pr84,pr100_distributed_storage_2022,battery_li,pr84,9.38001604905645,2009,37.52006419687097
PR100_DST_2022_pr85,pr100_distributed_storage_2022,battery_li,pr85,14.51727073191129,2009,58.069082925120966
PR100_DST_2022_pr86,pr100_distributed_storage_2022,battery_li,pr86,2.5381679869354845,2009,10.152671948903228
PR100_DST_2022_pr87,pr100_distributed_storage_2022,battery_li,pr87,13.419644110527503,2009,53.67857644466194
PR100_DST_2022_pr88,pr100_distributed_storage_2022,battery_li,pr88,0.8460559956451617,2009,3.384223982967743
PR100_DST_2022_pr93,pr100_distributed_storage_2022,battery_li,pr93,10.369675065455883,2009,41.47870025476471
PR100_DST_2022_pr96,pr100_distributed_storage_2022,battery_li,pr96,0.2030376833142857,2009,0.8121507330285715
PR100_DST_2022_pr100,pr100_distributed_storage_2022,battery_li,pr100,3.468618058054166,2009,13.874472231729168
PR100_DST_2022_pr101,pr100_distributed_storage_2022,battery_li,pr101,0.516980807156,2009,2.06792441822
PR100_DST_2022_pr102,pr100_distributed_storage_2022,battery_li,pr102,2.2224397798917117,2009,8.889759120515206
PR100_DST_2022_pr103,pr100_distributed_storage_2022,battery_li,pr103,3.5960715094803923,2009,14.384286036333336
PR100_DST_2022_pr106,pr100_distributed_storage_2022,battery_li,pr106,5.479246842600001,2009,21.916987369200005
PR100_DST_2022_pr111,pr100_distributed_storage_2022,battery_li,pr111,0.2688222777333333,2009,1.0752891112222218
PR100_DST_2022_pr116,pr100_distributed_storage_2022,battery_li,pr116,3.1100837434434787,2009,12.440334971156524
PR100_DST_2022_pr127,pr100_distributed_storage_2022,battery_li,pr127,0.2115139989112904,2009,0.8460559957419358
PR100_DST_2022_pr149,pr100_distributed_storage_2022,battery_li,pr149,0.3147973275,2009,1.259189309
PR100_DST_2022_pr153,pr100_distributed_storage_2022,battery_li,pr153,1.6938783375294115,2009,6.775513353411765
PR100_DST_2022_pr167,pr100_distributed_storage_2022,battery_li,pr167,0.13188859375,2009,0.52755437484375
PR100_DST_2022_pr169,pr100_distributed_storage_2022,battery_li,pr169,4.507667630933334,2009,18.030670486466665
PR100_DST_2022_pr175,pr100_distributed_storage_2022,battery_li,pr175,0.4544459375,2009,1.81778375025
PR100_DST_2022_pr177,pr100_distributed_storage_2022,battery_li,pr177,0.469461888,2009,1.877847551
PR100_DST_2022_pr185,pr100_distributed_storage_2022,battery_li,pr185,0.1456340701666666,2009,0.5825362805
PR100_DST_2022_pr190,pr100_distributed_storage_2022,battery_li,pr190,0.2688222777333333,2009,1.0752891112222218
PR100_DST_2022_pr211,pr100_distributed_storage_2022,battery_li,pr211,2.699997150555556,2009,10.79998859377778
PR100_DST_2022_pr213,pr100_distributed_storage_2022,battery_li,pr213,0.8193617,2009,3.277446806
PR100_DST_2022_pr231,pr100_distributed_storage_2022,battery_li,pr231,1.497137201826087,2009,5.988548805173913
PR100_DST_2022_pr233,pr100_distributed_storage_2022,battery_li,pr233,0.1251963461538462,2009,0.500785384615385
PR100_DST_2022_pr234,pr100_distributed_storage_2022,battery_li,pr234,15.101293581142857,2009,60.40542154192857
PR100_DST_2022_pr266,pr100_distributed_storage_2022,battery_li,pr266,0.303984991,2009,1.215939965
PR100_DST_2022_pr271,pr100_distributed_storage_2022,battery_li,pr271,0.5376445554666666,2009,2.150578222444444
PR100_DST_2022_pr275,pr100_distributed_storage_2022,battery_li,pr275,0.3313775,2009,1.325509998
PR100_DST_2022_pr280,pr100_distributed_storage_2022,battery_li,pr280,0.2115139989112904,2009,0.8460559957419358
PR100_DST_2022_pr281,pr100_distributed_storage_2022,battery_li,pr281,0.4544459375,2009,1.81778375025
PR100_DST_2022_pr296,pr100_distributed_storage_2022,battery_li,pr296,4.2025839431000005,2009,16.81033576795
PR100_DST_2022_pr310,pr100_distributed_storage_2022,battery_li,pr310,1.4434512235,2009,5.7738048935
PR100_DST_2022_pr313,pr100_distributed_storage_2022,battery_li,pr313,12.461062716882353,2009,49.845151855
PR100_DST_2022_pr319,pr100_distributed_storage_2022,battery_li,pr319,0.0896846427142857,2009,0.3587385714285714
PR100_DST_2022_pr321,pr100_distributed_storage_2022,battery_li,pr321,0.2489624094090909,2009,0.9958496374090908
PR100_DST_2022_pr335,pr100_distributed_storage_2022,battery_li,pr335,3.0549512908333334,2009,12.219805155770834
PR100_DST_2022_pr343,pr100_distributed_storage_2022,battery_li,pr343,0.1278973711818182,2009,0.5115894845454546
PR100_DST_2022_pr352,pr100_distributed_storage_2022,battery_li,pr352,0.192996718875,2009,0.7719868759999999
PR100_DST_2022_pr353,pr100_distributed_storage_2022,battery_li,pr353,0.7061175000000001,2009,2.8244700000000003
PR100_DST_2022_pr378,pr100_distributed_storage_2022,battery_li,pr378,4.967445591058823,2009,19.869782366535944
PR100_DST_2022_pr392,pr100_distributed_storage_2022,battery_li,pr392,2.326653988024194,2009,9.306615953161293
PR100_DST_2022_pr400,pr100_distributed_storage_2022,battery_li,pr400,0.64418875,2009,2.5767550005
PR100_DST_2022_pr428,pr100_distributed_storage_2022,battery_li,pr428,0.0971393306086956,2009,0.3885573223913044
PR100_DST_2022_pr440,pr100_distributed_storage_2022,battery_li,pr440,0.39566578125,2009,1.58266312453125
PR100_DST_2022_pr442,pr100_distributed_storage_2022,battery_li,pr442,0.1209913098235294,2009,0.4839652395294117
PR100_DST_2022_pr452,pr100_distributed_storage_2022,battery_li,pr452,0.1209913098235294,2009,0.4839652395294117
PR100_DST_2022_pr480,pr100_distributed_storage_2022,battery_li,pr480,0.4544459375,2009,1.81778375025
PR100_DST_2022_pr489,pr100_distributed_storage_2022,battery_li,pr489,0.0896846427142857,2009,0.3587385714285714
PR100_DST_2022_pr492,pr100_distributed_storage_2022,battery_li,pr492,0.2844810294117647,2009,1.1379241175294117
PR100_DST_2022_pr545,pr100_distributed_storage_2022,battery_li,pr545,0.4214365964137931,2009,1.6857463855172412
PR100_DST_2022_pr555,pr100_distributed_storage_2022,battery_li,pr555,1.156990917,2009,4.627963674
PR100_DST_2022_pr583,pr100_distributed_storage_2022,battery_li,pr583,0.6450277248709677,2009,2.5801108992580644
PR100_DST_2022_pr632,pr100_distributed_storage_2022,battery_li,pr632,1.057569994556452,2009,4.23027997870968
PR100_DST_2022_pr902,pr100_distributed_storage_2022,battery_li,pr902,0.13188859375,2009,0.52755437484375
PR100_DST_2022_pr1025,pr100_distributed_storage_2022,battery_li,pr1025,0.1456340701666666,2009,0.5825362805
PR100_DST_2022_pr1040,pr100_distributed_storage_2022,battery_li,pr1040,0.2107182982068965,2009,0.8428731927586206
PR100_DST_2022_pr1206,pr100_distributed_storage_2022,battery_li,pr1206,1.260789053857143,2009,5.043156214571428
PR100_DST_2022_pr97047,pr100_distributed_storage_2022,battery_li,pr97047,0.1251963461538462,2009,0.500785384615385
TRANCHE1_AJ-1-P,committed_tranche1_solar,upv,pr41,25.0,2025,
TRANCHE1_AD-1-P,committed_tranche1_solar,upv,pr97014,33.0,2025,
TRANCHE1_I-1-P,committed_tranche1_solar,upv,pr296,100.0,2025,
TRANCHE1_AQ-1-P,committed_tranche1_solar,upv,pr1206,100.0,2025,
TRANCHE1_W-3-P,committed_tranche1_solar,upv,pr167,60.0,2025,
TRANCHE1_O-2-P,committed_tranche1_solar,upv,pr428,25.0,2025,
TRANCHE1_O-1-P,committed_tranche1_solar,upv,pr116,20.7,2025,
TRANCHE1_C-1-P,committed_tranche1_solar,upv,pr107,120.0,2025,
TRANCHE1_A-1-P,committed_tranche1_solar,upv,pr321,80.3,2025,
TRANCHE1_AB-1-P,committed_tranche1_solar,upv,pr97064,25.0,2025,
TRANCHE1_B-2-P,committed_tranche1_solar,upv,pr16,20.0,2025,
TRANCHE1_B-1-P,committed_tranche1_solar,upv,pr16,25.0,2025,
TRANCHE1_AK-1-P,committed_tranche1_solar,upv,pr14,32.1,2025,
TRANCHE1_AT-1-P,committed_tranche1_solar,upv,pr14,38.7,2025,
TRANCHE1_AI-1-P,committed_tranche1_solar,upv,pr169,35.0,2025,
TRANCHE1_N-1-P,committed_tranche1_solar,upv,pr296,60.0,2025,
TRANCHE1_AS-1-P,committed_tranche1_solar,upv,pr440,20.0,2025,
TRANCHE1_AE-1-P,committed_tranche1_solar,upv,pr8,25.0,2025,
