output,r2,rmse,mae,nrmse
cap_CoalOldScr_coal-CCS_mod_p63,0.3485253344582464,907.1864012736266,715.900432893392,0.22289592168885175
cap_CoalOldScr_coal-CCS_mod_p64,0.1797714590443248,177.82467872130522,152.17951879320452,0.40879236487656373
cap_CoalOldScr_coal-CCS_mod_p65,0.3839822246050564,121.56846861819095,101.06817475127485,0.3109167995350152
cap_CoalOldScr_coal-CCS_mod_p67,0.3838548158930627,627.9704812547141,511.1553982767252,0.26003626627736576
cap_CoalOldScr_p63,-0.010541718076475082,110.96710952982677,34.64056287435085,0.06874014065883073
cap_CoalOldScr_p64,0.19662650900473488,97.33872888530513,63.99041477172336,0.22376719283978191
cap_CoalOldScr_p65,0.015623632205154503,41.800452013531924,14.765644526460479,0.10690652688882844
cap_CoalOldScr_p67,0.3226215936632292,347.5681307635747,268.91511263267955,0.14859858620986574
cap_Gas-CC_Gas-CC-CCS_mod_p67,0.06226233436187478,917.9261594465823,350.10698194133255,0.09820425674252768
cap_Gas-CC_H2-CC_p60,0.20027839795909697,39.169987307609205,23.545488807873472,0.1688718329137362
cap_Gas-CC_H2-CC_p62,0.07069972013380155,119.64842887161285,49.29601004894119,0.08820239540491645
cap_Gas-CC_H2-CC_p63,-0.004350308318551432,0.9744967027634719,0.08826306732131545,0.04541268798742364
cap_Gas-CC_H2-CC_p64,0.012384271434340732,71.38573715233672,21.457571753757982,0.07103058423118082
cap_Gas-CC_H2-CC_p65,0.05684934030108446,100.85962113427901,39.00039663084311,0.09876341815089633
cap_H2-CC_p60,0.03187156528295909,12.359429555253676,4.64605445314659,0.09271903632968286
cap_H2-CC_p61,0.2591143132246234,702.5458451554226,460.01069006947523,0.11373618174933992
cap_H2-CC_p62,0.005476509894728809,1.826140802366409,0.3748108436446203,0.08683007287773704
cap_H2-CC_p65,-0.01463056535131635,29.744663036662274,6.380775893115063,0.07402279382539796
cap_H2-CT_p60,0.11546087765348845,292.9713447318275,134.6918687660186,0.08845540706299851
cap_H2-CT_p61,0.18969602036865374,736.166322118341,406.7641668562748,0.09176504231920643
cap_H2-CT_p62,0.05174357505956817,233.30342942524234,84.89581076726748,0.08593785939511643
cap_H2-CT_p63,0.02816748339670816,154.31756906687696,43.402182668421624,0.08437698979865739
cap_H2-CT_p64,0.020752167441355884,326.15885540741857,102.01516438963493,0.06849350518220161
cap_H2-CT_p65,0.0868798113761724,397.2346316167706,169.94486834410466,0.09629353514593267
cap_H2-CT_p67,-0.018838243483118244,34.11087027520818,4.8267122473413755,0.0457390583398017
cap_battery_li_p60,0.3348524163823533,765.221688833153,568.341511772716,0.13920051201393335
cap_battery_li_p61,0.3689749774608778,710.6508291037206,540.5537827721946,0.17097347742837551
cap_battery_li_p62,0.3047091366617999,387.60581041520294,272.480655055521,0.11861703069607182
cap_battery_li_p63,0.40790547812213984,2771.5872606107955,2058.297331801926,0.14278794596078154
cap_battery_li_p64,0.2937415235525016,1050.9043409125932,753.100503717199,0.1324729243210986
cap_battery_li_p65,0.5794999502255743,2029.7398928217904,1578.202132881177,0.1288734839894945
cap_battery_li_p67,0.47770657296146013,1722.3512333044318,1360.6643178755132,0.11862195675712216
cap_coal-ccs_mod_p67,0.5595123214797455,1057.5823150036124,841.279835677185,0.17448609185450648
cap_electrolyzer_p60,0.14640644340126574,164.40249638418533,77.96745257963522,0.08872162668888528
cap_electrolyzer_p61,0.2469785766285657,645.3820063533809,392.50098763043184,0.10996182462737986
cap_electrolyzer_p62,0.07843701021686189,163.20291422656223,67.6372659412716,0.09442070765083993
cap_electrolyzer_p63,0.028631427379252394,80.50919492047598,22.740847560190975,0.08174526557165658
cap_electrolyzer_p64,0.02655408305867668,221.18643076057214,75.5595818333965,0.07129093381290834
cap_electrolyzer_p65,0.11132068192908973,267.58802713318084,123.53581918530244,0.09048410147302492
cap_electrolyzer_p67,-0.017851334676200592,20.63026706355143,2.8653908593446715,0.045716900153019616
cap_gas-cc-ccs_mod_p63,0.10214910512836706,937.4908361572043,442.1960999537922,0.1146098158062504
cap_gas-cc-ccs_mod_p64,0.07300891502802465,557.2123012560575,245.70568856549406,0.08534546622094771
cap_gas-cc-ccs_mod_p65,0.06892829339605144,321.9742143841135,137.75443552760606,0.10510335688876446
cap_gas-cc-ccs_mod_p67,0.5283328541405319,2086.102779575438,1621.9174261009753,0.1293073920077713
cap_gas-cc_p60,0.14776228196427288,420.6467458735201,246.01371471534918,0.08731280895724573
cap_gas-cc_p61,0.12455903016390446,253.54576610579477,120.37214755231028,0.07459289695245522
cap_gas-cc_p62,0.12100166121233047,345.0470080991039,227.68754617137427,0.12304931224925046
cap_gas-cc_p63,0.7278774200246938,4095.37982070969,3212.369214794047,0.1356932564399668
cap_gas-cc_p64,0.4803782833659618,1947.9704285658931,1438.6507468454718,0.12152560265559272
cap_gas-cc_p65,0.6022103973481892,2478.072363959193,1934.589564327073,0.1350786991676074
cap_gas-cc_p67,0.568507752337635,4975.679649274227,4007.9868252471456,0.16741182223866224
cap_gas-ct_p60,0.32224707859793533,1017.7662402107471,809.9154360782437,0.18212026517099653
cap_gas-ct_p61,0.26728628494521034,947.0299290615367,718.2333251908501,0.15596301481191444
cap_gas-ct_p62,0.11779176021417537,872.1651333786521,660.4960995921542,0.1793601872618106
cap_gas-ct_p63,0.4714031379581518,4169.072542848499,3341.8736516231547,0.1433246607769512
cap_gas-ct_p64,0.4147743765225568,1359.187750494894,1080.751105270957,0.13972334734470288
cap_gas-ct_p65,0.2567339790194014,2679.23741230703,2186.722775379694,0.17928017036928995
cap_gas-ct_p67,0.5990651806883683,2865.884869772094,2297.285046691234,0.1252615911903883
cap_hydUD_p63,0.0488711227406845,1.0750917938703888,0.41008847622632855,0.1791819656450648
cap_nuclear-smr_p67,0.0190728278792901,252.71936693599704,85.93249713953433,0.0876852546471153
cap_nuclear_p65,-0.006898915351453372,3.735193963707465,0.37297801078540566,0.04547027036883465
cap_o-g-s_p62,0.284311708671512,18.860817430231,15.864697761098373,0.4191292762273555
cap_o-g-s_p63,0.17899598711908915,329.9397947350168,249.38975079121786,0.3241377293791304
cap_o-g-s_p64,0.048041735511640926,46.69921293041925,38.60042444345779,0.3924303607598256
cap_o-g-s_p65,0.14740192484226478,20.500289659590266,18.52809700813445,0.4494942594384187
cap_o-g-s_p67,0.18344473833869657,13.218145119262267,10.264881935324347,0.35532648170059855
cap_pumped-hydro_p61,0.051286913944504575,112.58077386111984,43.39562196640855,0.0832180687188798
gen_CoalOldScr_coal-CCS_mod_p63,0.34852436838518364,476817.5260483316,376293.2319473714,0.22289608695635155
gen_CoalOldScr_coal-CCS_mod_p64,0.17972403175912366,93467.35325644184,79975.54768974334,0.4088041833151465
gen_CoalOldScr_coal-CCS_mod_p65,0.383881086102154,63901.632182646754,53135.49181414189,0.31094232183142173
gen_CoalOldScr_coal-CCS_mod_p67,0.38385807626041757,330060.4116804275,268642.2031385748,0.26003557827910484
gen_CoalOldScr_p63,-0.016773586544871488,82918.81955025186,24758.51209433652,0.07340454834013241
gen_CoalOldScr_p64,0.2112564879916271,319277.7908349639,205652.18523650325,0.17544689645733116
gen_CoalOldScr_p65,0.015455792017555092,21972.19051970669,7821.44116916773,0.10691564053312688
gen_CoalOldScr_p67,0.5142693656986728,942531.6854155803,666384.6087724108,0.11568783043973896
gen_Gas-CC_Gas-CC-CCS_mod_p67,0.058697229688185026,6656198.935404153,2511855.1528621544,0.09701952064754439
gen_Gas-CC_H2-CC_p60,0.20035392457059154,20586.773145537438,12421.538628931437,0.16886385823021383
gen_Gas-CC_H2-CC_p62,0.07057472857006941,62891.41020927795,25983.778221277065,0.08820828049597765
gen_Gas-CC_H2-CC_p63,-0.02396752221790388,517.1734361861386,81.12699352874631,0.04585404903698359
gen_Gas-CC_H2-CC_p64,0.005525118533560414,65316.56226905792,17297.108717822404,0.05731722675422919
gen_Gas-CC_H2-CC_p65,0.035319535174471395,117782.67512674365,38555.97832444997,0.07072277764134506
gen_H2-CC_p60,0.030535465762677072,6500.597227293486,2506.6647539615383,0.0927829941549877
gen_H2-CC_p61,0.2590793881753807,369266.79944730015,241821.3232969612,0.11373886244721933
gen_H2-CC_p62,0.007432813911838809,958.8751037837912,247.83304453126607,0.08674463015903194
gen_H2-CC_p65,-0.015376591705211329,15639.54136272867,3432.197275164595,0.07405000225717523
gen_H2-CT_p60,0.11539744803373841,153991.25979194706,70859.33995001318,0.08845857852902012
gen_H2-CT_p61,0.18964149621622317,386942.03662251297,213851.04274718274,0.09176812963359782
gen_H2-CT_p62,0.051717820342936593,122625.94773196022,44695.216605523565,0.08593902640825288
gen_H2-CT_p63,0.02804117516880178,81114.58498934688,22895.47653177465,0.08438247281241255
gen_H2-CT_p64,0.020705717819554326,171433.16012217916,53699.51888644286,0.0684951296233831
gen_H2-CT_p65,0.08688941877214229,208785.42401552357,89388.9951942803,0.09629302856536857
gen_H2-CT_p67,-0.020488053727703903,17943.183531946765,2616.830252664113,0.04577607611161749
gen_battery_li_p60,0.31290488067743016,214248.02749998274,155415.99707208434,0.13183369776393858
gen_battery_li_p61,0.46319623653424,164375.10685260282,125443.46380841562,0.14215825918467634
gen_battery_li_p62,0.33103413010847127,94191.0801053669,66106.3365571871,0.13707526656382474
gen_battery_li_p63,0.4323437588343343,925902.4955053962,669880.1694473261,0.1401181142458754
gen_battery_li_p64,0.3289910743618708,368387.0630298002,252843.6945748244,0.1314914542741369
gen_battery_li_p65,0.6799725238609435,651870.6476223889,497792.17788159946,0.12559289059842407
gen_battery_li_p67,0.5608697439900172,496187.1237960762,374697.4734792899,0.12090995779860148
gen_coal-ccs_mod_p67,0.49967763151690914,5920124.861569531,4552931.284960796,0.1542536494530581
gen_distpv_p60,0.7840962783717838,21278.59544148988,20019.81474299364,0.20637592599575583
gen_distpv_p61,0.8129559888949741,48205.545574261865,44906.58805968881,0.18283954287042703
gen_distpv_p62,0.7723727284196846,11984.11115153604,9621.023101620736,0.15802313019350414
gen_distpv_p63,0.6939365067552457,792272.2194387414,739060.259572813,0.22903894583171103
gen_distpv_p64,0.6480633083440146,43996.37751360519,34939.88746723818,0.23504452686107363
gen_distpv_p65,0.8061859259863369,90478.38342484136,67908.39460434705,0.18055677599324613
gen_distpv_p67,0.7738155710273213,240199.39572437212,203117.12182293707,0.15157869290247022
gen_gas-cc-ccs_mod_p63,0.051503680742922886,5874092.492885012,2321203.0242463863,0.09960740423228984
gen_gas-cc-ccs_mod_p64,0.020497300522121398,3215467.4934564424,1018281.6774799976,0.0689830144191259
gen_gas-cc-ccs_mod_p65,0.0009213657475004577,679864.683576698,204808.07768775578,0.07647254131028336
gen_gas-cc-ccs_mod_p67,0.36239503106982607,13858185.433706317,9458247.75725471,0.12031847095981392
gen_gas-cc_p60,0.189304176372452,1463257.9807886942,850461.6954852212,0.08667966629376408
gen_gas-cc_p61,0.18187164180580684,889925.526951406,426071.7764745104,0.07471893588337199
gen_gas-cc_p62,0.090735928112047,735008.2194161419,312290.0186898881,0.07817713180317022
gen_gas-cc_p63,0.8812485113003187,20094784.036307886,15667307.16827137,0.10217110364304435
gen_gas-cc_p64,0.7288815285977447,9089029.82881723,7056845.342367086,0.12714867229424165
gen_gas-cc_p65,0.7766472142205717,11186450.831864899,8779247.455755945,0.1337779250938089
gen_gas-cc_p67,0.7545596707749331,19746940.032588746,15981492.281002218,0.13920973286132737
gen_gas-ct_p60,0.1736394617342767,799240.9739850393,508840.55283892906,0.09789054185406255
gen_gas-ct_p61,0.2122488897398781,703878.5326044209,449966.6000157012,0.11796212547349286
gen_gas-ct_p62,0.10918326612964635,490159.3843946777,356065.03714627837,0.11448804887159365
gen_gas-ct_p63,0.26522348428492803,6875242.731058918,4825426.256544363,0.10527922153482086
gen_gas-ct_p64,0.28910170117125944,1585856.600241673,1023817.6143573083,0.10105371353649709
gen_gas-ct_p65,0.29890764889747024,2587750.6238939515,1866793.6495243076,0.11607116293278137
gen_gas-ct_p67,0.4083218378314627,3655933.925063753,2673790.561335194,0.10933852153457921
gen_hydED_p63,0.5812744894058628,16803.76258114811,14027.984664592566,0.20785268984709765
gen_hydEND_p61,0.5824529041086334,75.4778326779984,61.839760776338686,0.21689032378735174
gen_hydEND_p63,0.017478217893363346,2.856433128867464,2.4027208025277376,0.33245264535235464
gen_hydEND_p64,0.3516909363600019,227.78859360816224,158.670191478004,0.24162234256016396
gen_hydEND_p65,0.09056801086651067,50.73044629919382,42.48797965808453,0.28112363290329134
gen_hydUD_p63,0.09303257052352298,2043.753519480665,997.9540315264437,0.16139659954480237
gen_lfill-gas_p63,0.6137000232917139,2150.845801419511,1723.2289220108291,0.11402569102761176
gen_lfill-gas_p64,0.6303603805478466,1636.0429305537507,1310.7557784421635,0.1152873045504778
gen_lfill-gas_p65,0.5828866821137588,1279.8189236057233,1015.0363730274001,0.10534337940125893
gen_nuclear-smr_p67,0.01871735359672333,1905041.187896877,647968.2143281294,0.08826076654558071
gen_nuclear_p63,0.6158603138503407,249461.0128444344,200171.3383367968,0.1129059891728058
gen_nuclear_p65,0.5853975903761113,302702.283856703,234700.3354346605,0.10732029080505895
gen_o-g-s_p62,0.3971155011848414,45674.92606243902,35588.147953408166,0.18945384899130602
gen_o-g-s_p63,0.19115140714757184,177825.26057370636,134689.838945535,0.15355873357012173
gen_o-g-s_p64,0.14074250230544427,24000.024408861565,19096.454716909782,0.15168651098758734
gen_o-g-s_p65,0.4466787448712658,53038.233815534266,43428.43887806642,0.21413899126364605
gen_o-g-s_p67,0.4997635823738166,46189.590733074045,37203.86374322592,0.22924336095018297
gen_pumped-hydro_p61,0.050708704417546935,67884.60551667002,26175.634836166515,0.08199225933594409
gen_pumped-hydro_p64,0.3182594916135577,508.0582514880555,411.13851891377783,0.16722275070886436
tran_p60_p61_AC,0.09720481207837428,119.20046639398836,59.67854556535985,0.08475441795232416
tran_p60_p62_AC,0.3402779511060071,727.7557598698269,484.80213953073473,0.115267634349854
tran_p60_p63_AC,0.5725725267112192,1005.5496067777003,780.6357281622849,0.1277375644214609
tran_p61_p62_AC,0.1681666905467687,173.5224399875089,99.93176463319946,0.10610322669415115
tran_p61_p63_AC,0.13635989889083,684.0302073513135,365.4625422790713,0.11352906401443624
tran_p61_p64_AC,0.3347502477421417,1394.5516223582179,993.9743949112602,0.112740930361729
tran_p61_p65_AC,0.5063363311589566,2272.919774322641,1806.2159332873632,0.1516276817426249
tran_p64_p65_AC,0.39056566448697083,1130.6405002534284,836.6470435712918,0.14700436518836954
tran_p64_p67_AC,0.6538707370078696,2833.2467684503117,2275.211080571236,0.14245360761304135
tran_p65_p67_AC,0.43009397639319025,2552.159288035798,1902.7071662567955,0.14276981943005657
cost_inv_h2_production_p60,-0.01847527180604769,379002.06917517644,57372.03032604094,0.04578227263430943
cost_inv_h2_production_p61,0.012018983504201608,3941640.325349947,985835.5955435602,0.0655388348530692
cost_inv_h2_production_p62,-0.024137918361953448,6110.325472911683,960.6231774350974,0.04585786411312214
cost_inv_h2_production_p63,0.0008650920563011422,8220090.518207685,1853515.882393968,0.05376296611162801
cost_inv_h2_production_p65,-0.008588972658604588,3160603.4863114106,633533.5493944586,0.05270924789841662
cost_inv_h2_storage_p60,0.002743061515191658,1202535.9904981793,274386.3032108255,0.055250548680639666
cost_inv_h2_storage_p62,-0.019563954764242775,187067.87072119667,27054.525731307298,0.04575550013007701
cost_inv_h2_storage_p63,-0.02409586685502063,786553.3701033086,123628.77665404604,0.045856922632462355
cost_inv_h2_storage_p64,-0.001594671374188783,4229022.200134621,964457.44692393,0.055345574436895785
cost_inv_h2_storage_p65,-0.008427665528547124,5285276.878820655,1028416.1288918786,0.05464280315662949
cost_inv_investment_capacity_costs_p60,0.17264448125053233,282754387.00746596,221801288.95477015,0.13476910052507587
cost_inv_investment_capacity_costs_p61,0.4113499017506699,1418084327.9336183,1023502243.2851218,0.14569590429226967
cost_inv_investment_capacity_costs_p62,0.29311421427704076,468976308.91875017,332110923.48521286,0.12780581337535654
cost_inv_investment_capacity_costs_p63,0.4437243955505784,1834457398.0459654,1217893253.9221883,0.08468206277372832
cost_inv_investment_capacity_costs_p64,0.19373876828572223,1303279212.214129,838298947.1957277,0.1299885659283713
cost_inv_investment_capacity_costs_p65,0.4834874545352751,1368275412.584668,1022183089.023742,0.14584736989360786
cost_inv_investment_capacity_costs_p67,0.15847530773781815,1238315408.0012972,884896611.0669136,0.13422472684357803
cost_inv_investment_refurbishment_capacity_p61,-0.0002436195107267114,15685085.069023434,14040367.831243608,0.37281907085615895
cost_inv_investment_refurbishment_capacity_p63,0.0566716990225592,407193455.26414984,215437773.3690941,0.10182017192865547
cost_inv_investment_refurbishment_capacity_p64,0.06239207953009651,85201508.50470573,35102868.91381686,0.09885915884629944
cost_inv_investment_refurbishment_capacity_p65,0.1447677681275883,310706355.92737323,159167354.2610043,0.10356822480144244
cost_inv_investment_refurbishment_capacity_p67,-0.008210981730063516,7984814.4545737095,1728884.8819026838,0.06383013486586417
cost_inv_investment_spurline_costs_rsc_technologies_p60,0.2571167853003107,47263950.05072577,33401097.878323484,0.09330561303434695
cost_inv_investment_spurline_costs_rsc_technologies_p61,0.41666766829252366,332586904.8163424,243768370.56305805,0.13807432030927905
cost_inv_investment_spurline_costs_rsc_technologies_p62,0.3306220942689414,84592004.27635859,58387989.225005075,0.13860162340630958
cost_inv_investment_spurline_costs_rsc_technologies_p63,0.5068451617042222,353072648.5271576,253680869.81019077,0.13584582629718464
cost_inv_investment_spurline_costs_rsc_technologies_p64,0.1898804363592741,337070427.3312319,230328627.43951836,0.1475806403120153
cost_inv_investment_spurline_costs_rsc_technologies_p65,0.5880116628195178,310230642.8168671,236003208.61192593,0.12285660483832762
cost_inv_investment_spurline_costs_rsc_technologies_p67,0.17680526197539226,276564624.4807449,179087465.59751636,0.14825038371175245
cost_inv_itc_payments_negative_p63,-0.002655771044041133,124.41735174248848,26.246883386804534,0.06410284995903827
cost_inv_transmission_interzone_ac_investment_p60,0.2065956981350061,121933455.9749241,70209457.36539184,0.10872099657002571
cost_inv_transmission_interzone_ac_investment_p61,0.36576895475868376,515189416.9612486,371589421.90990686,0.16179890977633593
cost_inv_transmission_interzone_ac_investment_p62,0.21903527653947785,15569908.664411424,9118701.922012534,0.10582532104258208
cost_inv_transmission_interzone_ac_investment_p63,0.17485033050107113,205311562.54883575,112614623.66734263,0.09819289270145529
cost_inv_transmission_interzone_ac_investment_p64,0.3180005012917766,312932775.96715593,198982902.36922282,0.1066443669168967
cost_inv_transmission_interzone_ac_investment_p65,0.3390854439381912,364460118.344462,236858127.20977733,0.1362317960975616
cost_inv_transmission_interzone_ac_investment_p67,0.3503465147568906,149238606.55830473,97153014.20344467,0.14679644173625658
cost_inv_transmission_intrazone_investment_p60,-0.008444833733853185,10589649.587154513,2857245.53310883,0.06316125788691418
cost_inv_transmission_intrazone_investment_p61,0.29615319644898697,135711711.66476065,93471655.50909358,0.14413589576564512
cost_inv_transmission_intrazone_investment_p62,0.0670322922572919,26145775.797219574,10901470.33053876,0.09155745541228227
cost_inv_transmission_intrazone_investment_p63,0.33148001406601146,179336714.21101615,121286430.21394905,0.1329911139123881
cost_inv_transmission_intrazone_investment_p64,0.1442580073685612,167038562.2829936,102669579.0855068,0.13300806132114207
cost_inv_transmission_intrazone_investment_p65,0.39909184444154044,136224736.55008206,100011064.0321113,0.125445212144192
cost_inv_transmission_intrazone_investment_p67,0.29930020340932617,89406982.86789209,65995312.48523225,0.12749938184237603
cost_op_co2_incentive_negative_p67,0.05849680190739692,85175709.58645423,32129977.13632085,0.09705072496532684
cost_op_co2_transport_storage_p63,0.07023072861610391,24758919.92854172,11520699.442318955,0.10265701768959744
cost_op_co2_transport_storage_p64,0.020694226987919895,13138183.17977691,4350538.741315679,0.06891907875929562
cost_op_co2_transport_storage_p65,0.009947137041923182,3117919.130253661,1493125.9886055267,0.08575392236929383
cost_op_co2_transport_storage_p67,0.3910800747322771,83620554.58166291,64054525.131016135,0.17750034504888093
cost_op_consume_fom_p60,0.14630129305741835,2919404.23245206,1386638.210815882,0.08872709114010541
cost_op_consume_fom_p61,0.24694148463585508,11460053.008990517,6971194.940871404,0.10996453282168925
cost_op_consume_fom_p62,0.07845278502930453,2897899.1678197584,1203403.2520006578,0.0944198995440483
cost_op_consume_fom_p63,0.028351803731343383,1429772.901802718,406567.3404989495,0.08175703056818534
cost_op_consume_fom_p64,0.02647283920302146,3927676.232539316,1344376.100613122,0.07129390872888888
cost_op_consume_fom_p65,0.11132857483333125,4751424.434868634,2195795.1403292255,0.09048369964508199
cost_op_consume_fom_p67,-0.020491180378445106,366797.511310677,53496.786390874426,0.04577614623771658
cost_op_fom_costs_p60,0.16935552913492735,28765185.75774762,20274964.4757499,0.13040713088358666
cost_op_fom_costs_p61,0.6493630458657793,114266474.48572013,90978583.22178093,0.11392192982257625
cost_op_fom_costs_p62,0.5509019722758348,32183513.857607953,24675704.723793928,0.1265159200302259
cost_op_fom_costs_p63,0.6675253845231724,134902566.1825126,104421557.40345499,0.12266460670905066
cost_op_fom_costs_p64,0.6820279552034588,137786945.5291558,100783342.50327711,0.1039083502578705
cost_op_fom_costs_p65,0.7031417901812165,132861796.79538457,98619840.94950214,0.09659651990013578
cost_op_fom_costs_p67,0.3891899192272079,97182529.53397506,77429514.80140911,0.15079483512401717
cost_op_fuelcosts_objfn_p60,0.4093715335390741,30638705.436572973,22200939.062478624,0.14276105077813528
cost_op_fuelcosts_objfn_p61,0.16962031682258294,22216804.493413754,15616731.704379883,0.14731718760187681
cost_op_fuelcosts_objfn_p62,0.6541084269530193,21269945.70049508,15207923.171885943,0.12770307532108627
cost_op_fuelcosts_objfn_p63,0.7501642330857039,399353308.75969213,305579481.5570501,0.1071230836925159
cost_op_fuelcosts_objfn_p64,0.5402789464910751,160939731.9897014,117757738.01198448,0.11400701446922483
cost_op_fuelcosts_objfn_p65,0.6566875057087097,184112755.70054007,140103154.03551918,0.11205833405066994
cost_op_fuelcosts_objfn_p67,0.6534831245546725,341901153.9396325,270256647.68734515,0.1123771539048507
cost_op_h2_storage_p60,0.21066300856044795,553981.9484769524,310713.6067806528,0.10077565727280648
cost_op_h2_storage_p61,0.23799511424704545,4234620.664150717,2535746.8033901057,0.12237546436300768
cost_op_h2_storage_p62,0.09929421483669709,858540.6352653373,388258.0463795644,0.09078213698982547
cost_op_h2_storage_p63,0.02769013044714852,330150.8461944,93749.55320933936,0.08130031241167278
cost_op_h2_storage_p64,0.029845215570317496,1091089.1088261995,390726.1586410589,0.07539810401599685
cost_op_h2_storage_p65,0.11445650134797847,1461085.5793334988,690550.8578914739,0.09007945918455225
cost_op_h2_storage_p67,-0.020490410114694768,63349.6688934138,9239.307890340788,0.045776128961862866
cost_op_h2_transport_intrareg_p60,0.13441140653024375,3824442.821717525,1780926.7078993649,0.08605219692803917
cost_op_h2_transport_intrareg_p61,0.2435784138961693,14511689.75130952,8734023.39075339,0.1005052229914912
cost_op_h2_transport_intrareg_p62,0.07222976637160627,3409800.7810984845,1384564.311710047,0.0908616387757162
cost_op_h2_transport_intrareg_p63,0.02808219488140351,1952679.9145629741,551631.1858552531,0.08441247658011211
cost_op_h2_transport_intrareg_p64,0.02672388883670862,4509268.408301671,1538133.0667176722,0.07266256012510645
cost_op_h2_transport_intrareg_p65,0.10955131263596685,5880846.489178449,2719570.7132627605,0.09621405645081764
cost_op_h2_transport_intrareg_p67,-0.02049120458278031,431795.2736163911,62976.62662898921,0.045776146780583206
cost_op_ptc_payments_negative_p60,0.08395729993607981,13539531.905705709,5787435.29575655,0.07247098269927808
cost_op_ptc_payments_negative_p61,0.3662166941901569,30680496.22818392,22069366.07481342,0.14277661752582269
cost_op_ptc_payments_negative_p62,0.36621085306387646,9113407.798111364,6609351.634672305,0.13590172496068773
cost_op_ptc_payments_negative_p63,0.49017730133919124,138412324.90662295,99887485.5759662,0.13204164530661103
cost_op_ptc_payments_negative_p64,0.4193161974438102,131837177.65330781,87900355.42713182,0.11899181680542122
cost_op_ptc_payments_negative_p65,0.41683000074852317,144342100.8101953,96843135.19508223,0.11316603579340354
cost_op_ptc_payments_negative_p67,0.2402798376215627,21908558.088448077,12710079.0186946,0.12093922981771832
cost_op_spurline_fom_p60,0.07633342493596718,3955491.3893856527,2710955.068175254,0.14555505413761655
cost_op_spurline_fom_p61,0.6409101166636091,15233717.185448552,11933107.84167149,0.1048975909553824
cost_op_spurline_fom_p62,0.5675331199087252,4420071.299687556,3425235.7779936115,0.14576988017499665
cost_op_spurline_fom_p63,0.7357059477450045,17330157.779305313,14035540.13771154,0.12084339688539826
cost_op_spurline_fom_p64,0.7850272022956519,23937428.07466984,18037813.450329807,0.09765136225511706
cost_op_spurline_fom_p65,0.726396579746885,23336418.6253645,17050742.249387093,0.09640150186378624
cost_op_spurline_fom_p67,0.6063124576294084,8111888.266352673,6515413.23999593,0.14073719010810162
cost_op_startcost_p60,0.0687431211856867,1129053.4475243283,602038.6843776803,0.09286364740386537
cost_op_startcost_p61,0.09104238116640972,1474206.8215510256,827075.4466260574,0.11865560062680483
cost_op_startcost_p62,0.4075853865987519,1159199.7512819497,914327.6821746527,0.1817761767144434
cost_op_startcost_p63,0.29726081710413876,61400679.10659658,44461626.71944663,0.16075442799989392
cost_op_startcost_p64,0.14413855656210772,14341511.933108645,8545861.672066953,0.09435754276528911
cost_op_startcost_p65,0.28070342498763323,27461021.571817994,18204819.493894868,0.1313420082420285
cost_op_startcost_p67,0.3810557142219645,68318657.78521599,52130804.759574875,0.15712318714576395
cost_op_transmission_fom_p60,0.5651373269198215,8666983.964221215,6623911.897805818,0.1224013048272855
cost_op_transmission_fom_p61,0.4809596673857024,31029770.336116113,24443590.32355668,0.1420198783062643
cost_op_transmission_fom_p62,0.36211406914689037,1351728.4089597769,911625.5791117764,0.12022769712762195
cost_op_transmission_fom_p63,0.46257908479896714,12459925.073775299,8521247.372911211,0.12882525510668105
cost_op_transmission_fom_p64,0.6337101756290742,19662198.486602236,15457493.25128533,0.11051508602150878
cost_op_transmission_fom_p65,0.6618337240025456,17733699.91260661,13964935.66149875,0.1408540612340079
cost_op_transmission_fom_p67,0.8230258187447645,10750142.105576787,8487933.305787696,0.10917917030724063
cost_op_transmission_intrazone_fom_p60,0.06315372111463058,1627584.0365434056,1106203.1152570448,0.14117163667151444
cost_op_transmission_intrazone_fom_p61,0.5946459791851307,8295870.490959986,6260539.364994337,0.1106803245368195
cost_op_transmission_intrazone_fom_p62,0.4720805742443902,1774291.3323823896,1317025.3663503246,0.12354434902181817
cost_op_transmission_intrazone_fom_p63,0.6820103365109471,8985474.477844,7082751.7955959765,0.1334311271015979
cost_op_transmission_intrazone_fom_p64,0.7033398710642771,8881956.499351747,6655469.258645768,0.10742338600430357
cost_op_transmission_intrazone_fom_p65,0.7540307366001764,7307753.116469306,5515722.377608261,0.08947403673606329
cost_op_transmission_intrazone_fom_p67,0.4741932084841368,4083416.062767937,3282790.0659666946,0.1424898862828642
cost_op_vom_costs_p60,0.18168414239009367,3707701.2167225634,2404592.713306985,0.0999325359232489
cost_op_vom_costs_p61,0.13512052487275694,4097439.217720893,2750657.688106878,0.14891915318274446
cost_op_vom_costs_p62,-0.007927817557490835,5041221.355440376,2548617.181879388,0.07354529030017944
cost_op_vom_costs_p63,0.8597473452058273,56248265.39748592,45827328.393637724,0.09106726623741752
cost_op_vom_costs_p64,0.6635424841390165,29585811.658964507,22727997.45675984,0.093588787908599
cost_op_vom_costs_p65,0.7582391104077998,24808198.82448889,20502559.147294518,0.11125238756653542
cost_op_vom_costs_p67,0.6527519089457703,54373813.40924489,43494153.75232108,0.12606808761235302
cap_upv_p63,0.6254409661856526,6713.948673849787,5270.71854580038,0.1391340568037832
cap_upv_p64,0.6776760414755403,5599.507097835071,4440.690444265764,0.1346381711152566
cap_upv_p65,0.7184504962601848,4470.7742917853975,3583.2477002250366,0.10228480990075335
cap_upv_p67,0.5587454390903783,2997.9761087991615,2396.5009056123235,0.15212049000338207
cap_upv_p61,0.24076123189105336,1660.8415590332104,1097.8124034356836,0.1417506030070625
cap_upv_p60,0.17029028270241597,1092.6374546411246,641.8512616939058,0.16057107548773047
cap_upv_p62,0.17550574501420357,914.1321734407654,665.5593807487772,0.11749340886277387
cap_wind-ons_p60,0.3638662265569437,1314.101156432769,946.690220020504,0.11577464784762427
cap_wind-ons_p61,0.6825289098396559,5640.619191035377,4571.345104697276,0.11867331217338567
cap_wind-ons_p62,0.6295940506664415,1499.1378300133567,1167.611789223059,0.1481402547745111
cap_wind-ons_p63,0.8275677667735091,3415.479363742724,2684.479501660183,0.08900751565153246
cap_wind-ons_p64,0.6651432744254209,6964.849791935441,5607.450078741884,0.11470691062983808
cap_wind-ons_p65,0.6667767508900257,8761.275554310905,7055.361684221413,0.12810941692032085
cap_wind-ons_p67,0.6404416370794668,1341.7765683436378,1024.319795558918,0.13431196880316695
gen_upv_p63,0.6248265872084338,16656265.770044036,13057618.138905505,0.14362135507891943
gen_upv_p61,0.16155058600611627,3622380.6666964856,2463919.207004281,0.14628024836905826
gen_upv_p64,0.6821716772289013,13055300.722245049,10349522.434955137,0.13180708992056342
gen_upv_p65,0.645697167394991,12628504.31717315,10223752.380679814,0.11401480797976649
gen_upv_p67,0.5299309940420609,7667083.294909915,6019115.896630378,0.1384169692854504
gen_upv_p60,0.46484250693979856,2595763.559419331,1698306.5939346454,0.12595171211139056
gen_upv_p62,0.16427362369816412,1981649.3482702747,1483076.9574468774,0.11949656277843157
gen_wind-ons_p60,0.23264757874207853,4514126.109040852,3216023.2234483412,0.12405723388505112
gen_wind-ons_p61,0.6815264353535815,22708008.349848945,18234025.928203177,0.11440227971660041
gen_wind-ons_p62,0.5549093449456154,5687971.928766356,4348775.210424357,0.1524155589821477
gen_wind-ons_p63,0.8528658709266018,9934184.33366234,7881986.744042721,0.08558884869821852
gen_wind-ons_p64,0.7379971794213437,24079969.431929145,19799605.58362773,0.11639663546585508
gen_wind-ons_p65,0.6821051935151616,29361792.593604364,23701702.368440934,0.12197477514125116
gen_wind-ons_p67,0.6421791710202578,3074737.8982302626,2343077.2949281298,0.12965439506973767
