r,rr,MW,loss,branch_count,method
pr10,pr21,116.2,0.019300819999999996,1,sum_of_boundary_continuous_ratings
pr10,pr275,48.0,0.02678592,1,sum_of_boundary_continuous_ratings
pr10,pr8,184.6,0.034483279999999984,1,sum_of_boundary_continuous_ratings
pr100,pr32,428.3,0.01994732926219939,2,sum_of_boundary_continuous_ratings
pr100,pr335,48.0,0.00839088,1,sum_of_boundary_continuous_ratings
pr100,pr35,19.7,0.058055899999999994,1,sum_of_boundary_continuous_ratings
pr100,pr352,300.0,0.0083549999999997,1,sum_of_boundary_continuous_ratings
pr100,pr97021,5000.0,0.0,0,N0_TTC_fallback_no_rated_boundary
pr101,pr16,116.2,0.015686999999999996,1,sum_of_boundary_continuous_ratings
pr101,pr18,164.2,0.016503247990255786,2,sum_of_boundary_continuous_ratings
pr101,pr3000,5000.0,0.0,0,N0_TTC_fallback_no_rated_boundary
pr102,pr153,48.0,0.006834239999999999,1,sum_of_boundary_continuous_ratings
pr102,pr167,231.1,0.00427535,1,sum_of_boundary_continuous_ratings
pr102,pr343,116.2,0.0008133999999999998,1,sum_of_boundary_continuous_ratings
pr102,pr40,48.0,0.006177599999999999,1,sum_of_boundary_continuous_ratings
pr102,pr452,184.6,0.020527519999999994,1,sum_of_boundary_continuous_ratings
pr1025,pr185,184.6,0.0005168799999999998,1,sum_of_boundary_continuous_ratings
pr1025,pr334,184.6,0.00594412,1,sum_of_boundary_continuous_ratings
pr1025,pr97134,5000.0,0.0,0,N0_TTC_fallback_no_rated_boundary
pr1027,pr149,191.0,0.00644625,1,sum_of_boundary_continuous_ratings
pr1027,pr21,191.0,0.00644625,1,sum_of_boundary_continuous_ratings
pr103,pr2,184.6,0.012128219999999999,1,sum_of_boundary_continuous_ratings
pr103,pr3,308.6,0.004810691134154244,3,sum_of_boundary_continuous_ratings
pr1040,pr21,116.2,0.009760799999999997,1,sum_of_boundary_continuous_ratings
pr1040,pr50,116.2,0.0069139,1,sum_of_boundary_continuous_ratings
pr106,pr107,1088.0,0.00020400000000000003,2,sum_of_boundary_continuous_ratings
pr106,pr321,738.5,0.0045048499999999995,1,sum_of_boundary_continuous_ratings
pr106,pr451,832.0,0.009048,2,sum_of_boundary_continuous_ratings
pr106,pr96,415.4,0.02816412,1,sum_of_boundary_continuous_ratings
pr107,pr296,116.1,0.010000854000000003,1,sum_of_boundary_continuous_ratings
pr107,pr8,738.6,0.01362717,2,sum_of_boundary_continuous_ratings
pr107,pr97014,5000.0,0.0,0,N0_TTC_fallback_no_rated_boundary
pr1077,pr363,478.1000000000001,0.0016159780000000001,1,sum_of_boundary_continuous_ratings
pr1077,pr96,462.0,0.00796488,1,sum_of_boundary_continuous_ratings
pr1078,pr3,184.6,0.012925691999999999,1,sum_of_boundary_continuous_ratings
pr1078,pr313,184.6,0.0015174119999999997,1,sum_of_boundary_continuous_ratings
pr1079,pr213,116.2,0.011523553999999997,1,sum_of_boundary_continuous_ratings
pr1079,pr313,116.2,0.0008668519999999999,1,sum_of_boundary_continuous_ratings
pr1102,pr392,240.0,0.000264,1,sum_of_boundary_continuous_ratings
pr1102,pr87,240.0,0.00021600000000000002,1,sum_of_boundary_continuous_ratings
pr1103,pr63,199.0,0.0011741000000000002,1,sum_of_boundary_continuous_ratings
pr1103,pr88,199.0,0.0019104,1,sum_of_boundary_continuous_ratings
pr1104,pr45,191.0,0.0006685,1,sum_of_boundary_continuous_ratings
pr1104,pr63,191.0,0.0020437,1,sum_of_boundary_continuous_ratings
pr1105,pr45,240.0,0.00048,1,sum_of_boundary_continuous_ratings
pr1105,pr50,240.0,0.00216,1,sum_of_boundary_continuous_ratings
pr111,pr378,231.1,0.0020798999999999995,1,sum_of_boundary_continuous_ratings
pr111,pr45,184.6,0.007753199999999998,1,sum_of_boundary_continuous_ratings
pr1110,pr440,300.0,0.005640000000000001,1,sum_of_boundary_continuous_ratings
pr1110,pr96,300.0,0.01356,1,sum_of_boundary_continuous_ratings
pr116,pr169,169.5,0.03328441556342183,4,sum_of_boundary_continuous_ratings
pr116,pr29,212.2,0.017446814891611685,3,sum_of_boundary_continuous_ratings
pr120,pr451,924.0,0.009702,1,sum_of_boundary_continuous_ratings
pr120,pr85,450.0,0.0002924999999999999,1,sum_of_boundary_continuous_ratings
pr120,pr956,369.3,0.002138247,1,sum_of_boundary_continuous_ratings
pr1206,pr234,239.0,0.00038001,2,sum_of_boundary_continuous_ratings
pr127,pr50,242.7,0.005096700000000001,1,sum_of_boundary_continuous_ratings
pr127,pr88,242.7,0.004611300000000001,1,sum_of_boundary_continuous_ratings
pr14,pr16,20.0,0.04944420000000001,1,sum_of_boundary_continuous_ratings
pr14,pr234,164.2,0.02047513505481121,2,sum_of_boundary_continuous_ratings
pr14,pr294,191.0,0.000191,1,sum_of_boundary_continuous_ratings
pr14,pr5,184.6,0.0029536,1,sum_of_boundary_continuous_ratings
pr14,pr8,19.8,0.08547303600000002,1,sum_of_boundary_continuous_ratings
pr14,pr97047,5000.0,0.0,0,N0_TTC_fallback_no_rated_boundary
pr149,pr275,145.2,0.016262400000000003,1,sum_of_boundary_continuous_ratings
pr149,pr451,600.0,0.0047999999999997,2,sum_of_boundary_continuous_ratings
pr149,pr50,358.5,0.031548,1,sum_of_boundary_continuous_ratings
pr153,pr196,547.0,0.0,1,sum_of_boundary_continuous_ratings
pr153,pr41,232.6,0.01061312846087704,2,sum_of_boundary_continuous_ratings
pr153,pr442,145.0,0.006119,1,sum_of_boundary_continuous_ratings
pr153,pr452,239.0,0.0023422,1,sum_of_boundary_continuous_ratings
pr16,pr234,151.0,0.009518386092715235,2,sum_of_boundary_continuous_ratings
pr16,pr294,231.0,0.034176450000000004,1,sum_of_boundary_continuous_ratings
pr167,pr40,231.1,0.0233411,1,sum_of_boundary_continuous_ratings
pr169,pr2,40.4,0.04695048712871287,2,sum_of_boundary_continuous_ratings
pr169,pr23,109.79999999999998,0.021970979999999998,1,sum_of_boundary_continuous_ratings
pr169,pr97094,5000.0,0.0,0,N0_TTC_fallback_no_rated_boundary
pr175,pr480,145.2,0.0001452,1,sum_of_boundary_continuous_ratings
pr175,pr50,145.2,0.013068,1,sum_of_boundary_continuous_ratings
pr177,pr38,73.2,0.03124908,1,sum_of_boundary_continuous_ratings
pr177,pr555,91.5,0.011888595,1,sum_of_boundary_continuous_ratings
pr18,pr211,164.0,0.017608567804878045,2,sum_of_boundary_continuous_ratings
pr1800,pr296,116.1,0.0020956050000000004,1,sum_of_boundary_continuous_ratings
pr1800,pr3,116.1,0.011346453000000003,1,sum_of_boundary_continuous_ratings
pr1800,pr7000,5000.0,0.0,0,N0_TTC_fallback_no_rated_boundary
pr1802,pr2,191.0,0.018565199999999997,1,sum_of_boundary_continuous_ratings
pr1802,pr23,191.0,0.012376799999999999,1,sum_of_boundary_continuous_ratings
pr184,pr334,231.0,0.0,1,sum_of_boundary_continuous_ratings
pr185,pr5,184.6,0.005685679999999999,1,sum_of_boundary_continuous_ratings
pr190,pr310,116.2,0.009691079999999998,1,sum_of_boundary_continuous_ratings
pr190,pr45,116.2,0.020997339999999996,1,sum_of_boundary_continuous_ratings
pr196,pr440,369.3,0.013180317,1,sum_of_boundary_continuous_ratings
pr196,pr96,240.0,0.013968,1,sum_of_boundary_continuous_ratings
pr196,pr99,369.3,0.02060694,1,sum_of_boundary_continuous_ratings
pr2,pr3,279.1,0.01552168649587961,2,sum_of_boundary_continuous_ratings
pr2,pr489,179.3,0.00139854,1,sum_of_boundary_continuous_ratings
pr2,pr96,544.0,0.0004896000000000002,1,sum_of_boundary_continuous_ratings
pr2001,pr2002,239.0,0.011170860000000001,1,sum_of_boundary_continuous_ratings
pr2001,pr3001,5000.0,0.0,0,N0_TTC_fallback_no_rated_boundary
pr204,pr232,369.3,0.007855010999999999,1,sum_of_boundary_continuous_ratings
pr204,pr352,369.3,0.0033421650000000002,1,sum_of_boundary_continuous_ratings
pr21,pr234,67.7,0.012620888673559821,2,sum_of_boundary_continuous_ratings
pr21,pr275,20.4,0.07131023999999998,1,sum_of_boundary_continuous_ratings
pr21,pr50,48.0,0.00895776,1,sum_of_boundary_continuous_ratings
pr211,pr82,164.2,0.013743539352009743,2,sum_of_boundary_continuous_ratings
pr213,pr2222,5000.0,0.0,0,N0_TTC_fallback_no_rated_boundary
pr213,pr296,48.0,0.06417360000000001,1,sum_of_boundary_continuous_ratings
pr213,pr313,40.0,0.035061400000000006,2,sum_of_boundary_continuous_ratings
pr213,pr353,165.2,0.030403316590799034,2,sum_of_boundary_continuous_ratings
pr2222,pr266,59.0,0.041243949999999995,1,sum_of_boundary_continuous_ratings
pr231,pr29,164.2,0.006864610007308161,2,sum_of_boundary_continuous_ratings
pr231,pr32,136.2,0.007882368596182085,2,sum_of_boundary_continuous_ratings
pr232,pr277,600.0,0.0014474999999998502,2,sum_of_boundary_continuous_ratings
pr232,pr96,240.0,0.014664,1,sum_of_boundary_continuous_ratings
pr233,pr321,738.5,0.016084529999999996,1,sum_of_boundary_continuous_ratings
pr233,pr5,900.0,0.0025660895061726985,2,sum_of_boundary_continuous_ratings
pr233,pr956,369.3,0.019565514,1,sum_of_boundary_continuous_ratings
pr234,pr281,231.0,0.035574,1,sum_of_boundary_continuous_ratings
pr266,pr38,47.8,0.03108912,1,sum_of_boundary_continuous_ratings
pr271,pr45,116.2,0.0021392419999999995,1,sum_of_boundary_continuous_ratings
pr271,pr545,145.2,0.0026136,1,sum_of_boundary_continuous_ratings
pr275,pr353,164.2,0.01638425295493301,2,sum_of_boundary_continuous_ratings
pr275,pr45,20.0,0.026064000000000004,1,sum_of_boundary_continuous_ratings
pr277,pr29,116.2,0.005751899999999999,1,sum_of_boundary_continuous_ratings
pr277,pr35,116.2,0.020811419999999994,1,sum_of_boundary_continuous_ratings
pr277,pr428,239.2,0.0018657599999999997,1,sum_of_boundary_continuous_ratings
pr280,pr281,145.2,0.020749080000000003,1,sum_of_boundary_continuous_ratings
pr280,pr50,130.0,0.0124917,1,sum_of_boundary_continuous_ratings
pr29,pr35,19.0,0.047566500000000005,1,sum_of_boundary_continuous_ratings
pr29,pr428,191.0,0.008824199999999999,1,sum_of_boundary_continuous_ratings
pr290,pr38,73.2,0.00737124,1,sum_of_boundary_continuous_ratings
pr294,pr5,231.1,0.0035797389999999998,1,sum_of_boundary_continuous_ratings
pr296,pr8,40.0,0.020986600000000005,2,sum_of_boundary_continuous_ratings
pr3,pr313,65.0,0.009927984615384617,2,sum_of_boundary_continuous_ratings
pr3,pr363,450.0,0.000585,1,sum_of_boundary_continuous_ratings
pr3000,pr3001,5000.0,0.0,0,N0_TTC_fallback_no_rated_boundary
pr310,pr400,91.6,0.009297399999999997,1,sum_of_boundary_continuous_ratings
pr310,pr93,184.6,0.009394294,1,sum_of_boundary_continuous_ratings
pr319,pr96,717.0,0.0027246,1,sum_of_boundary_continuous_ratings
pr32,pr35,48.0,0.01655616,1,sum_of_boundary_continuous_ratings
pr334,pr8,184.6,0.022115079999999995,1,sum_of_boundary_continuous_ratings
pr335,pr38,20.0,0.07683200000000001,1,sum_of_boundary_continuous_ratings
pr335,pr40,557.6000000000001,0.010674249641319942,3,sum_of_boundary_continuous_ratings
pr335,pr97144,5000.0,0.0,0,N0_TTC_fallback_no_rated_boundary
pr35,pr902,91.0,0.053799200000000005,1,sum_of_boundary_continuous_ratings
pr352,pr440,369.3,0.00727521,1,sum_of_boundary_continuous_ratings
pr378,pr45,108.5,0.013456191255299538,3,sum_of_boundary_continuous_ratings
pr378,pr492,231.1,0.0085507,1,sum_of_boundary_continuous_ratings
pr378,pr93,68.0,0.02152423529411765,2,sum_of_boundary_continuous_ratings
pr38,pr40,116.2,0.01756944,1,sum_of_boundary_continuous_ratings
pr38,pr902,91.0,0.009272899999999999,1,sum_of_boundary_continuous_ratings
pr392,pr84,264.1,0.005006847462324876,3,sum_of_boundary_continuous_ratings
pr392,pr86,343.0,0.002404075189504373,3,sum_of_boundary_continuous_ratings
pr392,pr87,352.8,0.0022963658956916097,4,sum_of_boundary_continuous_ratings
pr40,pr441,350.2,0.0017159799999999998,1,sum_of_boundary_continuous_ratings
pr400,pr83,91.5,0.0094062,1,sum_of_boundary_continuous_ratings
pr41,pr93,231.0,0.023444064935064932,2,sum_of_boundary_continuous_ratings
pr41,pr97064,5000.0,0.0,0,N0_TTC_fallback_no_rated_boundary
pr440,pr441,350.0,0.0004374999999996501,1,sum_of_boundary_continuous_ratings
pr45,pr50,185.0,0.011737621621621622,2,sum_of_boundary_continuous_ratings
pr45,pr63,775.9000000000001,0.008855475886067792,5,sum_of_boundary_continuous_ratings
pr45,pr87,80.1,0.008197788029962549,2,sum_of_boundary_continuous_ratings
pr45,pr88,184.6,0.007383999999999999,1,sum_of_boundary_continuous_ratings
pr45,pr99,544.0,0.00021760000000000014,1,sum_of_boundary_continuous_ratings
pr451,pr99,924.0,0.0081312,1,sum_of_boundary_continuous_ratings
pr480,pr85,116.2,0.0027190799999999996,1,sum_of_boundary_continuous_ratings
pr492,pr93,184.6,0.006830199999999998,1,sum_of_boundary_continuous_ratings
pr50,pr545,145.2,0.005808000000000001,1,sum_of_boundary_continuous_ratings
pr50,pr63,286.5,0.015442350000000002,1,sum_of_boundary_continuous_ratings
pr50,pr84,206.0,0.0044621609708737865,3,sum_of_boundary_continuous_ratings
pr50,pr85,40.0,0.021025500000000003,2,sum_of_boundary_continuous_ratings
pr50,pr87,260.0,0.0031289692307692307,2,sum_of_boundary_continuous_ratings
pr555,pr83,91.5,0.00883707,1,sum_of_boundary_continuous_ratings
pr583,pr84,184.6,0.0016244799999999998,1,sum_of_boundary_continuous_ratings
pr583,pr85,184.6,0.0012737399999999998,1,sum_of_boundary_continuous_ratings
pr63,pr87,40.1,0.00980846,1,sum_of_boundary_continuous_ratings
pr63,pr88,184.6,0.007937799999999998,1,sum_of_boundary_continuous_ratings
pr632,pr86,402.2,0.002805940210840378,6,sum_of_boundary_continuous_ratings
pr7000,pr7200,4780.783415006242,0.2,1,sum_of_boundary_continuous_ratings
pr82,pr85,308.4,0.011173874370946822,3,sum_of_boundary_continuous_ratings
pr84,pr85,68.0,0.008355263529411766,2,sum_of_boundary_continuous_ratings
pr86,pr87,191.0,0.0029987,1,sum_of_boundary_continuous_ratings
pr86,pr88,369.2,0.009783799999999999,2,sum_of_boundary_continuous_ratings
pr87,pr88,369.2,0.006174869999999998,2,sum_of_boundary_continuous_ratings
