interconnect,interface
PR,pr10~~pr21
PR,pr10~~pr275
PR,pr10~~pr8
PR,pr100~~pr32
PR,pr100~~pr335
PR,pr100~~pr35
PR,pr100~~pr352
PR,pr100~~pr97021
PR,pr101~~pr16
PR,pr101~~pr18
PR,pr101~~pr3000
PR,pr102~~pr153
PR,pr102~~pr167
PR,pr102~~pr343
PR,pr102~~pr40
PR,pr102~~pr452
PR,pr1025~~pr185
PR,pr1025~~pr334
PR,pr1025~~pr97134
PR,pr1027~~pr149
PR,pr1027~~pr21
PR,pr103~~pr2
PR,pr103~~pr3
PR,pr1040~~pr21
PR,pr1040~~pr50
PR,pr106~~pr107
PR,pr106~~pr321
PR,pr106~~pr451
PR,pr106~~pr96
PR,pr107~~pr296
PR,pr107~~pr8
PR,pr107~~pr97014
PR,pr1077~~pr363
PR,pr1077~~pr96
PR,pr1078~~pr3
PR,pr1078~~pr313
PR,pr1079~~pr213
PR,pr1079~~pr313
PR,pr1102~~pr392
PR,pr1102~~pr87
PR,pr1103~~pr63
PR,pr1103~~pr88
PR,pr1104~~pr45
PR,pr1104~~pr63
PR,pr1105~~pr45
PR,pr1105~~pr50
PR,pr111~~pr378
PR,pr111~~pr45
PR,pr1110~~pr440
PR,pr1110~~pr96
PR,pr116~~pr169
PR,pr116~~pr29
PR,pr120~~pr451
PR,pr120~~pr85
PR,pr120~~pr956
PR,pr1206~~pr234
PR,pr127~~pr50
PR,pr127~~pr88
PR,pr14~~pr16
PR,pr14~~pr234
PR,pr14~~pr294
PR,pr14~~pr5
PR,pr14~~pr8
PR,pr14~~pr97047
PR,pr149~~pr275
PR,pr149~~pr451
PR,pr149~~pr50
PR,pr153~~pr196
PR,pr153~~pr41
PR,pr153~~pr442
PR,pr153~~pr452
PR,pr16~~pr234
PR,pr16~~pr294
PR,pr167~~pr40
PR,pr169~~pr2
PR,pr169~~pr23
PR,pr169~~pr97094
PR,pr175~~pr480
PR,pr175~~pr50
PR,pr177~~pr38
PR,pr177~~pr555
PR,pr18~~pr211
PR,pr1800~~pr296
PR,pr1800~~pr3
PR,pr1800~~pr7000
PR,pr1802~~pr2
PR,pr1802~~pr23
PR,pr184~~pr334
PR,pr185~~pr5
PR,pr190~~pr310
PR,pr190~~pr45
PR,pr196~~pr440
PR,pr196~~pr96
PR,pr196~~pr99
PR,pr2~~pr3
PR,pr2~~pr489
PR,pr2~~pr96
PR,pr2001~~pr2002
PR,pr2001~~pr3001
PR,pr204~~pr232
PR,pr204~~pr352
PR,pr21~~pr234
PR,pr21~~pr275
PR,pr21~~pr50
PR,pr211~~pr82
PR,pr213~~pr2222
PR,pr213~~pr296
PR,pr213~~pr313
PR,pr213~~pr353
PR,pr2222~~pr266
PR,pr231~~pr29
PR,pr231~~pr32
PR,pr232~~pr277
PR,pr232~~pr96
PR,pr233~~pr321
PR,pr233~~pr5
PR,pr233~~pr956
PR,pr234~~pr281
PR,pr266~~pr38
PR,pr271~~pr45
PR,pr271~~pr545
PR,pr275~~pr353
PR,pr275~~pr45
PR,pr277~~pr29
PR,pr277~~pr35
PR,pr277~~pr428
PR,pr280~~pr281
PR,pr280~~pr50
PR,pr29~~pr35
PR,pr29~~pr428
PR,pr290~~pr38
PR,pr294~~pr5
PR,pr296~~pr8
PR,pr3~~pr313
PR,pr3~~pr363
PR,pr3000~~pr3001
PR,pr310~~pr400
PR,pr310~~pr93
PR,pr319~~pr96
PR,pr32~~pr35
PR,pr334~~pr8
PR,pr335~~pr38
PR,pr335~~pr40
PR,pr335~~pr97144
PR,pr35~~pr902
PR,pr352~~pr440
PR,pr378~~pr45
PR,pr378~~pr492
PR,pr378~~pr93
PR,pr38~~pr40
PR,pr38~~pr902
PR,pr392~~pr84
PR,pr392~~pr86
PR,pr392~~pr87
PR,pr40~~pr441
PR,pr400~~pr83
PR,pr41~~pr93
PR,pr41~~pr97064
PR,pr440~~pr441
PR,pr45~~pr50
PR,pr45~~pr63
PR,pr45~~pr87
PR,pr45~~pr88
PR,pr45~~pr99
PR,pr451~~pr99
PR,pr480~~pr85
PR,pr492~~pr93
PR,pr50~~pr545
PR,pr50~~pr63
PR,pr50~~pr84
PR,pr50~~pr85
PR,pr50~~pr87
PR,pr555~~pr83
PR,pr583~~pr84
PR,pr583~~pr85
PR,pr63~~pr87
PR,pr63~~pr88
PR,pr632~~pr86
PR,pr7000~~pr7200
PR,pr82~~pr85
PR,pr84~~pr85
PR,pr86~~pr87
PR,pr86~~pr88
PR,pr87~~pr88
