ba,node_b,bin,cap_mw,marginal_$_per_MW,marginal_$_per_kW,cum_cap_mw_node
p60,b000067,5,287.0558314246838,444689.0998714212,444.6890998714212,287.0558314246838
p60,b000200,1,255.2819562653162,55947.606668048335,55.94760666804834,255.2819562653162
p60,b000200,3,254.7180437346838,267776.4519512263,267.77645195122625,510.0
p60,b000260,1,92.49912837867436,55947.606668048335,55.94760666804834,92.49912837867436
p60,b000260,4,126.12394557532382,319877.8597155304,319.8778597155304,218.6230739539982
p60,b000260,5,33.37692604600183,444689.0998714212,444.6890998714212,252.0
p60,b000306,2,1.3630079653387186,213847.4220341021,213.84742203410207,1.3630079653387186
p60,b000306,5,1076.9795300434894,444689.0998714212,444.6890998714212,1078.3425380088281
p60,b000716,3,3.743286066452924,267776.4519512263,267.77645195122625,3.743286066452924
p60,b000716,5,5396.256713933547,444689.0998714212,444.6890998714212,5400.0
p60,b000839,5,342.0,444689.0998714212,444.6890998714212,342.0
p60,b001063,1,39.97871791858216,55947.606668048335,55.94760666804834,39.97871791858216
p60,b001063,2,44.42261691365501,213847.4220341021,213.84742203410207,84.40133483223718
p60,b001063,5,386.06685323593535,444689.0998714212,444.6890998714212,470.46818806817254
p60,b001089,1,1034.30426889997,55947.606668048335,55.94760666804834,1034.30426889997
p60,b001089,4,96.69205764737944,319877.8597155304,319.8778597155304,1130.9963265473496
p60,b001089,5,302.1910951339032,444689.0998714212,444.6890998714212,1433.1874216812528
p60,b001100,1,434.6598000448248,55947.606668048335,55.94760666804834,434.6598000448248
p60,b001100,2,231.59632961365415,213847.4220341021,213.84742203410207,666.2561296584789
p60,b001100,5,2021.743870341521,444689.0998714212,444.6890998714212,2688.0
p60,b001554,3,4.783851400952371,267776.4519512263,267.77645195122625,4.783851400952371
p60,b001554,4,0.012887062060912,319877.8597155304,319.8778597155304,4.796738463013283
p60,b001554,5,3600.7932209446385,444689.0998714212,444.6890998714212,3605.589959407652
p60,b001969,2,399.83728358826886,213847.4220341021,213.84742203410207,399.83728358826886
p60,b001969,5,410.16271641173114,444689.0998714212,444.6890998714212,810.0
p60,b002838,2,71.08168963009292,213847.4220341021,213.84742203410207,71.08168963009292
p60,b002838,5,188.3205619223024,444689.0998714212,444.6890998714212,259.40225155239534
p60,b003517,5,144.0,444689.0998714212,444.6890998714212,144.0
p60,b003876,1,21.472954488412025,55947.606668048335,55.94760666804834,21.472954488412025
p60,b003876,2,0.8171275835695153,213847.4220341021,213.84742203410207,22.29008207198154
p60,b003876,4,66.45692503714677,319877.8597155304,319.8778597155304,88.74700710912832
p60,b003876,5,1519.2730494733437,444689.0998714212,444.6890998714212,1608.020056582472
p60,b005904,1,1092.1134741806625,55947.606668048335,55.94760666804834,1092.1134741806625
p60,b005904,2,359.8865258193375,213847.4220341021,213.84742203410207,1452.0
p60,b006011,3,1.684898140538521,267776.4519512263,267.77645195122625,1.684898140538521
p60,b006011,4,3.053486227884547,319877.8597155304,319.8778597155304,4.738384368423068
p60,b006011,5,476.0556812565211,444689.0998714212,444.6890998714212,480.79406562494415
p60,b006047,5,251.23290766976325,444689.0998714212,444.6890998714212,251.23290766976325
p60,b006065,1,44.28551721367679,55947.606668048335,55.94760666804834,44.28551721367679
p60,b006065,5,1557.7144827863233,444689.0998714212,444.6890998714212,1602.0
p62,b000270,6,47.12391177620251,841451.0124793134,841.4510124793134,47.12391177620251
p62,b000270,7,19.064987564792144,959637.4979521804,959.6374979521804,66.18889934099465
p62,b000270,8,125.9924653350492,1122449.2798184815,1122.4492798184815,192.18136467604387
p62,b000270,9,1.0335877034693797,2036399.5383969008,2036.3995383969009,193.21495237951325
p62,b000296,1,394.2610623002914,229376.49557123985,229.3764955712398,394.2610623002914
p62,b000296,3,253.96281853324055,426907.8128187538,426.9078128187538,648.223880833532
p62,b000296,5,212.07896301331817,636289.2399611286,636.2892399611286,860.3028438468501
p62,b000296,6,47.123911776202256,841451.0124793134,841.4510124793134,907.4267556230524
p62,b000296,7,117.55049932177234,959637.4979521804,959.6374979521804,1024.9772549448248
p62,b000296,8,223.02274505517522,1122449.2798184815,1122.4492798184815,1248.0
p62,b000341,6,47.12391177620251,841451.0124793134,841.4510124793134,47.12391177620251
p62,b000341,7,19.06498756479212,959637.4979521804,959.6374979521804,66.18889934099462
p62,b000341,8,125.99246533504916,1122449.2798184815,1122.4492798184815,192.18136467604378
p62,b000341,9,1.0335877034693797,2036399.5383969008,2036.3995383969009,193.21495237951316
p62,b000345,1,6.117323780215484,229376.49557123985,229.3764955712398,6.117323780215484
p62,b000345,2,421.1591786199238,373250.6289252929,373.2506289252929,427.2765024001393
p62,b000345,3,33.97284494250732,426907.8128187538,426.9078128187538,461.2493473426466
p62,b000345,5,142.96705138214688,636289.2399611286,636.2892399611286,604.2163987247935
p62,b000345,6,385.7836012752066,841451.0124793134,841.4510124793134,990.0000000000001
p62,b000348,1,4.706112112443567e-13,229376.49557123985,229.3764955712398,4.706112112443567e-13
p62,b000348,6,57.97569553965689,841451.0124793134,841.4510124793134,57.97569553965736
p62,b000348,7,25.71223447915492,959637.4979521804,959.6374979521804,83.68793001881228
p62,b000348,8,125.99246533504912,1122449.2798184815,1122.4492798184815,209.6803953538614
p62,b000348,9,1.0335877034693797,2036399.5383969008,2036.3995383969009,210.71398305733078
p62,b002071,1,77.13206058738903,229376.49557123985,229.3764955712398,77.13206058738903
p62,b002071,3,59.69233563440318,426907.8128187538,426.9078128187538,136.8243962217922
p62,b002071,4,225.15993746402356,466697.9409605538,466.6979409605538,361.9843336858158
p62,b002071,5,45.47417761769474,636289.2399611286,636.2892399611286,407.45851130351053
p62,b002071,6,480.5414886964895,841451.0124793134,841.4510124793134,888.0
p62,b002188,3,3.197319600001456,426907.8128187538,426.9078128187538,3.197319600001456
p62,b002188,6,47.12391177620252,841451.0124793134,841.4510124793134,50.321231376203976
p62,b002188,7,19.064987564792144,959637.4979521804,959.6374979521804,69.38621894099612
p62,b002188,8,26.613781059003887,1122449.2798184815,1122.4492798184815,96.0
p62,b002279,1,81.5942207924745,229376.49557123985,229.3764955712398,81.5942207924745
p62,b002279,3,14.949159648491332,426907.8128187538,426.9078128187538,96.54338044096583
p62,b002279,6,47.12391177620254,841451.0124793134,841.4510124793134,143.66729221716838
p62,b002279,7,19.06498756479212,959637.4979521804,959.6374979521804,162.7322797819605
p62,b002279,8,859.7555939955691,1122449.2798184815,1122.4492798184815,1022.4878737775297
p62,b002279,9,1.033587703469266,2036399.5383969008,2036.3995383969009,1023.5214614809989
p62,b002469,1,106.1547098670642,229376.49557123985,229.3764955712398,106.1547098670642
p62,b002469,2,465.33349050631045,373250.6289252929,373.2506289252929,571.4882003733746
p62,b002469,3,30.65602048056849,426907.8128187538,426.9078128187538,602.1442208539431
p62,b002469,4,34.56494774228407,466697.9409605538,466.6979409605538,636.7091685962272
p62,b002469,5,218.1924569162349,636289.2399611286,636.2892399611286,854.901625512462
p62,b002469,6,98.11018324906948,841451.0124793134,841.4510124793134,953.0118087615316
p62,b002469,7,216.21383982952668,959637.4979521804,959.6374979521804,1169.2256485910582
p62,b002469,8,270.7743514089418,1122449.2798184815,1122.4492798184815,1440.0
p62,b003011,1,253.9210752488279,229376.49557123985,229.3764955712398,253.9210752488279
p62,b003011,2,119.27130992604636,373250.6289252929,373.2506289252929,373.19238517487423
p62,b003011,5,46.807614825125754,636289.2399611286,636.2892399611286,420.0
p62,b003120,1,103.8604064844067,229376.49557123985,229.3764955712398,103.8604064844067
p62,b003120,2,4.353667859962813,373250.6289252929,373.2506289252929,108.21407434436951
p62,b003120,6,196.917210088792,841451.0124793134,841.4510124793134,305.1312844331615
p62,b003120,7,276.12908407042204,959637.4979521804,959.6374979521804,581.2603685035835
p62,b003120,8,175.60596260572868,1122449.2798184815,1122.4492798184815,756.8663311093122
p62,b003120,9,1.033587703469266,2036399.5383969008,2036.3995383969009,757.8999188127815
p62,b004028,1,0.4700159956402389,229376.49557123985,229.3764955712398,0.4700159956402389
p62,b004028,3,0.4767878003063941,426907.8128187538,426.9078128187538,0.946803795946633
p62,b004028,6,47.123911776202526,841451.0124793134,841.4510124793134,48.07071557214916
p62,b004028,7,19.064987564792144,959637.4979521804,959.6374979521804,67.1357031369413
p62,b004028,8,149.60384950399902,1122449.2798184815,1122.4492798184815,216.7395526409403
p62,b004028,9,1.0335877034693797,2036399.5383969008,2036.3995383969009,217.77314034440968
p62,b004035,1,3.1133747452026057,229376.49557123985,229.3764955712398,3.1133747452026057
p62,b004035,6,53.07272788858528,841451.0124793134,841.4510124793134,56.18610263378788
p62,b004035,7,19.064987564792144,959637.4979521804,959.6374979521804,75.25109019858003
p62,b004035,8,196.0664884516235,1122449.2798184815,1122.4492798184815,271.31757865020353
p62,b004035,9,30.67072470861792,2036399.5383969008,2036.3995383969009,301.98830335882144
p62,b004037,1,5.042625127038206,229376.49557123985,229.3764955712398,5.042625127038206
p62,b004037,5,90.82005523268909,636289.2399611286,636.2892399611286,95.86268035972729
p62,b004037,6,47.12391177620254,841451.0124793134,841.4510124793134,142.98659213592984
p62,b004037,7,19.064987564792144,959637.4979521804,959.6374979521804,162.051579700722
p62,b004037,8,125.99246533504908,1122449.2798184815,1122.4492798184815,288.04404503577103
p62,b004037,9,1.033587703469266,2036399.5383969008,2036.3995383969009,289.0776327392403
p63,b000010,8,0.3724155514144056,1455670.1695349184,1455.6701695349184,0.3724155514144056
p63,b000032,8,0.3724155514144056,1455670.1695349184,1455.6701695349184,0.3724155514144056
p63,b000283,0,49.493634410144125,20387.568418505747,20.387568418505747,49.493634410144125
p63,b000283,8,35.59289109074528,1455670.1695349184,1455.6701695349184,85.08652550088941
p63,b000283,9,8.276575722055549,1546788.41881199,1546.78841881199,93.36310122294496
p63,b000283,10,3.138276749266694,1798049.4042675337,1798.0494042675336,96.50137797221166
p63,b000283,11,10.452666851752564,2647143.4430617127,2647.143443061713,106.95404482396421
p63,b000283,12,0.4369526859729251,13324546.040327424,13324.546040327425,107.39099750993714
p63,b000284,8,0.3724155514144056,1455670.1695349184,1455.6701695349184,0.3724155514144056
p63,b000425,4,78.0,230844.972823203,230.844972823203,78.0
p63,b000434,8,0.3724155514144056,1455670.1695349184,1455.6701695349184,0.3724155514144056
p63,b000444,8,0.3724155514144056,1455670.1695349184,1455.6701695349184,0.3724155514144056
p63,b000444,12,1.4906099644786612,13324546.040327424,13324.546040327425,1.8630255158930669
p63,b000501,0,131.0592002164601,20387.568418505747,20.387568418505747,131.0592002164601
p63,b000501,4,372.9407997835399,230844.972823203,230.844972823203,504.0
p63,b000734,8,0.3724155514144056,1455670.1695349184,1455.6701695349184,0.3724155514144056
p63,b000811,5,24.0,294196.8424194549,294.19684241945487,24.0
p63,b000897,2,6.695729507638703,116549.41439949298,116.54941439949296,6.695729507638703
p63,b000897,8,5.372711095729014,1455670.1695349184,1455.6701695349184,12.068440603367716
p63,b000897,9,0.3604569622357869,1546788.41881199,1546.78841881199,12.428897565603503
p63,b000897,12,0.6594526552032091,13324546.040327424,13324.546040327425,13.088350220806712
p63,b000903,7,3.725415651081279,558476.2277283575,558.4762277283576,3.725415651081279
p63,b000903,8,0.3724155514144056,1455670.1695349184,1455.6701695349184,4.097831202495684
p63,b000903,12,1.694816520209652,13324546.040327424,13324.546040327425,5.792647722705336
p63,b000923,1,0.0811449481319531,68201.60623169896,68.20160623169896,0.0811449481319531
p63,b000923,2,38.66262203830792,116549.41439949298,116.54941439949296,38.74376698643987
p63,b000923,8,0.3724155514143914,1455670.1695349184,1455.6701695349184,39.116182537854264
p63,b000923,9,24.35374914620933,1546788.41881199,1546.78841881199,63.469931684063596
p63,b000991,0,396.0,20387.568418505747,20.387568418505747,396.0
p63,b001057,2,328.15445910826384,116549.41439949298,116.54941439949296,328.15445910826384
p63,b001057,7,254.67382556307308,558476.2277283575,558.4762277283576,582.8282846713369
p63,b001057,8,52.45880751727415,1455670.1695349184,1455.6701695349184,635.287092188611
p63,b001057,9,36.04776213855164,1546788.41881199,1546.78841881199,671.3348543271627
p63,b001057,11,11.04931261527872,2647143.4430617127,2647.143443061713,682.3841669424414
p63,b001057,12,53.26718196445777,13324546.040327424,13324.546040327425,735.6513489068992
p63,b001154,4,46.612042954957474,230844.972823203,230.844972823203,46.612042954957474
p63,b001154,8,0.3724155514144056,1455670.1695349184,1455.6701695349184,46.98445850637188
p63,b001208,0,22.470033597116583,20387.568418505747,20.387568418505747,22.470033597116583
p63,b001208,8,1.309218102288127,1455670.1695349184,1455.6701695349184,23.77925169940471
p63,b001208,9,6.476073866261,1546788.41881199,1546.78841881199,30.25532556566571
p63,b001208,10,6.845061404800844,1798049.4042675337,1798.0494042675336,37.10038697046655
p63,b001208,11,1.6503731470681369,2647143.4430617127,2647.143443061713,38.75076011753469
p63,b001316,8,0.3724155514144056,1455670.1695349184,1455.6701695349184,0.3724155514144056
p63,b001358,7,0.135696863391189,558476.2277283575,558.4762277283576,0.135696863391189
p63,b001358,8,0.3724155514144056,1455670.1695349184,1455.6701695349184,0.5081124148055945
p63,b001358,9,0.4717147709458228,1546788.41881199,1546.78841881199,0.9798271857514174
p63,b001358,10,0.0113931521807728,1798049.4042675337,1798.0494042675336,0.9912203379321902
p63,b001358,11,1.6609768427549905,2647143.4430617127,2647.143443061713,2.652197180687181
p63,b001449,0,168.0,20387.568418505747,20.387568418505747,168.0
p63,b001707,4,2.323278058036391,230844.972823203,230.844972823203,2.323278058036391
p63,b001707,8,0.3724155514143923,1455670.1695349184,1455.6701695349184,2.6956936094507835
p63,b001736,8,0.3724155514144056,1455670.1695349184,1455.6701695349184,0.3724155514144056
p63,b001811,2,10.743733157387055,116549.41439949298,116.54941439949296,10.743733157387055
p63,b001811,4,1.2636199089399405,230844.972823203,230.844972823203,12.007353066326996
p63,b001811,8,0.3724155514143914,1455670.1695349184,1455.6701695349184,12.379768617741387
p63,b001811,12,3.577632245566917,13324546.040327424,13324.546040327425,15.957400863308305
p63,b001913,8,0.3724155514143914,1455670.1695349184,1455.6701695349184,0.3724155514143914
p63,b001992,8,0.3724155514143914,1455670.1695349184,1455.6701695349184,0.3724155514143914
p63,b002062,2,63.04204854764031,116549.41439949298,116.54941439949296,63.04204854764031
p63,b002062,5,69.69181440975089,294196.8424194549,294.19684241945487,132.7338629573912
p63,b002062,6,10.057422103232051,401464.1098962409,401.4641098962409,142.79128506062327
p63,b002062,8,0.3724155514144056,1455670.1695349184,1455.6701695349184,143.16370061203767
p63,b002062,9,24.209027786897096,1546788.41881199,1546.78841881199,167.37272839893475
p63,b002062,10,15.68969162272742,1798049.4042675337,1798.0494042675336,183.06242002166218
p63,b002062,11,29.717868877440385,2647143.4430617127,2647.143443061713,212.78028889910257
p63,b002062,12,1.6367952790777691,13324546.040327424,13324.546040327425,214.41708417818035
p63,b002103,8,0.3724155514144056,1455670.1695349184,1455.6701695349184,0.3724155514144056
p63,b002103,11,30.65280328092506,2647143.4430617127,2647.143443061713,31.025218832339466
p63,b002178,5,8.565774062172494,294196.8424194549,294.19684241945487,8.565774062172494
p63,b002178,6,3.867867740350845,401464.1098962409,401.4641098962409,12.43364180252334
p63,b002178,8,34.96834746999344,1455670.1695349184,1455.6701695349184,47.40198927251678
p63,b002178,9,22.192263744177627,1546788.41881199,1546.78841881199,69.59425301669441
p63,b002178,10,2.881818111452389,1798049.4042675337,1798.0494042675336,72.4760711281468
p63,b002178,12,1.29291213267123,13324546.040327424,13324.546040327425,73.76898326081802
p63,b002267,8,0.3724155514144056,1455670.1695349184,1455.6701695349184,0.3724155514144056
p63,b002267,12,0.6010110560920323,13324546.040327424,13324.546040327425,0.973426607506438
p63,b002347,2,14.138072828200634,116549.41439949298,116.54941439949296,14.138072828200634
p63,b002347,7,24.618730770397494,558476.2277283575,558.4762277283576,38.756803598598125
p63,b002347,8,0.3724155514143914,1455670.1695349184,1455.6701695349184,39.12921915001252
p63,b002347,9,43.6800929443794,1546788.41881199,1546.78841881199,82.80931209439191
p63,b002373,0,93.2861729019741,20387.568418505747,20.387568418505747,93.2861729019741
p63,b002373,8,4.114156739672834,1455670.1695349184,1455.6701695349184,97.40032964164693
p63,b002373,12,0.1355341723613744,13324546.040327424,13324.546040327425,97.53586381400831
p63,b002379,0,40.42935878332793,20387.568418505747,20.387568418505747,40.42935878332793
p63,b002379,1,16.898145469445225,68201.60623169896,68.20160623169896,57.32750425277315
p63,b002379,2,1.1908411926641946,116549.41439949298,116.54941439949296,58.51834544543735
p63,b002379,4,277.1498521862157,230844.972823203,230.844972823203,335.668197631653
p63,b002379,6,2.1418391716225638,401464.1098962409,401.4641098962409,337.81003680327564
p63,b002379,8,0.3724155514144056,1455670.1695349184,1455.6701695349184,338.18245235469004
p63,b002522,6,13.46776521597962,401464.1098962409,401.4641098962409,13.46776521597962
p63,b002522,8,182.02083307846044,1455670.1695349184,1455.6701695349184,195.48859829444007
p63,b002522,9,158.50593980406498,1546788.41881199,1546.78841881199,353.994538098505
p63,b002522,12,0.1912625611489597,13324546.040327424,13324.546040327425,354.185800659654
p63,b002540,0,19.493781733372305,20387.568418505747,20.387568418505747,19.493781733372305
p63,b002540,6,30.95604826808912,401464.1098962409,401.4641098962409,50.44983000146142
p63,b002540,7,19.216181140090743,558476.2277283575,558.4762277283576,69.66601114155216
p63,b002540,8,0.3724155514143914,1455670.1695349184,1455.6701695349184,70.03842669296655
p63,b002540,12,5.647650297020206,13324546.040327424,13324.546040327425,75.68607698998676
p63,b002639,0,478.4437991671912,20387.568418505747,20.387568418505747,478.4437991671912
p63,b002639,8,0.3724155514144056,1455670.1695349184,1455.6701695349184,478.8162147186056
p63,b002645,8,0.3724155514144056,1455670.1695349184,1455.6701695349184,0.3724155514144056
p63,b002647,4,2.0193734925991293,230844.972823203,230.844972823203,2.0193734925991293
p63,b002647,5,91.20607798485037,294196.8424194549,294.19684241945487,93.2254514774495
p63,b002647,8,2.322100230723662,1455670.1695349184,1455.6701695349184,95.54755170817316
p63,b002647,11,34.76337359062005,2647143.4430617127,2647.143443061713,130.31092529879322
p63,b002687,0,8.906838213323931,20387.568418505747,20.387568418505747,8.906838213323931
p63,b002687,2,20.041312586527678,116549.41439949298,116.54941439949296,28.94815079985161
p63,b002687,8,0.3724155514143914,1455670.1695349184,1455.6701695349184,29.320566351266
p63,b002716,0,1.1581735161802088e-13,20387.568418505747,20.387568418505747,1.1581735161802088e-13
p63,b002716,2,2.350949196812096,116549.41439949298,116.54941439949296,2.350949196812212
p63,b002716,5,3.6126488888474304,294196.8424194549,294.19684241945487,5.963598085659642
p63,b002716,6,3.339158297691626,401464.1098962409,401.4641098962409,9.302756383351268
p63,b002716,7,0.7250344530565479,558476.2277283575,558.4762277283576,10.027790836407815
p63,b002716,8,0.9219045408870108,1455670.1695349184,1455.6701695349184,10.949695377294827
p63,b002716,11,23.55267876272212,2647143.4430617127,2647.143443061713,34.50237414001695
p63,b002716,12,0.0256913331103944,13324546.040327424,13324.546040327425,34.52806547312734
p63,b002734,0,22.82624806357192,20387.568418505747,20.387568418505747,22.82624806357192
p63,b002734,1,411.5438862816086,68201.60623169896,68.20160623169896,434.37013434518053
p63,b002734,4,52.44714160010835,230844.972823203,230.844972823203,486.8172759452889
p63,b002734,8,0.3724155514144056,1455670.1695349184,1455.6701695349184,487.1896914967033
p63,b002734,9,2.0410062776361984,1546788.41881199,1546.78841881199,489.2306977743395
p63,b002734,11,99.78054283468182,2647143.4430617127,2647.143443061713,589.0112406090213
p63,b002863,5,215.0419104598334,294196.8424194549,294.19684241945487,215.0419104598334
p63,b002863,6,18.95808954016661,401464.1098962409,401.4641098962409,234.0
p63,b002876,0,53.61163783470023,20387.568418505747,20.387568418505747,53.61163783470023
p63,b002876,8,0.3724155514144056,1455670.1695349184,1455.6701695349184,53.98405338611464
p63,b002998,0,12.296476338488022,20387.568418505747,20.387568418505747,12.296476338488022
p63,b002998,8,0.3724155514143914,1455670.1695349184,1455.6701695349184,12.668891889902413
p63,b002998,11,0.540327178474399,2647143.4430617127,2647.143443061713,13.209219068376813
p63,b002998,12,0.2355297169208186,13324546.040327424,13324.546040327425,13.44474878529763
p63,b003048,0,54.0,20387.568418505747,20.387568418505747,54.0
p63,b003176,0,38.859262710708464,20387.568418505747,20.387568418505747,38.859262710708464
p63,b003176,7,2.6844330106885086,558476.2277283575,558.4762277283576,41.54369572139697
p63,b003176,8,0.3724155514143914,1455670.1695349184,1455.6701695349184,41.916111272811364
p63,b003176,11,6.10157680972255,2647143.4430617127,2647.143443061713,48.017688082533915
p63,b003176,12,11.982311917466086,13324546.040327424,13324.546040327425,60.0
p63,b003190,8,0.3724155514144056,1455670.1695349184,1455.6701695349184,0.3724155514144056
p63,b003200,2,1.3675900924156537,116549.41439949298,116.54941439949296,1.3675900924156537
p63,b003200,4,4.455273151653572,230844.972823203,230.844972823203,5.822863244069226
p63,b003200,8,0.3724155514144056,1455670.1695349184,1455.6701695349184,6.195278795483632
p63,b003200,10,5.631940203330855,1798049.4042675337,1798.0494042675336,11.827218998814487
p63,b003200,11,1.75666287412244,2647143.4430617127,2647.143443061713,13.583881872936928
p63,b003237,0,28.722207972204146,20387.568418505747,20.387568418505747,28.722207972204146
p63,b003237,1,143.8439925540477,68201.60623169896,68.20160623169896,172.56620052625186
p63,b003237,2,11.677369962295614,116549.41439949298,116.54941439949296,184.24357048854748
p63,b003237,4,156.62349216076694,230844.972823203,230.844972823203,340.86706264931445
p63,b003237,7,55.548872619314366,558476.2277283575,558.4762277283576,396.4159352686288
p63,b003237,8,2.8449762252152464,1455670.1695349184,1455.6701695349184,399.26091149384405
p63,b003296,0,24.8848135456407,20387.568418505747,20.387568418505747,24.8848135456407
p63,b003296,1,4.394544143521355,68201.60623169896,68.20160623169896,29.279357689162055
p63,b003296,8,0.3724155514143914,1455670.1695349184,1455.6701695349184,29.651773240576446
p63,b003296,11,0.9112163710311766,2647143.4430617127,2647.143443061713,30.562989611607623
p63,b003296,12,2.1456098645032338,13324546.040327424,13324.546040327425,32.708599476110855
p63,b003316,8,0.3724155514144056,1455670.1695349184,1455.6701695349184,0.3724155514144056
p63,b003419,0,106.86183223850608,20387.568418505747,20.387568418505747,106.86183223850608
p63,b003419,1,36.46423605187482,68201.60623169896,68.20160623169896,143.3260682903809
p63,b003419,8,15.21420248386186,1455670.1695349184,1455.6701695349184,158.54027077424277
p63,b003419,9,34.32618463684873,1546788.41881199,1546.78841881199,192.8664554110915
p63,b003419,11,0.0341175773684199,2647143.4430617127,2647.143443061713,192.9005729884599
p63,b003419,12,0.650136814834836,13324546.040327424,13324.546040327425,193.55070980329475
p63,b003452,0,84.70066264756272,20387.568418505747,20.387568418505747,84.70066264756272
p63,b003452,1,5.064333145548176,68201.60623169896,68.20160623169896,89.7649957931109
p63,b003452,2,102.5538174976466,116549.41439949298,116.54941439949296,192.3188132907575
p63,b003452,4,207.3035788206077,230844.972823203,230.844972823203,399.62239211136523
p63,b003452,5,121.74381844017309,294196.8424194549,294.19684241945487,521.3662105515383
p63,b003452,8,0.3724155514144056,1455670.1695349184,1455.6701695349184,521.7386261029527
p63,b003554,2,41.6895867688265,116549.41439949298,116.54941439949296,41.6895867688265
p63,b003554,4,16.512988948531444,230844.972823203,230.844972823203,58.202575717357945
p63,b003554,8,0.3724155514144056,1455670.1695349184,1455.6701695349184,58.57499126877235
p63,b003554,9,6.424139014004933,1546788.41881199,1546.78841881199,64.99913028277729
p63,b003554,11,77.84419357760046,2647143.4430617127,2647.143443061713,142.84332386037775
p63,b003554,12,10.116413188411032,13324546.040327424,13324.546040327425,152.95973704878878
p63,b003564,8,51.59749228942657,1455670.1695349184,1455.6701695349184,51.59749228942657
p63,b003564,9,8.316912639932719,1546788.41881199,1546.78841881199,59.914404929359286
p63,b003564,11,0.0358543855693085,2647143.4430617127,2647.143443061713,59.950259314928594
p63,b003596,2,83.07487865820673,116549.41439949298,116.54941439949296,83.07487865820673
p63,b003596,8,0.3724155514143914,1455670.1695349184,1455.6701695349184,83.44729420962112
p63,b003747,2,34.52916357544992,116549.41439949298,116.54941439949296,34.52916357544992
p63,b003747,4,26.097209932370543,230844.972823203,230.844972823203,60.62637350782046
p63,b003747,8,0.3724155514143914,1455670.1695349184,1455.6701695349184,60.99878905923485
p63,b003747,11,9.467428699045405,2647143.4430617127,2647.143443061713,70.46621775828027
p63,b003754,4,212.57408958863945,230844.972823203,230.844972823203,212.57408958863945
p63,b003754,6,325.24365753215847,401464.1098962409,401.4641098962409,537.8177471207979
p63,b003754,7,120.26982301985234,558476.2277283575,558.4762277283576,658.0875701406503
p63,b003754,8,94.6608617040169,1455670.1695349184,1455.6701695349184,752.7484318446672
p63,b003765,2,67.55856711919724,116549.41439949298,116.54941439949296,67.55856711919724
p63,b003765,4,41.55076204669282,230844.972823203,230.844972823203,109.10932916589005
p63,b003765,8,0.3724155514143914,1455670.1695349184,1455.6701695349184,109.48174471730444
p63,b003770,0,14.031261348652787,20387.568418505747,20.387568418505747,14.031261348652787
p63,b003770,6,23.60653878927445,401464.1098962409,401.4641098962409,37.637800137927236
p63,b003770,8,0.3724155514143914,1455670.1695349184,1455.6701695349184,38.01021568934163
p63,b003871,7,28.064457278053943,558476.2277283575,558.4762277283576,28.064457278053943
p63,b003871,8,0.3724155514144056,1455670.1695349184,1455.6701695349184,28.43687282946835
p63,b003892,6,25.3270666435996,401464.1098962409,401.4641098962409,25.3270666435996
p63,b003892,8,0.3724155514144056,1455670.1695349184,1455.6701695349184,25.699482195014006
p63,b003892,11,43.98362838052434,2647143.4430617127,2647.143443061713,69.68311057553834
p63,b003892,12,0.0017114902198045,13324546.040327424,13324.546040327425,69.68482206575814
p63,b003906,0,17.933019074673997,20387.568418505747,20.387568418505747,17.933019074673997
p63,b003906,2,913.2155375487936,116549.41439949298,116.54941439949296,931.1485566234676
p63,b003906,8,0.3724155514144056,1455670.1695349184,1455.6701695349184,931.520972174882
p63,b003908,2,31.118042608065306,116549.41439949298,116.54941439949296,31.118042608065306
p63,b003908,8,0.3724155514143914,1455670.1695349184,1455.6701695349184,31.490458159479697
p63,b003970,1,88.58460854000865,68201.60623169896,68.20160623169896,88.58460854000865
p63,b003970,7,32.35767511828812,558476.2277283575,558.4762277283576,120.94228365829676
p63,b003970,8,5.298954983244582,1455670.1695349184,1455.6701695349184,126.24123864154134
p63,b003970,9,12.215794082876153,1546788.41881199,1546.78841881199,138.4570327244175
p63,b003970,11,15.87233798833628,2647143.4430617127,2647.143443061713,154.32937071275379
p63,b003973,2,0.5482199303313646,116549.41439949298,116.54941439949296,0.5482199303313646
p63,b003973,4,0.5322825267904137,230844.972823203,230.844972823203,1.0805024571217783
p63,b003973,8,13.851241999832204,1455670.1695349184,1455.6701695349184,14.931744456953982
p63,b003973,10,0.1019492149991307,1798049.4042675337,1798.0494042675336,15.033693671953113
p63,b003973,12,3.190446568801511e-05,13324546.040327424,13324.546040327425,15.033725576418801
p63,b004090,8,0.3724155514144056,1455670.1695349184,1455.6701695349184,0.3724155514144056
p63,b004215,0,70.26051385671698,20387.568418505747,20.387568418505747,70.26051385671698
p63,b004215,4,76.98430395957755,230844.972823203,230.844972823203,147.24481781629453
p63,b004215,7,110.75518218370547,558476.2277283575,558.4762277283576,258.0
p63,b004288,0,16.258010692767172,20387.568418505747,20.387568418505747,16.258010692767172
p63,b004288,3,26.529427078782177,199815.4148822716,199.8154148822716,42.78743777154935
p63,b004288,4,3.367324034691862,230844.972823203,230.844972823203,46.15476180624121
p63,b004288,8,0.3724155514143914,1455670.1695349184,1455.6701695349184,46.5271773576556
p63,b004288,12,0.0639494077623224,13324546.040327424,13324.546040327425,46.591126765417926
p63,b004290,0,274.9228941103239,20387.568418505747,20.387568418505747,274.9228941103239
p63,b004290,8,30.129689212353,1455670.1695349184,1455.6701695349184,305.0525833226769
p63,b004290,9,0.3032594460552216,1546788.41881199,1546.78841881199,305.35584276873215
p63,b004290,11,97.38493135010262,2647143.4430617127,2647.143443061713,402.74077411883474
p63,b004290,12,1.0056526996061708,13324546.040327424,13324.546040327425,403.7464268184409
p63,b004852,8,52.06401678959281,1455670.1695349184,1455.6701695349184,52.06401678959281
p63,b004852,9,16.906349847271134,1546788.41881199,1546.78841881199,68.97036663686394
p63,b004852,11,12.392053082952682,2647143.4430617127,2647.143443061713,81.36241971981663
p63,b004852,12,0.4064013559305966,13324546.040327424,13324.546040327425,81.76882107574723
p63,b004878,0,3.514231542051981,20387.568418505747,20.387568418505747,3.514231542051981
p63,b004878,8,1.836250345411172,1455670.1695349184,1455.6701695349184,5.350481887463153
p63,b004887,0,7.307480926180809,20387.568418505747,20.387568418505747,7.307480926180809
p63,b004887,7,3.575229403784716,558476.2277283575,558.4762277283576,10.882710329965526
p63,b004887,8,0.3724155514143914,1455670.1695349184,1455.6701695349184,11.255125881379916
p63,b004887,12,0.0058441030639926,13324546.040327424,13324.546040327425,11.260969984443909
p63,b005050,0,37.90260102202703,20387.568418505747,20.387568418505747,37.90260102202703
p63,b005050,8,0.3724155514144056,1455670.1695349184,1455.6701695349184,38.275016573441434
p63,b005050,12,0.1182747342963065,13324546.040327424,13324.546040327425,38.39329130773774
p63,b005231,0,21.457377856086435,20387.568418505747,20.387568418505747,21.457377856086435
p63,b005231,7,0.3107285599385641,558476.2277283575,558.4762277283576,21.768106416025
p63,b005231,8,0.3724155514143914,1455670.1695349184,1455.6701695349184,22.14052196743939
p63,b005291,1,9.365135768332932,68201.60623169896,68.20160623169896,9.365135768332932
p63,b005291,8,0.3724155514143914,1455670.1695349184,1455.6701695349184,9.737551319747324
p63,b005311,4,0.0497624788373824,230844.972823203,230.844972823203,0.0497624788373824
p63,b005311,8,0.3724155514143921,1455670.1695349184,1455.6701695349184,0.42217803025177447
p63,b005311,12,0.6995904773202999,13324546.040327424,13324.546040327425,1.1217685075720745
p63,b005360,2,7.362459930060119,116549.41439949298,116.54941439949296,7.362459930060119
p63,b005360,7,5.653814187805961,558476.2277283575,558.4762277283576,13.016274117866079
p63,b005360,8,0.3724155514143914,1455670.1695349184,1455.6701695349184,13.38868966928047
p63,b005403,0,92.77390992188704,20387.568418505747,20.387568418505747,92.77390992188704
p63,b005403,8,0.3724155514144056,1455670.1695349184,1455.6701695349184,93.14632547330145
p63,b005403,9,22.14005789382644,1546788.41881199,1546.78841881199,115.28638336712788
p63,b005403,11,88.18556045451041,2647143.4430617127,2647.143443061713,203.4719438216383
p63,b005515,0,114.10192169829932,20387.568418505747,20.387568418505747,114.10192169829932
p63,b005515,8,0.3724155514143914,1455670.1695349184,1455.6701695349184,114.47433724971371
p63,b006344,0,20.701588895643027,20387.568418505747,20.387568418505747,20.701588895643027
p63,b006344,8,0.3724155514143914,1455670.1695349184,1455.6701695349184,21.07400444705742
p63,b006376,0,22.01253683949896,20387.568418505747,20.387568418505747,22.01253683949896
p63,b006376,4,3.441943767573001,230844.972823203,230.844972823203,25.45448060707196
p63,b006376,8,0.3724155514143914,1455670.1695349184,1455.6701695349184,25.826896158486353
p63,b006464,0,42.52788807783964,20387.568418505747,20.387568418505747,42.52788807783964
p63,b006464,4,76.71541168385352,230844.972823203,230.844972823203,119.24329976169315
p63,b006464,5,4.59823647229787,294196.8424194549,294.19684241945487,123.84153623399102
p63,b006464,8,0.3724155514143914,1455670.1695349184,1455.6701695349184,124.21395178540541
p64,b000004,0,2.342540685907144,70269.89612243141,70.2698961224314,2.342540685907144
p64,b000004,1,0.6319672567909632,126871.39856748616,126.87139856748615,2.974507942698107
p64,b000004,2,203.3555963699729,167099.68744168425,167.09968744168424,206.33010431267098
p64,b000004,5,4.208468071677032,522069.0470709545,522.0690470709545,210.53857238434802
p64,b000004,6,168.37952252754033,1132032.6033321342,1132.0326033321342,378.9180949118884
p64,b000004,7,41.081905088111654,1720539.6415127672,1720.5396415127673,420.0
p64,b000500,5,4.208468071677039,522069.0470709545,522.0690470709545,4.208468071677039
p64,b000500,6,4.890538055440816,1132032.6033321342,1132.0326033321342,9.099006127117855
p64,b000500,7,142.1903980369056,1720539.6415127672,1720.5396415127673,151.28940416402347
p64,b000557,0,188.35512319754392,70269.89612243141,70.2698961224314,188.35512319754392
p64,b000557,5,4.208468071677032,522069.0470709545,522.0690470709545,192.56359126922095
p64,b000557,6,4.89053805544083,1132032.6033321342,1132.0326033321342,197.45412932466178
p64,b000557,7,3.3151415538000903,1720539.6415127672,1720.5396415127673,200.76927087846187
p64,b000633,0,30.98233492170697,70269.89612243141,70.2698961224314,30.98233492170697
p64,b000633,5,4.208468071677039,522069.0470709545,522.0690470709545,35.19080299338401
p64,b000633,6,4.890538055440816,1132032.6033321342,1132.0326033321342,40.081341048824825
p64,b000633,7,3.315141553800055,1720539.6415127672,1720.5396415127673,43.39648260262488
p64,b000805,0,47.8862248307687,70269.89612243141,70.2698961224314,47.8862248307687
p64,b000805,1,0.8680700565692236,126871.39856748616,126.87139856748615,48.75429488733792
p64,b000805,5,21.55172554568944,522069.0470709545,522.0690470709545,70.30602043302736
p64,b000805,6,56.54793357451496,1132032.6033321342,1132.0326033321342,126.85395400754231
p64,b000805,7,3.315141553800005,1720539.6415127672,1720.5396415127673,130.16909556134232
p64,b000882,5,4.208468071677032,522069.0470709545,522.0690470709545,4.208468071677032
p64,b000882,6,4.89053805544083,1132032.6033321342,1132.0326033321342,9.099006127117862
p64,b000882,7,3.3151415538000903,1720539.6415127672,1720.5396415127673,12.414147680917953
p64,b001041,2,73.84588083547432,167099.68744168425,167.09968744168424,73.84588083547432
p64,b001041,5,83.31211065463684,522069.0470709545,522.0690470709545,157.15799149011116
p64,b001041,6,39.462133555562005,1132032.6033321342,1132.0326033321342,196.62012504567315
p64,b001041,7,3.3151415538000903,1720539.6415127672,1720.5396415127673,199.93526659947327
p64,b001116,1,54.067719608007806,126871.39856748616,126.87139856748615,54.067719608007806
p64,b001116,5,946.223387658596,522069.0470709545,522.0690470709545,1000.2911072666038
p64,b001116,6,374.1326738987584,1132032.6033321342,1132.0326033321342,1374.4237811653622
p64,b001116,7,693.8790118138817,1720539.6415127672,1720.5396415127673,2068.302792979244
p64,b001116,8,0.8959745985957933,4900635.120070053,4900.635120070053,2069.1987675778396
p64,b001116,9,1.8314224820305716,9498389.66480066,9498.38966480066,2071.03019005987
p64,b001232,5,4.208468071677039,522069.0470709545,522.0690470709545,4.208468071677039
p64,b001232,6,4.890538055440812,1132032.6033321342,1132.0326033321342,9.099006127117852
p64,b001232,7,3.315141553800062,1720539.6415127672,1720.5396415127673,12.414147680917914
p64,b001410,5,4.208468071677039,522069.0470709545,522.0690470709545,4.208468071677039
p64,b001410,6,119.04914214213213,1132032.6033321342,1132.0326033321342,123.25761021380916
p64,b001410,7,3.3151415538000903,1720539.6415127672,1720.5396415127673,126.57275176760925
p64,b001573,0,186.0,70269.89612243141,70.2698961224314,186.0
p64,b001679,5,4.208468071677032,522069.0470709545,522.0690470709545,4.208468071677032
p64,b001679,6,4.89053805544083,1132032.6033321342,1132.0326033321342,9.099006127117862
p64,b001679,7,8.575786164578236,1720539.6415127672,1720.5396415127673,17.6747922916961
p64,b001989,5,4.208468071677032,522069.0470709545,522.0690470709545,4.208468071677032
p64,b001989,6,4.890538055440802,1132032.6033321342,1132.0326033321342,9.099006127117834
p64,b001989,7,5.9103911871576456,1720539.6415127672,1720.5396415127673,15.009397314275478
p64,b002140,5,11.438705821805565,522069.0470709545,522.0690470709545,11.438705821805565
p64,b002140,6,7.469244304480297,1132032.6033321342,1132.0326033321342,18.90795012628586
p64,b002140,7,3.8449354860040312,1720539.6415127672,1720.5396415127673,22.752885612289894
p64,b002168,0,840.0423842671337,70269.89612243141,70.2698961224314,840.0423842671337
p64,b002168,1,167.95761573286632,126871.39856748616,126.87139856748615,1008.0
p64,b002172,5,4.208468071677089,522069.0470709545,522.0690470709545,4.208468071677089
p64,b002172,6,10.288405925767853,1132032.6033321342,1132.0326033321342,14.496873997444942
p64,b002172,7,3.3151415538001188,1720539.6415127672,1720.5396415127673,17.81201555124506
p64,b002328,0,171.0448462112654,70269.89612243141,70.2698961224314,171.0448462112654
p64,b002328,1,302.3581876184854,126871.39856748616,126.87139856748615,473.40303382975077
p64,b002328,5,29.811769911941155,522069.0470709545,522.0690470709545,503.2148037416919
p64,b002328,6,308.98042707850266,1132032.6033321342,1132.0326033321342,812.1952308201946
p64,b002328,7,3.315141553800005,1720539.6415127672,1720.5396415127673,815.5103723739946
p64,b002343,5,4.208468071677039,522069.0470709545,522.0690470709545,4.208468071677039
p64,b002343,6,33.90705747520579,1132032.6033321342,1132.0326033321342,38.11552554688283
p64,b002343,7,3.315141553800055,1720539.6415127672,1720.5396415127673,41.43066710068288
p64,b002670,2,11.32562841802752,167099.68744168425,167.09968744168424,11.32562841802752
p64,b002670,5,4.2084680716770375,522069.0470709545,522.0690470709545,15.534096489704558
p64,b002670,6,4.890538055440814,1132032.6033321342,1132.0326033321342,20.424634545145373
p64,b002670,7,3.315141553800062,1720539.6415127672,1720.5396415127673,23.739776098945434
p64,b002725,5,4.208468071677039,522069.0470709545,522.0690470709545,4.208468071677039
p64,b002725,6,4.890538055440812,1132032.6033321342,1132.0326033321342,9.099006127117852
p64,b002725,7,3.315141553800062,1720539.6415127672,1720.5396415127673,12.414147680917914
p64,b003498,0,71.93028107008388,70269.89612243141,70.2698961224314,71.93028107008388
p64,b003498,5,4.208468071677032,522069.0470709545,522.0690470709545,76.13874914176091
p64,b003498,6,4.89053805544083,1132032.6033321342,1132.0326033321342,81.02928719720174
p64,b003498,7,3.3151415538000903,1720539.6415127672,1720.5396415127673,84.34442875100183
p64,b003622,0,231.87895651883613,70269.89612243141,70.2698961224314,231.87895651883613
p64,b003622,1,141.9703097392827,126871.39856748616,126.87139856748615,373.84926625811886
p64,b003622,2,37.858986758865,167099.68744168425,167.09968744168424,411.7082530169838
p64,b003622,3,540.2983885852665,172015.74241795603,172.01574241795603,952.0066416022503
p64,b003622,5,13.993358397749603,522069.0470709545,522.0690470709545,965.9999999999999
p64,b003758,5,4.208468071677032,522069.0470709545,522.0690470709545,4.208468071677032
p64,b003758,6,4.89053805544083,1132032.6033321342,1132.0326033321342,9.099006127117862
p64,b003758,7,3.3151415538000903,1720539.6415127672,1720.5396415127673,12.414147680917953
p64,b004409,1,15.6312405693525,126871.39856748616,126.87139856748615,15.6312405693525
p64,b004409,3,0.9521316867137626,172015.74241795603,172.01574241795603,16.583372256066262
p64,b004409,5,135.51448351367213,522069.0470709545,522.0690470709545,152.0978557697384
p64,b004409,6,4.89053805544083,1132032.6033321342,1132.0326033321342,156.98839382517923
p64,b004409,7,11.580136163656482,1720539.6415127672,1720.5396415127673,168.5685299888357
p64,b004439,3,31.89648284056772,172015.74241795603,172.01574241795603,31.89648284056772
p64,b004439,4,0.8513738493917344,305669.0541633304,305.66905416333043,32.747856689959455
p64,b004439,5,190.56217600305752,522069.0470709545,522.0690470709545,223.31003269301698
p64,b004439,6,4.890538055440745,1132032.6033321342,1132.0326033321342,228.20057074845772
p64,b004439,7,131.12572860849144,1720539.6415127672,1720.5396415127673,359.32629935694916
p64,b004439,8,1.6694518334160344,4900635.120070053,4900.635120070053,360.9957511903652
p64,b004439,9,0.2883529037175087,9498389.66480066,9498.38966480066,361.2841040940827
p64,b004441,5,175.66961279086905,522069.0470709545,522.0690470709545,175.66961279086905
p64,b004441,6,4.89053805544083,1132032.6033321342,1132.0326033321342,180.56015084630988
p64,b004441,7,3.3151415538000903,1720539.6415127672,1720.5396415127673,183.87529240010997
p64,b004442,5,4.208468071677089,522069.0470709545,522.0690470709545,4.208468071677089
p64,b004442,6,4.890538055440745,1132032.6033321342,1132.0326033321342,9.099006127117834
p64,b004442,7,3.3151415538001188,1720539.6415127672,1720.5396415127673,12.414147680917953
p64,b004487,5,4.208468071677032,522069.0470709545,522.0690470709545,4.208468071677032
p64,b004487,6,4.89053805544083,1132032.6033321342,1132.0326033321342,9.099006127117862
p64,b004487,7,3.3151415538000903,1720539.6415127672,1720.5396415127673,12.414147680917953
p64,b004518,1,1.2346097585363394,126871.39856748616,126.87139856748615,1.2346097585363394
p64,b004518,2,0.3932659724099696,167099.68744168425,167.09968744168424,1.627875730946309
p64,b004518,5,236.57547381690725,522069.0470709545,522.0690470709545,238.20334954785355
p64,b004518,6,4.89053805544083,1132032.6033321342,1132.0326033321342,243.09388760329438
p64,b004518,7,3.3151415538000903,1720539.6415127672,1720.5396415127673,246.40902915709447
p64,b004550,5,4.208468071677039,522069.0470709545,522.0690470709545,4.208468071677039
p64,b004550,6,4.890538055440809,1132032.6033321342,1132.0326033321342,9.099006127117848
p64,b004550,7,3.742561375264332,1720539.6415127672,1720.5396415127673,12.84156750238218
p64,b004553,5,444.60906505584506,522069.0470709545,522.0690470709545,444.60906505584506
p64,b004553,6,4.890538055440802,1132032.6033321342,1132.0326033321342,449.49960311128586
p64,b004553,7,42.500396888714135,1720539.6415127672,1720.5396415127673,492.0
p64,b004577,5,4.208468071677039,522069.0470709545,522.0690470709545,4.208468071677039
p64,b004577,6,4.890538055440823,1132032.6033321342,1132.0326033321342,9.099006127117862
p64,b004577,7,4.303405777599936,1720539.6415127672,1720.5396415127673,13.402411904717798
p64,b004579,5,630.0,522069.0470709545,522.0690470709545,630.0
p64,b005093,0,135.71121720152246,70269.89612243141,70.2698961224314,135.71121720152246
p64,b005093,5,44.28878279847754,522069.0470709545,522.0690470709545,180.0
p64,b005131,5,4.208468071677032,522069.0470709545,522.0690470709545,4.208468071677032
p64,b005131,6,4.89053805544083,1132032.6033321342,1132.0326033321342,9.099006127117862
p64,b005131,7,3.3151415538000903,1720539.6415127672,1720.5396415127673,12.414147680917953
p64,b005158,1,7.227093143964824,126871.39856748616,126.87139856748615,7.227093143964824
p64,b005158,2,8.826608332786122,167099.68744168425,167.09968744168424,16.053701476750945
p64,b005158,5,5.318417140698273,522069.0470709545,522.0690470709545,21.372118617449217
p64,b005158,6,4.89053805544083,1132032.6033321342,1132.0326033321342,26.26265667289005
p64,b005158,7,5.343886888524483,1720539.6415127672,1720.5396415127673,31.606543561414533
p65,b000116,0,20.527587599990976,87126.24056457024,87.12624056457024,20.527587599990976
p65,b000116,1,12.77512539132725,386709.3485846288,386.70934858462886,33.30271299131823
p65,b000116,4,2.511515607038078,850826.0148314171,850.8260148314171,35.81422859835631
p65,b000116,9,0.0005527425091713,592493900.1357234,592493.9001357234,35.81478134086548
p65,b000135,4,2.511515607038064,850826.0148314171,850.8260148314171,2.511515607038064
p65,b000135,6,1.2013598764318438,12701744.787430378,12701.744787430378,3.712875483469908
p65,b000135,7,0.1029230977132985,65389378.92766315,65389.37892766315,3.8157985811832065
p65,b000135,8,0.1928507342697205,93945333.0153954,93945.3330153954,4.008649315452927
p65,b000135,9,0.0005527425091713,592493900.1357234,592493.9001357234,4.009202057962098
p65,b000137,3,2.5567064967706115,587658.3454957609,587.658345495761,2.5567064967706115
p65,b000137,4,2.511515607038074,850826.0148314171,850.8260148314171,5.068222103808686
p65,b000137,9,0.0005527425091713,592493900.1357234,592493.9001357234,5.068774846317857
p65,b000195,1,5.360197193877349,386709.3485846288,386.70934858462886,5.360197193877349
p65,b000195,4,2.511515607038074,850826.0148314171,850.8260148314171,7.871712800915423
p65,b000195,5,13.261210560709856,2727482.2248781426,2727.4822248781425,21.13292336162528
p65,b000195,7,0.9952282729821396,65389378.92766315,65389.37892766315,22.12815163460742
p65,b000195,9,0.0005527425091713,592493900.1357234,592493.9001357234,22.12870437711659
p65,b000354,1,8.493471487179688,386709.3485846288,386.70934858462886,8.493471487179688
p65,b000354,4,2.511515607038074,850826.0148314171,850.8260148314171,11.004987094217762
p65,b000354,9,0.0005527425091713,592493900.1357234,592493.9001357234,11.005539836726934
p65,b000368,0,74.37755014964016,87126.24056457024,87.12624056457024,74.37755014964016
p65,b000368,1,8.343333410974083,386709.3485846288,386.70934858462886,82.72088356061424
p65,b000368,4,2.511515607038064,850826.0148314171,850.8260148314171,85.2323991676523
p65,b000368,5,94.7676008323477,2727482.2248781426,2727.4822248781425,180.0
p65,b000476,1,0.3108216556902055,386709.3485846288,386.70934858462886,0.3108216556902055
p65,b000476,3,48.80227425845674,587658.3454957609,587.658345495761,49.113095914146946
p65,b000476,4,2.511515607038071,850826.0148314171,850.8260148314171,51.62461152118502
p65,b000476,9,0.0005527425091713,592493900.1357234,592493.9001357234,51.62516426369419
p65,b000490,4,4.359648003509755,850826.0148314171,850.8260148314171,4.359648003509755
p65,b000490,9,0.0005527425091713,592493900.1357234,592493.9001357234,4.3602007460189265
p65,b000533,4,2.511515607038064,850826.0148314171,850.8260148314171,2.511515607038064
p65,b000533,9,0.0005527425091713,592493900.1357234,592493.9001357234,2.5120683495472353
p65,b000550,0,18.163823988870323,87126.24056457024,87.12624056457024,18.163823988870323
p65,b000550,3,7.059607041599442,587658.3454957609,587.658345495761,25.223431030469765
p65,b000550,4,19.16562797409245,850826.0148314171,850.8260148314171,44.38905900456221
p65,b000550,5,14.970497522797986,2727482.2248781426,2727.4822248781425,59.3595565273602
p65,b000550,9,0.0015266316930606,592493900.1357234,592493.9001357234,59.36108315905326
p65,b000850,3,2.7923947172324195e-15,587658.3454957609,587.658345495761,2.7923947172324195e-15
p65,b000850,4,2.511515607038074,850826.0148314171,850.8260148314171,2.511515607038077
p65,b000850,9,0.0005527425091713,592493900.1357234,592493.9001357234,2.5120683495472482
p65,b000898,0,19.17369476707699,87126.24056457024,87.12624056457024,19.17369476707699
p65,b000898,1,2.7543347315468054,386709.3485846288,386.70934858462886,21.928029498623797
p65,b000898,2,190.62961790874624,479982.2715296541,479.9822715296541,212.55764740737004
p65,b000898,3,510.7130770874302,587658.3454957609,587.658345495761,723.2707244948002
p65,b000898,4,2.511515607038064,850826.0148314171,850.8260148314171,725.7822401018383
p65,b000898,9,0.0005527425091713,592493900.1357234,592493.9001357234,725.7827928443475
p65,b001010,1,0.6955643767383953,386709.3485846288,386.70934858462886,0.6955643767383953
p65,b001010,3,32.70482817129308,587658.3454957609,587.658345495761,33.400392548031476
p65,b001010,4,2.511515607038078,850826.0148314171,850.8260148314171,35.911908155069554
p65,b001010,9,0.0005527425091713,592493900.1357234,592493.9001357234,35.912460897578725
p65,b001108,4,2.511515607038064,850826.0148314171,850.8260148314171,2.511515607038064
p65,b001108,9,0.0005527425091713,592493900.1357234,592493.9001357234,2.5120683495472353
p65,b001148,4,2.511515607038074,850826.0148314171,850.8260148314171,2.511515607038074
p65,b001148,9,0.0005527425091713,592493900.1357234,592493.9001357234,2.5120683495472456
p65,b001157,4,2.511515607038078,850826.0148314171,850.8260148314171,2.511515607038078
p65,b001157,5,1.4637037610147412,2727482.2248781426,2727.4822248781425,3.9752193680528194
p65,b001157,7,0.31329356780062,65389378.92766315,65389.37892766315,4.288512935853439
p65,b001157,9,0.0005527425091713,592493900.1357234,592493.9001357234,4.28906567836261
p65,b001222,1,3.430580968732727,386709.3485846288,386.70934858462886,3.430580968732727
p65,b001222,3,84.63153403095862,587658.3454957609,587.658345495761,88.06211499969135
p65,b001222,4,109.93788500030865,850826.0148314171,850.8260148314171,198.0
p65,b001256,0,0.4808120437965545,87126.24056457024,87.12624056457024,0.4808120437965545
p65,b001256,1,101.51918795620344,386709.3485846288,386.70934858462886,102.0
p65,b001569,4,2.511515607038064,850826.0148314171,850.8260148314171,2.511515607038064
p65,b001569,9,0.0005527425091713,592493900.1357234,592493.9001357234,2.5120683495472353
p65,b001794,4,2.511515607038064,850826.0148314171,850.8260148314171,2.511515607038064
p65,b001794,9,0.0005527425091713,592493900.1357234,592493.9001357234,2.5120683495472353
p65,b001802,4,2.511515607038064,850826.0148314171,850.8260148314171,2.511515607038064
p65,b001802,9,0.0005527425091713,592493900.1357234,592493.9001357234,2.5120683495472353
p65,b001836,0,3.523155515082606,87126.24056457024,87.12624056457024,3.523155515082606
p65,b001836,1,1184.4768444849174,386709.3485846288,386.70934858462886,1188.0
p65,b001868,1,3.385905621393442,386709.3485846288,386.70934858462886,3.385905621393442
p65,b001868,4,2.511515607038074,850826.0148314171,850.8260148314171,5.897421228431517
p65,b001868,9,0.0005527425091713,592493900.1357234,592493.9001357234,5.897973970940687
p65,b002029,4,2.511515607038078,850826.0148314171,850.8260148314171,2.511515607038078
p65,b002029,9,0.0005527425091713,592493900.1357234,592493.9001357234,2.5120683495472496
p65,b002245,2,25.343965917522265,479982.2715296541,479.9822715296541,25.343965917522265
p65,b002245,4,2.511515607038074,850826.0148314171,850.8260148314171,27.85548152456034
p65,b002245,9,0.0005527425091713,592493900.1357234,592493.9001357234,27.85603426706951
p65,b002368,1,21.773558162966992,386709.3485846288,386.70934858462886,21.773558162966992
p65,b002368,3,27.12895499977992,587658.3454957609,587.658345495761,48.902513162746914
p65,b002368,4,35.097486837253086,850826.0148314171,850.8260148314171,84.0
p65,b002582,0,16.22103831035003,87126.24056457024,87.12624056457024,16.22103831035003
p65,b002582,1,9.457234045855984,386709.3485846288,386.70934858462886,25.678272356206012
p65,b002582,4,2.511515607038074,850826.0148314171,850.8260148314171,28.189787963244086
p65,b002582,9,0.0005527425091713,592493900.1357234,592493.9001357234,28.190340705753258
p65,b002661,4,2.511515607038064,850826.0148314171,850.8260148314171,2.511515607038064
p65,b002661,9,0.0005527425091713,592493900.1357234,592493.9001357234,2.5120683495472353
p65,b002692,3,56.747097972310655,587658.3454957609,587.658345495761,56.747097972310655
p65,b002692,4,2.511515607038064,850826.0148314171,850.8260148314171,59.25861357934872
p65,b002692,9,0.0005527425091713,592493900.1357234,592493.9001357234,59.25916632185789
p65,b002918,3,3.824956758655361,587658.3454957609,587.658345495761,3.824956758655361
p65,b002918,4,2.511515607038064,850826.0148314171,850.8260148314171,6.3364723656934245
p65,b002918,9,0.0005527425091713,592493900.1357234,592493.9001357234,6.337025108202596
p65,b003106,4,3.729787671177342,850826.0148314171,850.8260148314171,3.729787671177342
p65,b003106,9,0.0005527425091713,592493900.1357234,592493.9001357234,3.7303404136865135
p65,b003178,2,52.89271723305441,479982.2715296541,479.9822715296541,52.89271723305441
p65,b003178,4,69.08752313176952,850826.0148314171,850.8260148314171,121.98024036482393
p65,b003178,5,22.4650120053169,2727482.2248781426,2727.4822248781425,144.44525237014082
p65,b003178,7,0.0077478425798742,65389378.92766315,65389.37892766315,144.4530002127207
p65,b003178,9,0.0005527425091713,592493900.1357234,592493.9001357234,144.45355295522987
p65,b003251,1,0.723330919024636,386709.3485846288,386.70934858462886,0.723330919024636
p65,b003251,3,79.3611105965007,587658.3454957609,587.658345495761,80.08444151552533
p65,b003251,4,2.511515607038078,850826.0148314171,850.8260148314171,82.5959571225634
p65,b003251,9,0.0005527425091713,592493900.1357234,592493.9001357234,82.59650986507258
p65,b003377,4,2.511515607038071,850826.0148314171,850.8260148314171,2.511515607038071
p65,b003377,5,267.508160396345,2727482.2248781426,2727.4822248781425,270.01967600338304
p65,b003377,9,0.0005527425091713,592493900.1357234,592493.9001357234,270.0202287458922
p65,b003399,1,42.52187354735834,386709.3485846288,386.70934858462886,42.52187354735834
p65,b003399,3,104.4526402677365,587658.3454957609,587.658345495761,146.97451381509484
p65,b003399,4,2.511515607038064,850826.0148314171,850.8260148314171,149.4860294221329
p65,b003399,9,0.0005527425091713,592493900.1357234,592493.9001357234,149.48658216464207
p65,b003545,0,2109.289832791743,87126.24056457024,87.12624056457024,2109.289832791743
p65,b003545,1,1005.232623033974,386709.3485846288,386.70934858462886,3114.522455825717
p65,b003545,3,113.47754417428314,587658.3454957609,587.658345495761,3228.0
p65,b003942,0,0.5113914391507847,87126.24056457024,87.12624056457024,0.5113914391507847
p65,b003942,4,2.511515607038078,850826.0148314171,850.8260148314171,3.022907046188863
p65,b003942,5,25.50678261457457,2727482.2248781426,2727.4822248781425,28.52968966076343
p65,b003942,6,0.1981888682460812,12701744.787430378,12701.744787430378,28.727878529009512
p65,b003942,7,0.1473278736989804,65389378.92766315,65389.37892766315,28.875206402708493
p65,b003942,8,0.0148595663052269,93945333.0153954,93945.3330153954,28.89006596901372
p65,b003942,9,0.0009293914231705,592493900.1357234,592493.9001357234,28.89099536043689
p65,b003968,0,84.13151873734391,87126.24056457024,87.12624056457024,84.13151873734391
p65,b003968,1,41.66706048225808,386709.3485846288,386.70934858462886,125.79857921960199
p65,b003968,4,2.511515607038064,850826.0148314171,850.8260148314171,128.31009482664007
p65,b003968,5,101.38180229164615,2727482.2248781426,2727.4822248781425,229.6918971182862
p65,b003968,9,0.0005527425091713,592493900.1357234,592493.9001357234,229.69244986079536
p65,b004079,0,41.2291645348726,87126.24056457024,87.12624056457024,41.2291645348726
p65,b004079,3,11.635972436387291,587658.3454957609,587.658345495761,52.86513697125989
p65,b004079,4,114.74379949754253,850826.0148314171,850.8260148314171,167.60893646880243
p65,b004079,5,1.2635940300231137,2727482.2248781426,2727.4822248781425,168.8725304988255
p65,b004079,7,0.1219668428988113,65389378.92766315,65389.37892766315,168.99449734172433
p65,b004079,8,0.0014633321521558,93945333.0153954,93945.3330153954,168.99596067387648
p65,b004079,9,0.0005538687790362,592493900.1357234,592493.9001357234,168.99651454265552
p65,b004120,4,2.511515607038078,850826.0148314171,850.8260148314171,2.511515607038078
p65,b004120,9,0.0005527425091713,592493900.1357234,592493.9001357234,2.5120683495472496
p65,b004158,1,73.04785133777835,386709.3485846288,386.70934858462886,73.04785133777835
p65,b004158,3,216.49689213893407,587658.3454957609,587.658345495761,289.5447434767124
p65,b004158,4,2.511515607038064,850826.0148314171,850.8260148314171,292.0562590837505
p65,b004158,5,59.01338459062036,2727482.2248781426,2727.4822248781425,351.06964367437087
p65,b004158,9,0.0005527425091713,592493900.1357234,592493.9001357234,351.07019641688004
p65,b004406,0,86.35916802305498,87126.24056457024,87.12624056457024,86.35916802305498
p65,b004406,1,1.2923762195815982,386709.3485846288,386.70934858462886,87.65154424263658
p65,b004406,3,5.873748443574812,587658.3454957609,587.658345495761,93.52529268621139
p65,b004406,4,219.6459427389377,850826.0148314171,850.8260148314171,313.17123542514906
p65,b004406,5,39.41545474993886,2727482.2248781426,2727.4822248781425,352.58669017508794
p65,b004406,7,0.1960278941733074,65389378.92766315,65389.37892766315,352.78271806926125
p65,b004406,9,0.0005527425091713,592493900.1357234,592493.9001357234,352.7832708117704
p65,b006146,0,48.0,87126.24056457024,87.12624056457024,48.0
p65,b006164,1,0.3649911430857013,386709.3485846288,386.70934858462886,0.3649911430857013
p65,b006164,4,2.511515607038074,850826.0148314171,850.8260148314171,2.8765067501237755
p65,b006164,9,0.0005527425091713,592493900.1357234,592493.9001357234,2.877059492632947
p65,b006174,1,0.5752506823798595,386709.3485846288,386.70934858462886,0.5752506823798595
p65,b006174,4,2.511515607038074,850826.0148314171,850.8260148314171,3.086766289417934
p65,b006174,9,0.0005527425091713,592493900.1357234,592493.9001357234,3.0873190319271053
p65,b006226,3,5.836104846822224,587658.3454957609,587.658345495761,5.836104846822224
p65,b006226,4,2.511515607038074,850826.0148314171,850.8260148314171,8.347620453860298
p65,b006226,9,0.0005527425091713,592493900.1357234,592493.9001357234,8.34817319636947
p65,b006286,3,15.621206264523328,587658.3454957609,587.658345495761,15.621206264523328
p65,b006286,4,2.511515607038073,850826.0148314171,850.8260148314171,18.1327218715614
p65,b006286,9,0.0005527425091713,592493900.1357234,592493.9001357234,18.133274614070572
p65,b006289,3,3.0368832751445605,587658.3454957609,587.658345495761,3.0368832751445605
p65,b006289,4,2.511515607038075,850826.0148314171,850.8260148314171,5.548398882182635
p65,b006289,9,0.0005527425091713,592493900.1357234,592493.9001357234,5.5489516246918065
p65,b006300,4,2.511515607038064,850826.0148314171,850.8260148314171,2.511515607038064
p65,b006300,9,0.0005527425091713,592493900.1357234,592493.9001357234,2.5120683495472353
p65,b006305,4,2.511515607038064,850826.0148314171,850.8260148314171,2.511515607038064
p65,b006305,6,0.5947942782006412,12701744.787430378,12701.744787430378,3.106309885238705
p65,b006305,9,0.0005527425091713,592493900.1357234,592493.9001357234,3.1068626277478764
p65,b006308,0,128.16255658627864,87126.24056457024,87.12624056457024,128.16255658627864
p65,b006308,4,2.511515607038064,850826.0148314171,850.8260148314171,130.6740721933167
p65,b006308,5,49.51785268567919,2727482.2248781426,2727.4822248781425,180.1919248789959
p65,b006308,6,0.0241679078711167,12701744.787430378,12701.744787430378,180.216092786867
p65,b006308,9,0.0005527425091713,592493900.1357234,592493.9001357234,180.21664552937617
p65,b006355,4,3.1501274123398777,850826.0148314171,850.8260148314171,3.1501274123398777
p65,b006355,5,24.005819173556745,2727482.2248781426,2727.4822248781425,27.155946585896622
p65,b006355,7,0.0074086198590597,65389378.92766315,65389.37892766315,27.163355205755682
p65,b006355,9,0.0005527425091713,592493900.1357234,592493.9001357234,27.163907948264853
