region,asset_type,reeds_tech_candidate,fuel,prime_mover,available,asset_count,capacity_mw,active_power_mw
,GenericBattery,battery_4,,BA,False,1,6.0,0.0
,HydroDispatch,hydED,,HY,False,2,12.0,6.0
,RenewableDispatch,upv,,PVe,False,2,57.980000000000004,53.95
,StandardLoad,load,,,False,6,16.195999999999998,16.195999999999998
,ThermalStandard,o-g-s,OTHER,OT,False,1,0.0,0.0
pr10,RenewableFix,dupv,,PVe,True,34,34.87340592461497,34.87340592461497
pr10,StandardLoad,load,,,False,34,68.97500000000001,68.97500000000001
pr10,StandardLoad,load,,,True,34,86.382421092,67.61609251116667
pr100,GenericBattery,battery_4,,BA,False,1,9.562,0.0
pr100,RenewableDispatch,upv,,PVe,False,1,24.48,20.42
pr100,RenewableDispatch,upv,,PVe,True,3,780.0557545414945,780.0557545414945
pr100,RenewableFix,dupv,,PVe,True,17,17.956441530000003,17.956441530000003
pr100,StandardLoad,load,,,False,19,32.751000000000005,32.751000000000005
pr100,StandardLoad,load,,,True,17,59.42347663670834,46.90108735525
pr101,RenewableDispatch,upv,,PVe,True,1,41.40713643039924,41.40713643039924
pr101,RenewableFix,dupv,,PVe,True,8,8.528650769722402,8.528650769722402
pr101,StandardLoad,load,,,False,8,19.237000000000002,19.237000000000002
pr101,StandardLoad,load,,,True,8,13.701915268799999,10.910366843199998
pr101,ThermalStandard,o-g-s,DISTILLATE_FUEL_OIL,GT,True,2,41.99999999999999,18.0
pr101,ThermalStandard,o-g-s,RESIDUAL_FUEL_OIL,IC,False,2,2.0,0.0
pr102,RenewableDispatch,upv,,PVe,False,2,40.0,40.0
pr102,RenewableFix,dupv,,PVe,True,15,13.94039223132986,13.94039223132986
pr102,StandardLoad,load,,,False,15,32.187,32.187
pr102,StandardLoad,load,,,True,15,44.886170400702206,34.59031835836898
pr1025,RenewableDispatch,upv,,PVe,True,1,100.0,100.0
pr1025,RenewableFix,dupv,,PVe,True,1,2.84028914,2.84028914
pr1025,StandardLoad,load,,,False,1,5.4,5.4
pr1025,StandardLoad,load,,,True,1,2.4504860216666664,1.9522838349999998
pr103,RenewableFix,dupv,,PVe,True,11,8.405499223286682,8.405499223286682
pr103,StandardLoad,load,,,False,11,31.063000000000006,31.063000000000006
pr103,StandardLoad,load,,,True,11,30.68593842076471,24.160324670852937
pr1040,RenewableFix,dupv,,PVe,True,1,4.669145304944062,4.669145304944062
pr1040,StandardLoad,load,,,False,1,10.5,10.5
pr1040,StandardLoad,load,,,True,1,4.96737684137931,3.925511120689655
pr106,RenewableFix,dupv,,PVe,True,12,6.072158739999999,6.072158739999999
pr106,StandardLoad,load,,,False,12,53.132,53.132
pr106,StandardLoad,load,,,True,12,10.456165104,8.259543762000002
pr106,ThermalStandard,o-g-s,DISTILLATE_FUEL_OIL,CA,False,1,96.0,96.0
pr106,ThermalStandard,o-g-s,DISTILLATE_FUEL_OIL,CA,True,1,95.9,24.0
pr106,ThermalStandard,o-g-s,DISTILLATE_FUEL_OIL,CT,False,3,150.0,126.0
pr106,ThermalStandard,o-g-s,DISTILLATE_FUEL_OIL,CT,True,5,250.0,153.701
pr106,ThermalStandard,o-g-s,RESIDUAL_FUEL_OIL,ST,True,2,900.0,423.665
pr107,ThermalStandard,o-g-s,DISTILLATE_FUEL_OIL,GT,True,2,41.99999999999999,21.0
pr111,RenewableFix,dupv,,PVe,True,1,6.187810450000001,6.187810450000001
pr111,StandardLoad,load,,,False,1,16.195,16.195
pr111,StandardLoad,load,,,True,1,3.8089114333333334,2.9982147755555553
pr116,RenewableFix,dupv,,PVe,True,13,16.194315212642035,16.194315212642035
pr116,StandardLoad,load,,,False,14,24.081999999999997,24.081999999999997
pr116,StandardLoad,load,,,True,13,40.8032516666087,32.144738318
pr1206,RenewableDispatch,upv,,PVe,True,1,100.0,100.0
pr1206,RenewableFix,dupv,,PVe,True,1,9.18578573,9.18578573
pr1206,StandardLoad,load,,,False,1,14.829999999999998,14.829999999999998
pr1206,StandardLoad,load,,,True,1,5.828623982857143,4.609125252857143
pr127,RenewableFix,dupv,,PVe,True,1,10.77493065,10.77493065
pr127,StandardLoad,load,,,False,1,25.588,25.588
pr127,StandardLoad,load,,,True,1,4.2455050137096775,3.1162709637096775
pr14,RenewableDispatch,upv,,PVe,True,1,76.86,76.86
pr14,RenewableFix,dupv,,PVe,True,29,27.733479153864845,27.733479153864845
pr14,StandardLoad,load,,,False,29,88.322,88.322
pr14,StandardLoad,load,,,True,29,75.66209254335894,59.5540131003846
pr149,RenewableFix,dupv,,PVe,True,1,4.59345055,4.59345055
pr149,StandardLoad,load,,,False,1,50.0,50.0
pr149,StandardLoad,load,,,True,1,5.264656705,4.1745952915
pr153,RenewableFix,dupv,,PVe,True,14,13.403047438166555,13.403047438166555
pr153,StandardLoad,load,,,False,14,24.481,24.481
pr153,StandardLoad,load,,,True,14,45.76872288470588,34.83389894352941
pr16,HydroDispatch,hydED,,HY,False,1,5.000000000000001,0.0
pr16,RenewableFix,dupv,,PVe,True,7,5.649108753848555,5.649108753848555
pr16,StandardLoad,load,,,False,7,9.533999999999997,9.533999999999997
pr16,StandardLoad,load,,,True,7,14.898267029999998,11.84420938
pr167,RenewableDispatch,upv,,PVe,True,1,38.7,38.7
pr167,RenewableFix,dupv,,PVe,True,1,0.69188057,0.69188057
pr167,StandardLoad,load,,,False,1,1.8370000000000002,1.8370000000000002
pr167,StandardLoad,load,,,True,1,2.4877650953125,1.973074855
pr169,HydroDispatch,hydED,,HY,True,1,20.0,0.0
pr169,RenewableDispatch,upv,,PVe,True,1,50.0,50.0
pr169,RenewableDispatch,wind-ons,,WT,True,1,12.887399,12.887399
pr169,RenewableFix,dupv,,PVe,True,25,28.93046519938318,28.93046519938318
pr169,StandardLoad,load,,,False,25,57.65500000000001,57.65500000000001
pr169,StandardLoad,load,,,True,26,62.96443996366666,49.97459570810001
pr175,RenewableFix,dupv,,PVe,True,1,10.760428610000002,10.760428610000002
pr175,StandardLoad,load,,,False,1,23.395,23.395
pr175,StandardLoad,load,,,True,1,5.96920140125,4.72877376
pr177,RenewableFix,dupv,,PVe,True,1,3.517973370000001,3.517973370000001
pr177,StandardLoad,load,,,False,1,4.949,4.949
pr177,StandardLoad,load,,,True,1,7.5727502,5.958463473
pr18,RenewableFix,dupv,,PVe,True,16,14.698532845166799,14.698532845166799
pr18,StandardLoad,load,,,False,16,30.285999999999998,30.285999999999998
pr18,StandardLoad,load,,,True,16,42.83952621620001,32.85855132479999
pr18,ThermalStandard,o-g-s,OTHER_GAS,IC,True,3,4.0,1.8399999999999999
pr185,RenewableDispatch,upv,,PVe,True,1,35.0,35.0
pr185,RenewableFix,dupv,,PVe,True,1,0.68903311,0.68903311
pr185,StandardLoad,load,,,False,1,1.31,1.31
pr185,StandardLoad,load,,,True,1,2.4504860216666664,1.9522838349999998
pr190,RenewableFix,dupv,,PVe,True,1,18.53133649,18.53133649
pr190,StandardLoad,load,,,False,1,48.501,48.501
pr190,StandardLoad,load,,,True,1,3.8089114333333334,2.9982147755555553
pr2,HydroDispatch,hydED,,HY,False,1,8.0,1.7500000000000002
pr2,RenewableDispatch,upv,,PVe,True,2,162.81036533293985,162.81036533293985
pr2,RenewableDispatch,wind-ons,,WT,True,1,15.911399,15.911399
pr2,RenewableFix,dupv,,PVe,True,16,16.429308852521174,16.429308852521174
pr2,StandardLoad,load,,,False,16,43.339000000000006,43.339000000000006
pr2,StandardLoad,load,,,True,16,50.75868537031932,40.28054160212101
pr2,ThermalStandard,o-g-s,DISTILLATE_FUEL_OIL,GT,False,2,41.99999999999999,0.0
pr2,ThermalStandard,o-g-s,OTHER,ST,False,2,100.00000000000001,0.0
pr2,ThermalStandard,o-g-s,RESIDUAL_FUEL_OIL,ST,False,2,170.0,0.0
pr2002,RenewableDispatch,wind-ons,,WT,True,1,27.0,3.9999999999999996
pr204,GenericBattery,battery_4,,BA,True,2,143.3085614100411,143.3085614100411
pr21,RenewableFix,dupv,,PVe,True,32,65.63443617977664,65.63443617977664
pr21,StandardLoad,load,,,False,33,92.54200000000002,92.54200000000002
pr21,StandardLoad,load,,,True,32,155.2642817798388,122.40608462633865
pr211,RenewableFix,dupv,,PVe,True,7,17.20364653893509,17.20364653893509
pr211,StandardLoad,load,,,False,7,54.525,54.525
pr211,StandardLoad,load,,,True,7,31.42231496666666,24.86218649011111
pr213,HydroDispatch,hydED,,HY,False,2,11.4,4.447
pr213,RenewableFix,dupv,,PVe,True,8,12.66435762,12.66435762
pr213,StandardLoad,load,,,False,8,7.664,7.664
pr213,StandardLoad,load,,,True,8,17.437866292499997,13.970130326500001
pr23,RenewableFix,dupv,,PVe,True,1,4.19752519574133,4.19752519574133
pr23,StandardLoad,load,,,False,1,6.583,6.583
pr23,StandardLoad,load,,,True,1,5.39499724,4.272411096
pr231,RenewableFix,dupv,,PVe,True,10,10.745211855826955,10.745211855826955
pr231,StandardLoad,load,,,False,10,16.796,16.796
pr231,StandardLoad,load,,,True,10,36.90586954289855,29.181393337333333
pr233,RenewableFix,dupv,,PVe,True,1,4.82025333,4.82025333
pr233,StandardLoad,load,,,False,1,20.0,20.0
pr233,StandardLoad,load,,,True,1,2.659779135769231,2.0889401965384615
pr234,RenewableFix,dupv,,PVe,True,33,45.271199621860895,45.271199621860895
pr234,StandardLoad,load,,,False,33,81.65300000000002,81.65300000000002
pr234,StandardLoad,load,,,True,33,105.60362902714286,84.49522992714282
pr266,RenewableFix,dupv,,PVe,True,1,3.0651899300000003,3.0651899300000003
pr266,StandardLoad,load,,,False,1,7.661999999999999,7.661999999999999
pr266,StandardLoad,load,,,True,1,8.875256907,7.077445032
pr271,RenewableFix,dupv,,PVe,True,2,0.08405794,0.08405794
pr271,StandardLoad,load,,,False,2,0.22,0.22
pr271,StandardLoad,load,,,True,2,7.617822866666667,5.9964295511111105
pr275,RenewableFix,dupv,,PVe,True,4,2.963251090821699,2.963251090821699
pr275,StandardLoad,load,,,False,4,5.449,5.449
pr275,StandardLoad,load,,,True,4,7.229513193999999,5.74266767
pr280,RenewableFix,dupv,,PVe,True,1,9.73061973,9.73061973
pr280,StandardLoad,load,,,False,1,23.108,23.108
pr280,StandardLoad,load,,,True,1,4.2455050137096775,3.1162709637096775
pr281,RenewableFix,dupv,,PVe,True,1,1.81724528,1.81724528
pr281,StandardLoad,load,,,False,1,3.9510000000000005,3.9510000000000005
pr281,StandardLoad,load,,,True,1,5.96920140125,4.72877376
pr29,RenewableFix,dupv,,PVe,True,17,22.130143311723288,22.130143311723288
pr29,StandardLoad,load,,,False,18,48.762,48.762
pr29,StandardLoad,load,,,True,17,51.48911679463768,39.854897814000005
pr29,ThermalStandard,o-g-s,DISTILLATE_FUEL_OIL,GT,True,4,231.5,173.29999999999998
pr290,HydroDispatch,hydED,,HY,False,1,18.0,0.0
pr296,RenewableDispatch,upv,,PVe,True,1,383.76276791107773,383.76276791107773
pr296,RenewableFix,dupv,,PVe,True,16,22.1758334934324,22.1758334934324
pr296,StandardLoad,load,,,False,16,51.24700000000001,51.24700000000001
pr296,StandardLoad,load,,,True,16,35.82558068400001,28.611870194500007
pr3,RenewableFix,dupv,,PVe,True,31,25.308547898675755,25.308547898675755
pr3,StandardLoad,load,,,False,32,96.56000000000003,96.56000000000003
pr3,StandardLoad,load,,,True,31,85.14680847647061,67.03373003529414
pr310,RenewableFix,dupv,,PVe,True,1,10.892981540000001,10.892981540000001
pr310,StandardLoad,load,,,False,1,7.85,7.85
pr310,StandardLoad,load,,,True,1,10.5362312975,8.3736135675
pr313,GenericBattery,battery_4,,BA,False,1,4.5,0.0
pr313,RenewableDispatch,upv,,PVe,True,3,99.625,98.197
pr313,RenewableFix,dupv,,PVe,True,21,31.325941098810976,31.325941098810976
pr313,StandardLoad,load,,,False,22,67.86,67.86
pr313,StandardLoad,load,,,True,21,63.32323666058823,51.07030706411764
pr313,ThermalStandard,o-g-s,OTHER,OT,False,1,0.0,0.0
pr319,RenewableFix,dupv,,PVe,True,1,2.0398278100000002,2.0398278100000002
pr319,StandardLoad,load,,,False,1,18.51,18.51
pr319,StandardLoad,load,,,True,1,1.6820572242857144,1.3528431705714283
pr319,ThermalStandard,o-g-s,NATURAL_GAS,ST,True,3,506.8999999999999,445.3430000000001
pr32,RenewableFix,dupv,,PVe,True,22,37.511272284173046,37.511272284173046
pr32,StandardLoad,load,,,False,22,49.099,49.099
pr32,StandardLoad,load,,,True,22,71.21359067079169,56.022439372416656
pr321,RenewableDispatch,upv,,PVe,True,1,80.0,80.0
pr321,RenewableFix,dupv,,PVe,True,1,6.95052104,6.95052104
pr321,StandardLoad,load,,,False,1,26.0,26.0
pr321,StandardLoad,load,,,True,1,1.84132789,1.4528092990909092
pr321,ThermalStandard,coaloldscr,COAL,ST,True,2,520.0000000000001,437.0
pr335,RenewableDispatch,upv,,PVe,True,1,60.0,60.0
pr335,RenewableFix,dupv,,PVe,True,20,24.878402835257955,24.878402835257955
pr335,StandardLoad,load,,,False,20,47.891999999999996,47.891999999999996
pr335,StandardLoad,load,,,True,20,54.70224419979166,43.25267535
pr343,RenewableFix,dupv,,PVe,True,1,0.43635964000000005,0.43635964000000005
pr343,StandardLoad,load,,,False,1,1.083,1.083
pr343,StandardLoad,load,,,True,1,2.86514471,2.1817538754545454
pr35,RenewableFix,dupv,,PVe,True,7,19.90456822721558,19.90456822721558
pr35,StandardLoad,load,,,False,7,29.583,29.583
pr35,StandardLoad,load,,,True,8,34.07424084958333,26.82711655
pr352,RenewableFix,dupv,,PVe,True,1,8.47956071,8.47956071
pr352,StandardLoad,load,,,False,1,40.0,40.0
pr352,StandardLoad,load,,,True,1,2.96060590125,2.345122895
pr353,RenewableDispatch,wind-ons,,WT,True,1,11.070771253405212,11.070771253405212
pr353,RenewableFix,dupv,,PVe,True,3,11.27498624,11.27498624
pr353,StandardLoad,load,,,False,3,17.768,17.768
pr353,StandardLoad,load,,,True,3,16.373298232499998,12.906084384500002
pr378,RenewableFix,dupv,,PVe,True,16,10.4542761645594,10.4542761645594
pr378,StandardLoad,load,,,False,17,22.565,22.565
pr378,StandardLoad,load,,,True,16,56.41943317839217,44.62214142747712
pr378,ThermalStandard,o-g-s,OTHER_GAS,IC,True,3,4.0,2.4
pr38,HydroDispatch,hydED,,HY,False,2,19.0,15.291
pr38,RenewableFix,dupv,,PVe,True,8,6.011456075527025,6.011456075527025
pr38,StandardLoad,load,,,False,8,10.364,10.364
pr38,StandardLoad,load,,,True,8,20.100850391979165,15.805194941999996
pr392,RenewableFix,dupv,,PVe,True,11,21.85129160444103,21.85129160444103
pr392,StandardLoad,load,,,False,11,49.128,49.128
pr392,StandardLoad,load,,,True,11,46.700555150806444,34.27898060080645
pr40,RenewableDispatch,upv,,PVe,True,1,231.89602,231.89602
pr40,RenewableFix,dupv,,PVe,True,13,19.080837479215027,19.080837479215027
pr40,StandardLoad,load,,,False,14,50.35500000000001,50.35500000000001
pr40,StandardLoad,load,,,True,13,32.340946239062504,25.649973114999998
pr400,RenewableFix,dupv,,PVe,True,1,4.70666757,4.70666757
pr400,StandardLoad,load,,,False,1,9.081,9.081
pr400,StandardLoad,load,,,True,1,7.620873845000001,6.06266971
pr41,RenewableFix,dupv,,PVe,True,16,30.59456863050358,30.59456863050358
pr41,StandardLoad,load,,,False,16,40.665,40.665
pr41,StandardLoad,load,,,True,16,59.330802142500005,48.19167607000001
pr41,ThermalStandard,o-g-s,DISTILLATE_FUEL_OIL,GT,True,2,41.99999999999999,0.0
pr428,RenewableFix,dupv,,PVe,True,1,5.30817471,5.30817471
pr428,StandardLoad,load,,,False,1,14.06,14.06
pr428,StandardLoad,load,,,True,1,3.375525496521739,2.61418767
pr440,GenericBattery,battery_4,,BA,True,1,246.14819917241985,246.14819917241985
pr440,RenewableDispatch,upv,,PVe,True,1,20.0,20.0
pr440,RenewableFix,dupv,,PVe,True,3,0.7916891500000001,0.7916891500000001
pr440,StandardLoad,load,,,False,3,2.102,2.102
pr440,StandardLoad,load,,,True,3,7.4632952859375,5.9192245649999995
pr440,ThermalStandard,o-g-s,DISTILLATE_FUEL_OIL,GT,False,1,82.5,50.0
pr440,ThermalStandard,o-g-s,DISTILLATE_FUEL_OIL,GT,True,2,165.0,125.148
pr442,RenewableFix,dupv,,PVe,True,1,4.79267675,4.79267675
pr442,StandardLoad,load,,,False,1,8.92,8.92
pr442,StandardLoad,load,,,True,1,3.2691944917647056,2.4881356388235294
pr45,RenewableFix,dupv,,PVe,True,35,46.15851015871902,46.15851015871902
pr45,StandardLoad,load,,,False,35,116.64099999999999,116.64099999999999
pr45,StandardLoad,load,,,True,35,143.45196561171366,112.84529296772547
pr452,RenewableFix,dupv,,PVe,True,1,1.3658054099999999,1.3658054099999999
pr452,StandardLoad,load,,,False,1,2.542,2.542
pr452,StandardLoad,load,,,True,1,3.2691944917647056,2.4881356388235294
pr480,RenewableFix,dupv,,PVe,True,1,5.58098058,5.58098058
pr480,StandardLoad,load,,,False,1,12.134,12.134
pr480,StandardLoad,load,,,True,1,5.96920140125,4.72877376
pr489,RenewableFix,dupv,,PVe,True,1,0.01763222,0.01763222
pr489,StandardLoad,load,,,False,1,0.16,0.16
pr489,StandardLoad,load,,,True,1,1.6820572242857144,1.3528431705714283
pr492,RenewableFix,dupv,,PVe,True,1,4.4566741599999995,4.4566741599999995
pr492,StandardLoad,load,,,False,1,11.823,11.823
pr492,StandardLoad,load,,,True,1,3.129731799411765,2.522868304117647
pr5,RenewableFix,dupv,,PVe,True,1,1.43643549,1.43643549
pr5,StandardLoad,load,,,False,1,5.96,5.96
pr5,StandardLoad,load,,,True,1,2.659779135769231,2.0889401965384615
pr5,ThermalStandard,o-g-s,DISTILLATE_FUEL_OIL,GT,True,2,41.99999999999999,10.5
pr50,RenewableFix,dupv,,PVe,True,20,39.65584584149213,39.65584584149213
pr50,StandardLoad,load,,,False,20,93.99400000000001,93.99400000000001
pr50,StandardLoad,load,,,True,20,89.24133124021132,67.18086021607343
pr545,RenewableFix,dupv,,PVe,True,2,23.3079009,23.3079009
pr545,StandardLoad,load,,,False,2,56.047999999999995,56.047999999999995
pr545,StandardLoad,load,,,True,2,9.93475368275862,7.85102224137931
pr555,RenewableFix,dupv,,PVe,True,1,6.29362172,6.29362172
pr555,StandardLoad,load,,,False,1,8.213,8.213
pr555,StandardLoad,load,,,True,1,12.18585008,9.606932246
pr583,RenewableFix,dupv,,PVe,True,1,7.93396382,7.93396382
pr583,StandardLoad,load,,,False,1,15.75,15.75
pr583,StandardLoad,load,,,True,1,5.546111667741935,4.38885534516129
pr63,RenewableFix,dupv,,PVe,True,12,19.98533094780047,19.98533094780047
pr63,StandardLoad,load,,,False,12,52.14899999999999,52.14899999999999
pr63,StandardLoad,load,,,True,12,35.33977010912656,27.19618685752823
pr63,ThermalStandard,o-g-s,DISTILLATE_FUEL_OIL,GT,False,2,41.99999999999999,19.0
pr63,ThermalStandard,o-g-s,DISTILLATE_FUEL_OIL,GT,True,4,83.99999999999999,31.5
pr63,ThermalStandard,o-g-s,DISTILLATE_FUEL_OIL,ST,True,3,81.0,81.0
pr63,ThermalStandard,o-g-s,RESIDUAL_FUEL_OIL,ST,False,3,386.0,225.89999999999998
pr63,ThermalStandard,o-g-s,RESIDUAL_FUEL_OIL,ST,True,1,216.0,139.99999999999997
pr632,RenewableFix,dupv,,PVe,True,5,14.833426102402472,14.833426102402472
pr632,StandardLoad,load,,,False,5,35.226,35.226
pr632,StandardLoad,load,,,True,5,21.22752506854839,15.581354818548387
pr7200,RenewableDispatch,wind-ons,,WT,True,1,75.89999999999999,11.999999999999998
pr8,GenericBattery,battery_4,,BA,False,1,4.8,0.0
pr8,RenewableDispatch,upv,,PVe,False,1,17.8,17.8
pr8,RenewableDispatch,upv,,PVe,True,6,441.8105706159429,437.6105706159429
pr8,RenewableDispatch,wind-ons,,WT,True,1,31.34027034159859,31.34027034159859
pr8,RenewableFix,dupv,,PVe,True,32,23.67710691488307,23.67710691488307
pr8,StandardLoad,load,,,False,32,78.274,78.274
pr8,StandardLoad,load,,,True,32,63.68930166800003,50.54637049590908
pr8,ThermalStandard,o-g-s,DISTILLATE_FUEL_OIL,GT,True,2,41.99999999999999,20.48
pr82,GenericBattery,battery_4,,BA,False,1,2.0,0.0
pr82,RenewableDispatch,upv,,PVe,True,1,19.72,16.959
pr82,RenewableFix,dupv,,PVe,True,20,30.855061836175707,30.855061836175707
pr82,StandardLoad,load,,,False,20,95.35399999999998,95.35399999999998
pr82,StandardLoad,load,,,True,26,81.30364708804304,64.45530997169533
pr82,ThermalStandard,o-g-s,DISTILLATE_FUEL_OIL,IC,False,3,4.125,0.0
pr83,RenewableFix,dupv,,PVe,True,1,2.84027511,2.84027511
pr83,StandardLoad,load,,,False,1,5.48,5.48
pr83,StandardLoad,load,,,True,1,7.620873845000001,6.06266971
pr84,RenewableFix,dupv,,PVe,True,30,50.28288469663391,50.28288469663391
pr84,StandardLoad,load,,,False,31,113.13400000000001,113.13400000000001
pr84,StandardLoad,load,,,True,30,136.46939698951613,102.39621958145165
pr85,GenericBattery,battery_4,,BA,False,1,20.0,0.0
pr85,RenewableFix,dupv,,PVe,True,26,30.83207140045365,30.83207140045365
pr85,StandardLoad,load,,,False,26,63.107,63.107
pr85,StandardLoad,load,,,True,26,142.4125320667339,111.99207790403226
pr86,RenewableFix,dupv,,PVe,True,12,19.263325687597526,19.263325687597526
pr86,StandardLoad,load,,,False,12,45.746,45.746
pr86,StandardLoad,load,,,True,12,50.94606016451612,37.39525156451613
pr87,RenewableFix,dupv,,PVe,True,64,59.47675481876528,59.47675481876528
pr87,StandardLoad,load,,,False,64,142.52200000000005,142.52200000000005
pr87,StandardLoad,load,,,True,64,282.421447389548,212.10140596964195
pr88,RenewableFix,dupv,,PVe,True,4,28.3365816764569,28.3365816764569
pr88,StandardLoad,load,,,False,4,67.326,67.326
pr88,StandardLoad,load,,,True,4,16.98202005483871,12.46508385483871
pr88,ThermalStandard,o-g-s,DISTILLATE_FUEL_OIL,CA,True,2,125.7,83.0
pr88,ThermalStandard,o-g-s,DISTILLATE_FUEL_OIL,CT,True,2,284.6,245.0
pr88,ThermalStandard,o-g-s,RESIDUAL_FUEL_OIL,ST,False,4,400.0,151.142
pr902,RenewableFix,dupv,,PVe,True,1,0.38040249,0.38040249
pr902,StandardLoad,load,,,False,1,1.01,1.01
pr902,StandardLoad,load,,,True,1,2.4877650953125,1.973074855
pr93,RenewableDispatch,upv,,PVe,False,1,20.0,20.0
pr93,RenewableDispatch,upv,,PVe,True,1,123.508,123.508
pr93,RenewableFix,dupv,,PVe,True,26,33.44613665263109,33.44613665263109
pr93,StandardLoad,load,,,False,27,65.681,65.681
pr93,StandardLoad,load,,,True,26,112.95731281470583,90.99317759955883
pr96,RenewableFix,dupv,,PVe,True,2,4.3112811099999995,4.3112811099999995
pr96,StandardLoad,load,,,False,2,32.8,32.8
pr96,StandardLoad,load,,,True,2,4.0698179062857145,3.2238539033714284
pr96,ThermalStandard,o-g-s,NATURAL_GAS,ST,True,2,820.0,469.4890000000001
pr97014,RenewableDispatch,upv,,PVe,True,2,245.0,245.0
pr97021,GenericBattery,battery_4,,BA,False,1,5.0,0.0
pr97021,RenewableDispatch,upv,,PVe,True,1,44.99999999999999,38.699999999999996
pr97047,GenericBattery,battery_4,,BA,False,1,18.6,0.0
pr97047,RenewableDispatch,upv,,PVe,False,1,40.0,40.0
pr97047,RenewableDispatch,upv,,PVe,True,1,40.00000000000001,34.3
pr97047,RenewableFix,dupv,,PVe,True,1,0.018316960000000004,0.018316960000000004
pr97047,StandardLoad,load,,,False,1,0.076,0.076
pr97047,StandardLoad,load,,,True,1,2.659779135769231,2.0889401965384615
pr97064,RenewableDispatch,upv,,PVe,False,1,20.0,20.0
pr97094,RenewableDispatch,upv,,PVe,False,1,25.0,25.0
pr97134,RenewableDispatch,upv,,PVe,False,1,20.0,20.0
pr97144,RenewableDispatch,upv,,PVe,False,1,30.0,30.0
pr99,GenericBattery,battery_4,,BA,True,2,747.2062617745469,747.2062617745469
